TABLE->,QUAL-PROPS#1,QUAL-PROPS#1,QUAL-PROPS#1,QUAL-PROPS#1,QUAL-PROPS#1,QUAL-PROPS#1,QUAL-PROPS#1,QUAL-PROPS#1,QUAL-PROPS#1,QUAL-INPUT#1,QUAL-INPUT#1,QUAL-INPUT#1,QUAL-INPUT#1,QUAL-INPUT#1,QUAL-INPUT#1,QUAL-INPUT#1,QUAL-INPUT#1
VARS->,QSD,VPFW,VPFS,QSO,VQO,QIFW,VIQC,QAGW,VAQC,SQO,POTFW,POTFS,ACQOP,SQOLIM,WSQOP,IOQC,AOQC
A10001,1,0,0,1,0,1,0,1,0,0.004138,0.025730,0,0.000414,0.004138,0.500000,0.000026,0.181E-05
A10003,1,0,0,1,0,1,0,1,0,0.001297,0.009394,0,0.000129,0.001297,0.500000,0.939E-05,0.114E-05
A10005,1,0,0,1,0,1,0,1,0,0.006257,0.030928,0,0.000626,0.006257,0.500000,0.000031,0.154E-05
A11001,1,0,0,1,0,1,0,1,0,0.003571,0.024009,0,0.000357,0.003571,0.500000,0.000024,0.211E-05
A24001,1,0,0,1,0,1,0,1,0,0.005788,0.025429,0,0.000579,0.005788,0.500000,0.000026,0.506E-05
A24003,1,0,0,1,0,1,0,1,0,0.002059,0.012027,0,0.000206,0.002059,0.500000,0.000012,0.155E-05
A24005,1,0,0,1,0,1,0,1,0,0.004353,0.026516,0,0.000435,0.004353,0.500000,0.000026,0.146E-05
A24009,1,0,0,1,0,1,0,1,0,0.002478,0.014527,0,0.000248,0.002478,0.500000,0.000015,0.190E-05
A24011,1,0,0,1,0,1,0,1,0,0.001774,0.010315,0,0.000177,0.001774,0.500000,0.995E-05,0.167E-05
A24013,1,0,0,1,0,1,0,1,0,0.002891,0.017762,0,0.000289,0.002891,0.500000,0.000018,0.194E-05
A24015,1,0,0,1,0,1,0,1,0,0.003394,0.019836,0,0.000339,0.003394,0.500000,0.000020,0.190E-05
A24017,1,0,0,1,0,1,0,1,0,0.001616,0.010040,0,0.000162,0.001616,0.500000,0.000010,0.234E-05
A24019,1,0,0,1,0,1,0,1,0,0.001376,0.008464,0,0.000137,0.001376,0.500000,0.846E-05,0.180E-05
A24021,1,0,0,1,0,1,0,1,0,0.002679,0.017116,0,0.000268,0.002679,0.500000,0.000017,0.188E-05
A24023,1,0,0,1,0,1,0,1,0,0.002775,0.011854,0,0.000278,0.002775,0.500000,0.000012,0.193E-05
A24025,1,0,0,1,0,1,0,1,0,0.002965,0.018714,0,0.000296,0.002965,0.500000,0.000019,0.127E-05
A24027,1,0,0,1,0,1,0,1,0,0.004066,0.023081,0,0.000407,0.004066,0.500000,0.000023,0.180E-05
A24029,1,0,0,1,0,1,0,1,0,0.001453,0.009801,0,0.000146,0.001453,0.500000,0.000010,0.124E-05
A24031,1,0,0,1,0,1,0,1,0,0.004062,0.024832,0,0.000406,0.004062,0.500000,0.000025,0.186E-05
A24033,1,0,0,1,0,1,0,1,0,0.003106,0.018011,0,0.000310,0.003106,0.500000,0.000018,0.239E-05
A24035,1,0,0,1,0,1,0,1,0,0.002353,0.015932,0,0.000235,0.002353,0.500000,0.000016,0.132E-05
A24037,1,0,0,1,0,1,0,1,0,0.001998,0.013378,0,0.000200,0.001998,0.500000,0.000013,0.226E-05
A24039,1,0,0,1,0,1,0,1,0,0.003447,0.012832,0,0.000345,0.003447,0.500000,0.000013,0.304E-05
A24041,1,0,0,1,0,1,0,1,0,0.001410,0.009100,0,0.000141,0.001410,0.500000,0.910E-05,0.145E-05
A24043,1,0,0,1,0,1,0,1,0,0.023263,0.099407,0,0.002326,0.023263,0.500000,0.000099,0.208E-05
A24045,1,0,0,1,0,1,0,1,0,0.005426,0.019510,0,0.000543,0.005426,0.500000,0.000020,0.377E-05
A24047,1,0,0,1,0,1,0,1,0,0.002848,0.013963,0,0.000285,0.002848,0.500000,0.000014,0.266E-05
A24510,1,0,0,1,0,1,0,1,0,0.003282,0.018579,0,0.000328,0.003282,0.500000,0.000018,0.136E-05
A36003,1,0,0,1,0,1,0,1,0,0.001822,0.011140,0,0.000182,0.001822,0.500000,0.000011,0.272E-05
A36007,1,0,0,1,0,1,0,1,0,0.002297,0.013335,0,0.000229,0.002297,0.500000,0.000013,0.172E-05
A36015,1,0,0,1,0,1,0,1,0,0.002997,0.017071,0,0.000300,0.002997,0.500000,0.000017,0.322E-05
A36017,1,0,0,1,0,1,0,1,0,0.002087,0.011980,0,0.000208,0.002087,0.500000,0.000012,0.140E-05
A36023,1,0,0,1,0,1,0,1,0,0.002258,0.013355,0,0.000226,0.002258,0.500000,0.000013,0.125E-05
A36025,1,0,0,1,0,1,0,1,0,0.002071,0.011981,0,0.000207,0.002071,0.500000,0.000012,0.162E-05
A36043,1,0,0,1,0,1,0,1,0,0.001776,0.010206,0,0.000178,0.001776,0.500000,0.000010,0.140E-05
A36051,1,0,0,1,0,1,0,1,0,0.002435,0.013548,0,0.000243,0.002435,0.500000,0.000013,0.202E-05
A36053,1,0,0,1,0,1,0,1,0,0.002806,0.015504,0,0.000280,0.002806,0.500000,0.000015,0.136E-05
A36065,1,0,0,1,0,1,0,1,0,0.002370,0.013301,0,0.000237,0.002370,0.500000,0.000013,0.134E-05
A36067,1,0,0,1,0,1,0,1,0,0.002974,0.016357,0,0.000297,0.002974,0.500000,0.000017,0.127E-05
A36069,1,0,0,1,0,1,0,1,0,0.002914,0.015820,0,0.000291,0.002914,0.500000,0.000016,0.219E-05
A36077,1,0,0,1,0,1,0,1,0,0.002220,0.012714,0,0.000222,0.002220,0.500000,0.000013,0.149E-05
A36095,1,0,0,1,0,1,0,1,0,0.002220,0.012844,0,0.000222,0.002220,0.500000,0.000013,0.140E-05
A36097,1,0,0,1,0,1,0,1,0,0.002288,0.013033,0,0.000229,0.002288,0.500000,0.000013,0.227E-05
A36101,1,0,0,1,0,1,0,1,0,0.002515,0.015412,0,0.000252,0.002515,0.500000,0.000016,0.249E-05
A36107,1,0,0,1,0,1,0,1,0,0.002468,0.013782,0,0.000247,0.002468,0.500000,0.000014,0.221E-05
A36109,1,0,0,1,0,1,0,1,0,0.001844,0.010815,0,0.000184,0.001844,0.500000,0.000011,0.199E-05
A36123,1,0,0,1,0,1,0,1,0,0.002733,0.014766,0,0.000274,0.002733,0.500000,0.000015,0.222E-05
A37001,1,0,0,1,0,1,0,1,0,0.07,6.5,0,0.07,0.7,1.64,0.000624,0.000624
A37005,1,0,0,1,0,1,0,1,0,0.07,6.5,0,0.07,0.7,1.64,0.000624,0.000624
A37009,1,0,0,1,0,1,0,1,0,0.07,6.5,0,0.07,0.7,1.64,0.000624,0.000624
A37033,1,0,0,1,0,1,0,1,0,0.07,6.5,0,0.07,0.7,1.64,0.000624,0.000624
A37067,1,0,0,1,0,1,0,1,0,0.07,6.5,0,0.07,0.7,1.64,0.000624,0.000624
A37077,1,0,0,1,0,1,0,1,0,0.07,6.5,0,0.07,0.7,1.64,0.000624,0.000624
A37081,1,0,0,1,0,1,0,1,0,0.07,6.5,0,0.07,0.7,1.64,0.000624,0.000624
A37131,1,0,0,1,0,1,0,1,0,0.07,6.5,0,0.07,0.7,1.64,0.000624,0.000624
A37135,1,0,0,1,0,1,0,1,0,0.07,6.5,0,0.07,0.7,1.64,0.000624,0.000624
A37145,1,0,0,1,0,1,0,1,0,0.07,6.5,0,0.07,0.7,1.64,0.000624,0.000624
A37157,1,0,0,1,0,1,0,1,0,0.07,6.5,0,0.07,0.7,1.64,0.000624,0.000624
A37169,1,0,0,1,0,1,0,1,0,0.07,6.5,0,0.07,0.7,1.64,0.000624,0.000624
A37171,1,0,0,1,0,1,0,1,0,0.07,6.5,0,0.07,0.7,1.64,0.000624,0.000624
A37181,1,0,0,1,0,1,0,1,0,0.07,6.5,0,0.07,0.7,1.64,0.000624,0.000624
A37185,1,0,0,1,0,1,0,1,0,0.07,6.5,0,0.07,0.7,1.64,0.000624,0.000624
A37189,1,0,0,1,0,1,0,1,0,0.07,6.5,0,0.07,0.7,1.64,0.000624,0.000624
A42001,1,0,0,1,0,1,0,1,0,0.005091,0.019267,0,0.000509,0.005091,0.500000,0.000019,0.529E-05
A42009,1,0,0,1,0,1,0,1,0,0.004535,0.019301,0,0.000454,0.004535,0.500000,0.000019,0.269E-05
A42011,1,0,0,1,0,1,0,1,0,0.003399,0.012923,0,0.000340,0.003399,0.500000,0.000013,0.256E-05
A42013,1,0,0,1,0,1,0,1,0,0.006345,0.024275,0,0.000635,0.006345,0.500000,0.000025,0.240E-05
A42015,1,0,0,1,0,1,0,1,0,0.004594,0.020003,0,0.000459,0.004594,0.500000,0.000020,0.311E-05
A42021,1,0,0,1,0,1,0,1,0,0.003063,0.013740,0,0.000306,0.003063,0.500000,0.000014,0.186E-05
A42023,1,0,0,1,0,1,0,1,0,0.009166,0.021343,0,0.000917,0.009166,0.500000,0.000021,0.402E-05
A42025,1,0,0,1,0,1,0,1,0,0.001703,0.007612,0,0.000171,0.001703,0.500000,0.761E-05,0.232E-05
A42027,1,0,0,1,0,1,0,1,0,0.007912,0.033285,0,0.000791,0.007912,0.500000,0.000033,0.187E-05
A42029,1,0,0,1,0,1,0,1,0,0.006126,0.023636,0,0.000613,0.006126,0.500000,0.000023,0.248E-05
A42033,1,0,0,1,0,1,0,1,0,0.003804,0.016824,0,0.000380,0.003804,0.500000,0.000017,0.174E-05
A42035,1,0,0,1,0,1,0,1,0,0.004023,0.016326,0,0.000403,0.004023,0.500000,0.000016,0.193E-05
A42037,1,0,0,1,0,1,0,1,0,0.003002,0.013588,0,0.000300,0.003002,0.500000,0.000013,0.183E-05
A42041,1,0,0,1,0,1,0,1,0,0.005405,0.022260,0,0.000540,0.005405,0.500000,0.000022,0.245E-05
A42043,1,0,0,1,0,1,0,1,0,0.006110,0.023032,0,0.000610,0.006110,0.500000,0.000023,0.347E-05
A42047,1,0,0,1,0,1,0,1,0,0.002614,0.011724,0,0.000262,0.002614,0.500000,0.000012,0.208E-05
A42055,1,0,0,1,0,1,0,1,0,0.009482,0.036096,0,0.000947,0.009482,0.500000,0.000037,0.243E-05
A42057,1,0,0,1,0,1,0,1,0,0.005145,0.021829,0,0.000515,0.005145,0.500000,0.000022,0.381E-05
A42061,1,0,0,1,0,1,0,1,0,0.005241,0.021438,0,0.000524,0.005241,0.500000,0.000021,0.274E-05
A42063,1,0,0,1,0,1,0,1,0,0.003154,0.013769,0,0.000315,0.003154,0.500000,0.000014,0.202E-05
A42065,1,0,0,1,0,1,0,1,0,0.002767,0.012439,0,0.000277,0.002767,0.500000,0.000013,0.201E-05
A42067,1,0,0,1,0,1,0,1,0,0.007591,0.026225,0,0.000759,0.007591,0.500000,0.000027,0.348E-05
A42069,1,0,0,1,0,1,0,1,0,0.004436,0.019179,0,0.000443,0.004436,0.500000,0.000019,0.192E-05
A42071,1,0,0,1,0,1,0,1,0,0.014463,0.045737,0,0.001446,0.014463,0.500000,0.000045,0.286E-05
A42075,1,0,0,1,0,1,0,1,0,0.016885,0.054288,0,0.001688,0.016885,0.500000,0.000055,0.233E-05
A42079,1,0,0,1,0,1,0,1,0,0.004462,0.019698,0,0.000446,0.004462,0.500000,0.000020,0.203E-05
A42081,1,0,0,1,0,1,0,1,0,0.003428,0.015037,0,0.000343,0.003428,0.500000,0.000015,0.176E-05
A42083,1,0,0,1,0,1,0,1,0,0.002246,0.009832,0,0.000224,0.002246,0.500000,0.972E-05,0.213E-05
A42087,1,0,0,1,0,1,0,1,0,0.005378,0.019972,0,0.000537,0.005378,0.500000,0.000020,0.260E-05
A42093,1,0,0,1,0,1,0,1,0,0.003644,0.016165,0,0.000365,0.003644,0.500000,0.000016,0.375E-05
A42097,1,0,0,1,0,1,0,1,0,0.006742,0.027225,0,0.000674,0.006742,0.500000,0.000028,0.182E-05
A42099,1,0,0,1,0,1,0,1,0,0.004827,0.019339,0,0.000483,0.004827,0.500000,0.000019,0.249E-05
A42105,1,0,0,1,0,1,0,1,0,0.003413,0.014583,0,0.000341,0.003413,0.500000,0.000014,0.227E-05
A42107,1,0,0,1,0,1,0,1,0,0.004828,0.018780,0,0.000482,0.004828,0.500000,0.000019,0.200E-05
A42109,1,0,0,1,0,1,0,1,0,0.005893,0.021461,0,0.000589,0.005893,0.500000,0.000022,0.315E-05
A42111,1,0,0,1,0,1,0,1,0,0.004023,0.017412,0,0.000403,0.004023,0.500000,0.000017,0.226E-05
A42113,1,0,0,1,0,1,0,1,0,0.003394,0.014407,0,0.000339,0.003394,0.500000,0.000014,0.182E-05
A42115,1,0,0,1,0,1,0,1,0,0.003537,0.015012,0,0.000354,0.003537,0.500000,0.000015,0.210E-05
A42117,1,0,0,1,0,1,0,1,0,0.004851,0.021410,0,0.000485,0.004851,0.500000,0.000022,0.265E-05
A42119,1,0,0,1,0,1,0,1,0,0.004015,0.014540,0,0.000402,0.004015,0.500000,0.000015,0.219E-05
A42127,1,0,0,1,0,1,0,1,0,0.002386,0.010384,0,0.000239,0.002386,0.500000,0.000010,0.160E-05
A42131,1,0,0,1,0,1,0,1,0,0.004943,0.021862,0,0.000494,0.004943,0.500000,0.000022,0.282E-05
A42133,1,0,0,1,0,1,0,1,0,0.006165,0.024143,0,0.000617,0.006165,0.500000,0.000024,0.274E-05
A47091,1,0,0,1,0,1,0,1,0,0.07,6.5,0,0.07,0.7,1.64,0.000624,0.000624
A47163,1,0,0,1,0,1,0,1,0,0.07,6.5,0,0.07,0.7,1.64,0.000624,0.000624
A51001,1,0,0,1,0,1,0,1,0,0.003241,0.012682,0,0.000324,0.003241,0.500000,0.000013,0.286E-05
A51003,1,0,0,1,0,1,0,1,0,0.008708,0.030864,0,0.000871,0.008708,0.500000,0.000031,0.320E-05
A51005,1,0,0,1,0,1,0,1,0,0.005781,0.025671,0,0.000578,0.005781,0.500000,0.000025,0.330E-05
A51007,1,0,0,1,0,1,0,1,0,0.011289,0.031148,0,0.001129,0.011289,0.500000,0.000032,0.795E-05
A51009,1,0,0,1,0,1,0,1,0,0.009596,0.033389,0,0.000960,0.009596,0.500000,0.000033,0.282E-05
A51011,1,0,0,1,0,1,0,1,0,0.009020,0.031385,0,0.000902,0.009020,0.500000,0.000031,0.405E-05
A51013,1,0,0,1,0,1,0,1,0,0.005893,0.018512,0,0.000589,0.005893,0.500000,0.000019,0.342E-05
A51015,1,0,0,1,0,1,0,1,0,0.015772,0.046803,0,0.001578,0.015772,0.500000,0.000047,0.380E-05
A51017,1,0,0,1,0,1,0,1,0,0.008606,0.030112,0,0.000860,0.008606,0.500000,0.000030,0.358E-05
A51019,1,0,0,1,0,1,0,1,0,0.010314,0.035330,0,0.001032,0.010314,0.500000,0.000035,0.365E-05
A51021,1,0,0,1,0,1,0,1,0,0.07,6.5,0,0.07,0.7,1.64,0.000624,0.000624
A51023,1,0,0,1,0,1,0,1,0,0.007839,0.027465,0,0.000783,0.007839,0.500000,0.000027,0.344E-05
A51025,1,0,0,1,0,1,0,1,0,0.07,6.5,0,0.07,0.7,1.64,0.000624,0.000624
A51027,1,0,0,1,0,1,0,1,0,0.07,6.5,0,0.07,0.7,1.64,0.000624,0.000624
A51029,1,0,0,1,0,1,0,1,0,0.008999,0.028609,0,0.000900,0.008999,0.500000,0.000028,0.514E-05
A51031,1,0,0,1,0,1,0,1,0,0.007654,0.028518,0,0.000765,0.007654,0.500000,0.000029,0.396E-05
A51033,1,0,0,1,0,1,0,1,0,0.009320,0.034498,0,0.000933,0.009320,0.500000,0.000035,0.359E-05
A51035,1,0,0,1,0,1,0,1,0,0.07,6.5,0,0.07,0.7,1.64,0.000624,0.000624
A51036,1,0,0,1,0,1,0,1,0,0.005814,0.021944,0,0.000581,0.005814,0.500000,0.000022,0.371E-05
A51037,1,0,0,1,0,1,0,1,0,0.07,6.5,0,0.07,0.7,1.64,0.000624,0.000624
A51041,1,0,0,1,0,1,0,1,0,0.010648,0.034856,0,0.001065,0.010648,0.500000,0.000035,0.533E-05
A51043,1,0,0,1,0,1,0,1,0,0.010434,0.036175,0,0.001043,0.010434,0.500000,0.000036,0.514E-05
A51045,1,0,0,1,0,1,0,1,0,0.008614,0.030021,0,0.000861,0.008614,0.500000,0.000030,0.292E-05
A51047,1,0,0,1,0,1,0,1,0,0.010354,0.035738,0,0.001035,0.010354,0.500000,0.000036,0.348E-05
A51049,1,0,0,1,0,1,0,1,0,0.011316,0.030897,0,0.001132,0.011316,0.500000,0.000031,0.636E-05
A51051,1,0,0,1,0,1,0,1,0,0.07,6.5,0,0.07,0.7,1.64,0.000624,0.000624
A51053,1,0,0,1,0,1,0,1,0,0.009687,0.029101,0,0.000968,0.009687,0.500000,0.000029,0.645E-05
A51057,1,0,0,1,0,1,0,1,0,0.011234,0.039941,0,0.001123,0.011234,0.500000,0.000040,0.286E-05
A51059,1,0,0,1,0,1,0,1,0,0.013556,0.041148,0,0.001356,0.013556,0.500000,0.000041,0.465E-05
A51061,1,0,0,1,0,1,0,1,0,0.007346,0.025318,0,0.000735,0.007346,0.500000,0.000025,0.529E-05
A51063,1,0,0,1,0,1,0,1,0,0.07,6.5,0,0.07,0.7,1.64,0.000624,0.000624
A51065,1,0,0,1,0,1,0,1,0,0.010213,0.036234,0,0.001021,0.010213,0.500000,0.000037,0.440E-05
A51067,1,0,0,1,0,1,0,1,0,0.07,6.5,0,0.07,0.7,1.64,0.000624,0.000624
A51069,1,0,0,1,0,1,0,1,0,0.010088,0.034513,0,0.001008,0.010088,0.500000,0.000035,0.544E-05
A51071,1,0,0,1,0,1,0,1,0,0.007720,0.026353,0,0.000772,0.007720,0.500000,0.000026,0.315E-05
A51073,1,0,0,1,0,1,0,1,0,0.004691,0.016197,0,0.000469,0.004691,0.500000,0.000016,0.250E-05
A51075,1,0,0,1,0,1,0,1,0,0.009011,0.029349,0,0.000901,0.009011,0.500000,0.000029,0.512E-05
A51077,1,0,0,1,0,1,0,1,0,0.07,6.5,0,0.07,0.7,1.64,0.000624,0.000624
A51079,1,0,0,1,0,1,0,1,0,0.010763,0.032684,0,0.001076,0.010763,0.500000,0.000033,0.401E-05
A51081,1,0,0,1,0,1,0,1,0,0.07,6.5,0,0.07,0.7,1.64,0.000624,0.000624
A51083,1,0,0,1,0,1,0,1,0,0.07,6.5,0,0.07,0.7,1.64,0.000624,0.000624
A51085,1,0,0,1,0,1,0,1,0,0.009688,0.033548,0,0.000969,0.009688,0.500000,0.000033,0.385E-05
A51087,1,0,0,1,0,1,0,1,0,0.008312,0.027810,0,0.000832,0.008312,0.500000,0.000028,0.425E-05
A51089,1,0,0,1,0,1,0,1,0,0.07,6.5,0,0.07,0.7,1.64,0.000624,0.000624
A51091,1,0,0,1,0,1,0,1,0,0.006479,0.021063,0,0.000648,0.006479,0.500000,0.000021,0.377E-05
A51093,1,0,0,1,0,1,0,1,0,0.013002,0.056726,0,0.001300,0.013002,0.500000,0.000057,0.182E-05
A51095,1,0,0,1,0,1,0,1,0,0.005114,0.016748,0,0.000512,0.005114,0.500000,0.000017,0.261E-05
A51097,1,0,0,1,0,1,0,1,0,0.011976,0.043040,0,0.001197,0.011976,0.500000,0.000043,0.332E-05
A51099,1,0,0,1,0,1,0,1,0,0.005807,0.021311,0,0.000580,0.005807,0.500000,0.000021,0.237E-05
A51101,1,0,0,1,0,1,0,1,0,0.011114,0.039539,0,0.001112,0.011114,0.500000,0.000040,0.354E-05
A51103,1,0,0,1,0,1,0,1,0,0.003634,0.014491,0,0.000363,0.003634,0.500000,0.000015,0.257E-05
A51105,1,0,0,1,0,1,0,1,0,0.07,6.5,0,0.07,0.7,1.64,0.000624,0.000624
A51107,1,0,0,1,0,1,0,1,0,0.009500,0.033012,0,0.000951,0.009500,0.500000,0.000033,0.371E-05
A51109,1,0,0,1,0,1,0,1,0,0.006617,0.021792,0,0.000662,0.006617,0.500000,0.000022,0.716E-05
A51111,1,0,0,1,0,1,0,1,0,0.07,6.5,0,0.07,0.7,1.64,0.000624,0.000624
A51113,1,0,0,1,0,1,0,1,0,0.011069,0.035511,0,0.001107,0.011069,0.500000,0.000036,0.300E-05
A51115,1,0,0,1,0,1,0,1,0,0.004799,0.016812,0,0.000480,0.004799,0.500000,0.000017,0.241E-05
A51117,1,0,0,1,0,1,0,1,0,0.07,6.5,0,0.07,0.7,1.64,0.000624,0.000624
A51119,1,0,0,1,0,1,0,1,0,0.005213,0.017823,0,0.000521,0.005213,0.500000,0.000018,0.257E-05
A51121,1,0,0,1,0,1,0,1,0,0.010309,0.034678,0,0.001030,0.010309,0.500000,0.000034,0.374E-05
A51125,1,0,0,1,0,1,0,1,0,0.006853,0.024205,0,0.000686,0.006853,0.500000,0.000024,0.215E-05
A51127,1,0,0,1,0,1,0,1,0,0.007960,0.026449,0,0.000797,0.007960,0.500000,0.000027,0.419E-05
A51131,1,0,0,1,0,1,0,1,0,0.001350,0.008210,0,0.000135,0.001350,0.500000,0.821E-05,0.176E-05
A51133,1,0,0,1,0,1,0,1,0,0.004459,0.016193,0,0.000446,0.004459,0.500000,0.000016,0.286E-05
A51135,1,0,0,1,0,1,0,1,0,0.011245,0.032377,0,0.001124,0.011245,0.500000,0.000032,0.614E-05
A51137,1,0,0,1,0,1,0,1,0,0.010043,0.033421,0,0.001004,0.010043,0.500000,0.000033,0.507E-05
A51139,1,0,0,1,0,1,0,1,0,0.028620,0.062432,0,0.002862,0.028620,0.500000,0.000062,0.618E-05
A51141,1,0,0,1,0,1,0,1,0,0.07,6.5,0,0.07,0.7,1.64,0.000624,0.000624
A51143,1,0,0,1,0,1,0,1,0,0.07,6.5,0,0.07,0.7,1.64,0.000624,0.000624
A51145,1,0,0,1,0,1,0,1,0,0.007632,0.024687,0,0.000763,0.007632,0.500000,0.000025,0.539E-05
A51147,1,0,0,1,0,1,0,1,0,0.009512,0.030784,0,0.000951,0.009512,0.500000,0.000031,0.563E-05
A51149,1,0,0,1,0,1,0,1,0,0.009038,0.031144,0,0.000904,0.009038,0.500000,0.000031,0.302E-05
A51153,1,0,0,1,0,1,0,1,0,0.008787,0.028024,0,0.000879,0.008787,0.500000,0.000028,0.579E-05
A51155,1,0,0,1,0,1,0,1,0,0.07,6.5,0,0.07,0.7,1.64,0.000624,0.000624
A51157,1,0,0,1,0,1,0,1,0,0.006461,0.022536,0,0.000646,0.006461,0.500000,0.000023,0.283E-05
A51159,1,0,0,1,0,1,0,1,0,0.008508,0.029330,0,0.000851,0.008508,0.500000,0.000030,0.341E-05
A51161,1,0,0,1,0,1,0,1,0,0.010984,0.033954,0,0.001098,0.010984,0.500000,0.000034,0.384E-05
A51163,1,0,0,1,0,1,0,1,0,0.009142,0.030625,0,0.000915,0.009142,0.500000,0.000031,0.375E-05
A51165,1,0,0,1,0,1,0,1,0,0.029040,0.063868,0,0.002903,0.029040,0.500000,0.000063,0.627E-05
A51167,1,0,0,1,0,1,0,1,0,0.07,6.5,0,0.07,0.7,1.64,0.000624,0.000624
A51169,1,0,0,1,0,1,0,1,0,0.07,6.5,0,0.07,0.7,1.64,0.000624,0.000624
A51171,1,0,0,1,0,1,0,1,0,0.016112,0.046510,0,0.001611,0.016112,0.500000,0.000047,0.539E-05
A51173,1,0,0,1,0,1,0,1,0,0.07,6.5,0,0.07,0.7,1.64,0.000624,0.000624
A51175,1,0,0,1,0,1,0,1,0,0.07,6.5,0,0.07,0.7,1.64,0.000624,0.000624
A51177,1,0,0,1,0,1,0,1,0,0.007677,0.026748,0,0.000768,0.007677,0.500000,0.000027,0.654E-05
A51179,1,0,0,1,0,1,0,1,0,0.008028,0.026055,0,0.000803,0.008028,0.500000,0.000026,0.535E-05
A51181,1,0,0,1,0,1,0,1,0,0.005600,0.023304,0,0.000560,0.005600,0.500000,0.000024,0.237E-05
A51183,1,0,0,1,0,1,0,1,0,0.07,6.5,0,0.07,0.7,1.64,0.000624,0.000624
A51185,1,0,0,1,0,1,0,1,0,0.07,6.5,0,0.07,0.7,1.64,0.000624,0.000624
A51187,1,0,0,1,0,1,0,1,0,0.010125,0.036554,0,0.001013,0.010125,0.500000,0.000037,0.480E-05
A51191,1,0,0,1,0,1,0,1,0,0.07,6.5,0,0.07,0.7,1.64,0.000624,0.000624
A51193,1,0,0,1,0,1,0,1,0,0.007590,0.027780,0,0.000759,0.007590,0.500000,0.000028,0.309E-05
A51195,1,0,0,1,0,1,0,1,0,0.07,6.5,0,0.07,0.7,1.64,0.000624,0.000624
A51197,1,0,0,1,0,1,0,1,0,0.07,6.5,0,0.07,0.7,1.64,0.000624,0.000624
A51199,1,0,0,1,0,1,0,1,0,0.007034,0.020425,0,0.000703,0.007034,0.500000,0.000021,0.271E-05
A51510,1,0,0,1,0,1,0,1,0,0.034555,0.120142,0,0.003455,0.034555,0.500000,0.000120,0.281E-05
A51515,1,0,0,1,0,1,0,1,0,0.07,6.5,0,0.07,0.7,1.64,0.000624,0.000624
A51520,1,0,0,1,0,1,0,1,0,0.07,6.5,0,0.07,0.7,1.64,0.000624,0.000624
A51530,1,0,0,1,0,1,0,1,0,0.010329,0.036703,0,0.001033,0.010329,0.500000,0.000036,0.416E-05
A51540,1,0,0,1,0,1,0,1,0,0.008800,0.030991,0,0.000880,0.008800,0.500000,0.000031,0.490E-05
A51550,1,0,0,1,0,1,0,1,0,0.005967,0.019642,0,0.000597,0.005967,0.500000,0.000019,0.232E-05
A51570,1,0,0,1,0,1,0,1,0,0.006257,0.021902,0,0.000626,0.006257,0.500000,0.000022,0.245E-05
A51580,1,0,0,1,0,1,0,1,0,0.009718,0.034458,0,0.000972,0.009718,0.500000,0.000035,0.437E-05
A51590,1,0,0,1,0,1,0,1,0,0.07,6.5,0,0.07,0.7,1.64,0.000624,0.000624
A51595,1,0,0,1,0,1,0,1,0,0.07,6.5,0,0.07,0.7,1.64,0.000624,0.000624
A51600,1,0,0,1,0,1,0,1,0,0.008006,0.027569,0,0.000800,0.008006,0.500000,0.000027,0.514E-05
A51610,1,0,0,1,0,1,0,1,0,0.028591,0.098266,0,0.002859,0.028591,0.500000,0.000098,0.259E-05
A51620,1,0,0,1,0,1,0,1,0,0.07,6.5,0,0.07,0.7,1.64,0.000624,0.000624
A51630,1,0,0,1,0,1,0,1,0,0.010920,0.038183,0,0.001092,0.010920,0.500000,0.000038,0.532E-05
A51640,1,0,0,1,0,1,0,1,0,0.07,6.5,0,0.07,0.7,1.64,0.000624,0.000624
A51650,1,0,0,1,0,1,0,1,0,0.005157,0.018555,0,0.000516,0.005157,0.500000,0.000018,0.217E-05
A51660,1,0,0,1,0,1,0,1,0,0.015969,0.054907,0,0.001596,0.015969,0.500000,0.000055,0.302E-05
A51670,1,0,0,1,0,1,0,1,0,0.007105,0.023777,0,0.000711,0.007105,0.500000,0.000024,0.257E-05
A51678,1,0,0,1,0,1,0,1,0,0.009345,0.033181,0,0.000934,0.009345,0.500000,0.000033,0.383E-05
A51680,1,0,0,1,0,1,0,1,0,0.010053,0.035556,0,0.001005,0.010053,0.500000,0.000035,0.359E-05
A51683,1,0,0,1,0,1,0,1,0,0.005012,0.017426,0,0.000501,0.005012,0.500000,0.000018,0.323E-05
A51685,1,0,0,1,0,1,0,1,0,0.005121,0.017785,0,0.000512,0.005121,0.500000,0.000018,0.322E-05
A51690,1,0,0,1,0,1,0,1,0,0.07,6.5,0,0.07,0.7,1.64,0.000624,0.000624
A51700,1,0,0,1,0,1,0,1,0,0.005157,0.018226,0,0.000516,0.005157,0.500000,0.000018,0.216E-05
A51710,1,0,0,1,0,1,0,1,0,0.005097,0.017858,0,0.000510,0.005097,0.500000,0.000018,0.223E-05
A51720,1,0,0,1,0,1,0,1,0,0.07,6.5,0,0.07,0.7,1.64,0.000624,0.000624
A51730,1,0,0,1,0,1,0,1,0,0.009457,0.033275,0,0.000945,0.009457,0.500000,0.000033,0.318E-05
A51735,1,0,0,1,0,1,0,1,0,0.005165,0.018653,0,0.000516,0.005165,0.500000,0.000018,0.215E-05
A51740,1,0,0,1,0,1,0,1,0,0.005120,0.017907,0,0.000512,0.005120,0.500000,0.000018,0.226E-05
A51750,1,0,0,1,0,1,0,1,0,0.07,6.5,0,0.07,0.7,1.64,0.000624,0.000624
A51760,1,0,0,1,0,1,0,1,0,0.008226,0.028677,0,0.000822,0.008226,0.500000,0.000028,0.424E-05
A51770,1,0,0,1,0,1,0,1,0,0.07,6.5,0,0.07,0.7,1.64,0.000624,0.000624
A51775,1,0,0,1,0,1,0,1,0,0.07,6.5,0,0.07,0.7,1.64,0.000624,0.000624
A51790,1,0,0,1,0,1,0,1,0,0.012397,0.043567,0,0.001240,0.012397,0.500000,0.000044,0.415E-05
A51800,1,0,0,1,0,1,0,1,0,0.005357,0.018857,0,0.000535,0.005357,0.500000,0.000019,0.532E-05
A51810,1,0,0,1,0,1,0,1,0,0.004519,0.016656,0,0.000452,0.004519,0.500000,0.000017,0.211E-05
A51820,1,0,0,1,0,1,0,1,0,0.006408,0.022441,0,0.000641,0.006408,0.500000,0.000023,0.213E-05
A51830,1,0,0,1,0,1,0,1,0,0.004538,0.016062,0,0.000454,0.004538,0.500000,0.000016,0.239E-05
A51840,1,0,0,1,0,1,0,1,0,0.010379,0.036422,0,0.001038,0.010379,0.500000,0.000036,0.506E-05
A54003,1,0,0,1,0,1,0,1,0,0.008941,0.036052,0,0.000894,0.008941,0.500000,0.000036,0.288E-05
A54023,1,0,0,1,0,1,0,1,0,0.004252,0.014628,0,0.000426,0.004252,0.500000,0.000015,0.224E-05
A54027,1,0,0,1,0,1,0,1,0,0.007343,0.030360,0,0.000734,0.007343,0.500000,0.000031,0.405E-05
A54031,1,0,0,1,0,1,0,1,0,0.009284,0.029962,0,0.000928,0.009284,0.500000,0.000030,0.493E-05
A54037,1,0,0,1,0,1,0,1,0,0.011833,0.045199,0,0.001183,0.011833,0.500000,0.000046,0.319E-05
A54057,1,0,0,1,0,1,0,1,0,0.006359,0.025036,0,0.000636,0.006359,0.500000,0.000025,0.300E-05
A54063,1,0,0,1,0,1,0,1,0,0.005621,0.022873,0,0.000562,0.005621,0.500000,0.000023,0.358E-05
A54065,1,0,0,1,0,1,0,1,0,0.004750,0.020459,0,0.000475,0.004750,0.500000,0.000021,0.369E-05
A54071,1,0,0,1,0,1,0,1,0,0.011788,0.039200,0,0.001179,0.011788,0.500000,0.000039,0.515E-05
A54077,1,0,0,1,0,1,0,1,0,0.001345,0.005684,0,0.000135,0.001345,0.500000,0.569E-05,0.191E-05
A54093,1,0,0,1,0,1,0,1,0,0.001224,0.005098,0,0.000122,0.001224,0.500000,0.510E-05,0.181E-05
B24001,1,0,0,1,0,1,0,1,0,0.004874,0.021300,0,0.000487,0.004874,0.500000,0.000022,0.248E-05
B24021,1,0,0,1,0,1,0,1,0,0.002652,0.016963,0,0.000265,0.002652,0.500000,0.000017,0.158E-05
B37005,1,0,0,1,0,1,0,1,0,0.07,6.5,0,0.07,0.7,1.64,0.000624,0.000624
B37009,1,0,0,1,0,1,0,1,0,0.07,6.5,0,0.07,0.7,1.64,0.000624,0.000624
B42001,1,0,0,1,0,1,0,1,0,0.002934,0.011108,0,0.000294,0.002934,0.500000,0.000011,0.413E-05
B42009,1,0,0,1,0,1,0,1,0,0.004075,0.017331,0,0.000408,0.004075,0.500000,0.000017,0.285E-05
B42015,1,0,0,1,0,1,0,1,0,0.003745,0.016248,0,0.000375,0.003745,0.500000,0.000016,0.272E-05
B42027,1,0,0,1,0,1,0,1,0,0.004717,0.019860,0,0.000472,0.004717,0.500000,0.000020,0.172E-05
B42035,1,0,0,1,0,1,0,1,0,0.005152,0.020800,0,0.000515,0.005152,0.500000,0.000021,0.233E-05
B42041,1,0,0,1,0,1,0,1,0,0.008822,0.036287,0,0.000882,0.008822,0.500000,0.000036,0.185E-05
B42043,1,0,0,1,0,1,0,1,0,0.005332,0.019912,0,0.000534,0.005332,0.500000,0.000020,0.292E-05
B42055,1,0,0,1,0,1,0,1,0,0.006374,0.024378,0,0.000637,0.006374,0.500000,0.000025,0.258E-05
B42079,1,0,0,1,0,1,0,1,0,0.002776,0.012304,0,0.000278,0.002776,0.500000,0.000012,0.170E-05
B42081,1,0,0,1,0,1,0,1,0,0.004830,0.021134,0,0.000483,0.004830,0.500000,0.000021,0.219E-05
B42119,1,0,0,1,0,1,0,1,0,0.006340,0.022953,0,0.000634,0.006340,0.500000,0.000023,0.289E-05
B42131,1,0,0,1,0,1,0,1,0,0.002757,0.012149,0,0.000276,0.002757,0.500000,0.000012,0.229E-05
B51003,1,0,0,1,0,1,0,1,0,0.006940,0.024454,0,0.000694,0.006940,0.500000,0.000025,0.292E-05
B51009,1,0,0,1,0,1,0,1,0,0.005216,0.018124,0,0.000521,0.005216,0.500000,0.000018,0.224E-05
B51015,1,0,0,1,0,1,0,1,0,0.007552,0.022441,0,0.000756,0.007552,0.500000,0.000023,0.241E-05
B51017,1,0,0,1,0,1,0,1,0,0.007618,0.026656,0,0.000762,0.007618,0.500000,0.000026,0.426E-05
B51019,1,0,0,1,0,1,0,1,0,0.010722,0.036769,0,0.001072,0.010722,0.500000,0.000037,0.363E-05
B51023,1,0,0,1,0,1,0,1,0,0.007113,0.024840,0,0.000711,0.007113,0.500000,0.000025,0.266E-05
B51035,1,0,0,1,0,1,0,1,0,0.07,6.5,0,0.07,0.7,1.64,0.000624,0.000624
B51061,1,0,0,1,0,1,0,1,0,0.008529,0.029385,0,0.000853,0.008529,0.500000,0.000029,0.256E-05
B51067,1,0,0,1,0,1,0,1,0,0.07,6.5,0,0.07,0.7,1.64,0.000624,0.000624
B51071,1,0,0,1,0,1,0,1,0,0.07,6.5,0,0.07,0.7,1.64,0.000624,0.000624
B51077,1,0,0,1,0,1,0,1,0,0.07,6.5,0,0.07,0.7,1.64,0.000624,0.000624
B51079,1,0,0,1,0,1,0,1,0,0.007816,0.023589,0,0.000781,0.007816,0.500000,0.000023,0.339E-05
B51091,1,0,0,1,0,1,0,1,0,0.009289,0.030213,0,0.000929,0.009289,0.500000,0.000030,0.302E-05
B51105,1,0,0,1,0,1,0,1,0,0.07,6.5,0,0.07,0.7,1.64,0.000624,0.000624
B51113,1,0,0,1,0,1,0,1,0,0.007561,0.024119,0,0.000756,0.007561,0.500000,0.000024,0.258E-05
B51125,1,0,0,1,0,1,0,1,0,0.005396,0.018977,0,0.000540,0.005396,0.500000,0.000019,0.208E-05
B51139,1,0,0,1,0,1,0,1,0,0.021165,0.046287,0,0.002116,0.021165,0.500000,0.000047,0.493E-05
B51141,1,0,0,1,0,1,0,1,0,0.07,6.5,0,0.07,0.7,1.64,0.000624,0.000624
B51157,1,0,0,1,0,1,0,1,0,0.005127,0.017806,0,0.000513,0.005127,0.500000,0.000018,0.267E-05
B51161,1,0,0,1,0,1,0,1,0,0.07,6.5,0,0.07,0.7,1.64,0.000624,0.000624
B51163,1,0,0,1,0,1,0,1,0,0.008781,0.029330,0,0.000878,0.008781,0.500000,0.000029,0.342E-05
B51165,1,0,0,1,0,1,0,1,0,0.017806,0.039609,0,0.001781,0.017806,0.500000,0.000039,0.979E-05
B51167,1,0,0,1,0,1,0,1,0,0.07,6.5,0,0.07,0.7,1.64,0.000624,0.000624
B51169,1,0,0,1,0,1,0,1,0,0.07,6.5,0,0.07,0.7,1.64,0.000624,0.000624
B51171,1,0,0,1,0,1,0,1,0,0.010557,0.030488,0,0.001056,0.010557,0.500000,0.000030,0.433E-05
B51173,1,0,0,1,0,1,0,1,0,0.07,6.5,0,0.07,0.7,1.64,0.000624,0.000624
B51185,1,0,0,1,0,1,0,1,0,0.07,6.5,0,0.07,0.7,1.64,0.000624,0.000624
B51187,1,0,0,1,0,1,0,1,0,0.008136,0.029286,0,0.000813,0.008136,0.500000,0.000029,0.383E-05
B51191,1,0,0,1,0,1,0,1,0,0.07,6.5,0,0.07,0.7,1.64,0.000624,0.000624
B51195,1,0,0,1,0,1,0,1,0,0.07,6.5,0,0.07,0.7,1.64,0.000624,0.000624
B51197,1,0,0,1,0,1,0,1,0,0.07,6.5,0,0.07,0.7,1.64,0.000624,0.000624
B54023,1,0,0,1,0,1,0,1,0,0.013388,0.046559,0,0.001340,0.013388,0.500000,0.000047,0.438E-05
B54031,1,0,0,1,0,1,0,1,0,0.012098,0.039212,0,0.001210,0.012098,0.500000,0.000039,0.607E-05
B54057,1,0,0,1,0,1,0,1,0,0.011686,0.046401,0,0.001168,0.011686,0.500000,0.000046,0.390E-05
B54071,1,0,0,1,0,1,0,1,0,0.011021,0.036584,0,0.001102,0.011021,0.500000,0.000037,0.300E-05
C42009,1,0,0,1,0,1,0,1,0,0.004421,0.018797,0,0.000442,0.004421,0.500000,0.000019,0.440E-05
C51015,1,0,0,1,0,1,0,1,0,0.009274,0.027691,0,0.000927,0.009274,0.500000,0.000028,0.623E-05
C51071,1,0,0,1,0,1,0,1,0,0.07,6.5,0,0.07,0.7,1.64,0.000624,0.000624
C51165,1,0,0,1,0,1,0,1,0,0.016503,0.036527,0,0.001650,0.016503,0.500000,0.000036,0.490E-05
F10005,1,0,0,1,0,1,0,1,0,0.003794,0.018755,0,0.000380,0.003794,0.500000,0.000019,0.137E-05
F11001,1,0,0,1,0,1,0,1,0,0.005817,0.039111,0,0.000582,0.005817,0.500000,0.000040,0.163E-05
F24001,1,0,0,1,0,1,0,1,0,0.005265,0.023129,0,0.000526,0.005265,0.500000,0.000023,0.458E-05
F24003,1,0,0,1,0,1,0,1,0,0.001961,0.011456,0,0.000196,0.001961,0.500000,0.000012,0.154E-05
F24005,1,0,0,1,0,1,0,1,0,0.004360,0.026557,0,0.000436,0.004360,0.500000,0.000027,0.131E-05
F24009,1,0,0,1,0,1,0,1,0,0.002566,0.015048,0,0.000257,0.002566,0.500000,0.000015,0.192E-05
F24013,1,0,0,1,0,1,0,1,0,0.001412,0.008674,0,0.000141,0.001412,0.500000,0.868E-05,0.158E-05
F24015,1,0,0,1,0,1,0,1,0,0.001614,0.009429,0,0.000161,0.001614,0.500000,0.943E-05,0.151E-05
F24017,1,0,0,1,0,1,0,1,0,0.001188,0.007378,0,0.000119,0.001188,0.500000,0.738E-05,0.202E-05
F24019,1,0,0,1,0,1,0,1,0,0.001283,0.007896,0,0.000128,0.001283,0.500000,0.790E-05,0.177E-05
F24021,1,0,0,1,0,1,0,1,0,0.002917,0.018636,0,0.000292,0.002917,0.500000,0.000019,0.184E-05
F24023,1,0,0,1,0,1,0,1,0,0.002408,0.010286,0,0.000241,0.002408,0.500000,0.000010,0.213E-05
F24025,1,0,0,1,0,1,0,1,0,0.001704,0.010758,0,0.000170,0.001704,0.500000,0.000011,0.111E-05
F24027,1,0,0,1,0,1,0,1,0,0.004787,0.027174,0,0.000479,0.004787,0.500000,0.000027,0.184E-05
F24029,1,0,0,1,0,1,0,1,0,0.001442,0.009727,0,0.000144,0.001442,0.500000,0.000010,0.124E-05
F24031,1,0,0,1,0,1,0,1,0,0.005764,0.035239,0,0.000576,0.005764,0.500000,0.000035,0.165E-05
F24033,1,0,0,1,0,1,0,1,0,0.002431,0.014094,0,0.000243,0.002431,0.500000,0.000014,0.219E-05
F24035,1,0,0,1,0,1,0,1,0,0.001527,0.010336,0,0.000152,0.001527,0.500000,0.996E-05,0.118E-05
F24037,1,0,0,1,0,1,0,1,0,0.001329,0.008899,0,0.000133,0.001329,0.500000,0.890E-05,0.194E-05
F24039,1,0,0,1,0,1,0,1,0,0.003168,0.011791,0,0.000316,0.003168,0.500000,0.000012,0.296E-05
F24041,1,0,0,1,0,1,0,1,0,0.001344,0.008677,0,0.000135,0.001344,0.500000,0.868E-05,0.144E-05
F24043,1,0,0,1,0,1,0,1,0,0.007789,0.033284,0,0.000779,0.007789,0.500000,0.000034,0.271E-05
F24045,1,0,0,1,0,1,0,1,0,0.003557,0.012787,0,0.000356,0.003557,0.500000,0.000013,0.311E-05
F24510,1,0,0,1,0,1,0,1,0,0.003177,0.017984,0,0.000318,0.003177,0.500000,0.000018,0.136E-05
F36003,1,0,0,1,0,1,0,1,0,0.001863,0.011390,0,0.000186,0.001863,0.500000,0.000012,0.275E-05
F36007,1,0,0,1,0,1,0,1,0,0.002681,0.015564,0,0.000268,0.002681,0.500000,0.000016,0.155E-05
F36015,1,0,0,1,0,1,0,1,0,0.002457,0.013996,0,0.000245,0.002457,0.500000,0.000014,0.306E-05
F36025,1,0,0,1,0,1,0,1,0,0.002142,0.012387,0,0.000214,0.002142,0.500000,0.000013,0.155E-05
F36101,1,0,0,1,0,1,0,1,0,0.002537,0.015546,0,0.000253,0.002537,0.500000,0.000015,0.257E-05
F42001,1,0,0,1,0,1,0,1,0,0.004724,0.017875,0,0.000472,0.004724,0.500000,0.000018,0.489E-05
F42009,1,0,0,1,0,1,0,1,0,0.002874,0.012230,0,0.000288,0.002874,0.500000,0.000012,0.235E-05
F42011,1,0,0,1,0,1,0,1,0,0.002643,0.010052,0,0.000264,0.002643,0.500000,0.982E-05,0.312E-05
F42013,1,0,0,1,0,1,0,1,0,0.006085,0.023284,0,0.000609,0.006085,0.500000,0.000023,0.355E-05
F42021,1,0,0,1,0,1,0,1,0,0.003178,0.014256,0,0.000318,0.003178,0.500000,0.000014,0.207E-05
F42027,1,0,0,1,0,1,0,1,0,0.004978,0.020941,0,0.000498,0.004978,0.500000,0.000021,0.218E-05
F42033,1,0,0,1,0,1,0,1,0,0.003500,0.015474,0,0.000350,0.003500,0.500000,0.000016,0.157E-05
F42035,1,0,0,1,0,1,0,1,0,0.002284,0.009267,0,0.000228,0.002284,0.500000,0.927E-05,0.180E-05
F42041,1,0,0,1,0,1,0,1,0,0.011809,0.048637,0,0.001181,0.011809,0.500000,0.000049,0.211E-05
F42043,1,0,0,1,0,1,0,1,0,0.004523,0.017052,0,0.000452,0.004523,0.500000,0.000017,0.267E-05
F42055,1,0,0,1,0,1,0,1,0,0.006020,0.022917,0,0.000601,0.006020,0.500000,0.000023,0.283E-05
F42061,1,0,0,1,0,1,0,1,0,0.005881,0.024055,0,0.000588,0.005881,0.500000,0.000024,0.306E-05
F42069,1,0,0,1,0,1,0,1,0,0.004141,0.017907,0,0.000414,0.004141,0.500000,0.000018,0.200E-05
F42071,1,0,0,1,0,1,0,1,0,0.006173,0.019522,0,0.000617,0.006173,0.500000,0.000020,0.231E-05
F42075,1,0,0,1,0,1,0,1,0,0.005335,0.017154,0,0.000534,0.005335,0.500000,0.000017,0.319E-05
F42079,1,0,0,1,0,1,0,1,0,0.002205,0.009736,0,0.000220,0.002205,0.500000,0.967E-05,0.179E-05
F42081,1,0,0,1,0,1,0,1,0,0.002533,0.011115,0,0.000254,0.002533,0.500000,0.000011,0.163E-05
F42087,1,0,0,1,0,1,0,1,0,0.003941,0.014639,0,0.000394,0.003941,0.500000,0.000015,0.251E-05
F42097,1,0,0,1,0,1,0,1,0,0.004229,0.017078,0,0.000423,0.004229,0.500000,0.000017,0.167E-05
F42107,1,0,0,1,0,1,0,1,0,0.004422,0.017200,0,0.000442,0.004422,0.500000,0.000017,0.178E-05
F42115,1,0,0,1,0,1,0,1,0,0.002253,0.009562,0,0.000226,0.002253,0.500000,0.956E-05,0.210E-05
F42117,1,0,0,1,0,1,0,1,0,0.004614,0.020365,0,0.000462,0.004614,0.500000,0.000021,0.457E-05
F42119,1,0,0,1,0,1,0,1,0,0.003645,0.013198,0,0.000364,0.003645,0.500000,0.000013,0.220E-05
F42133,1,0,0,1,0,1,0,1,0,0.004824,0.018894,0,0.000482,0.004824,0.500000,0.000019,0.295E-05
F51001,1,0,0,1,0,1,0,1,0,0.003237,0.012665,0,0.000324,0.003237,0.500000,0.000013,0.286E-05
F51003,1,0,0,1,0,1,0,1,0,0.009397,0.033307,0,0.000940,0.009397,0.500000,0.000033,0.403E-05
F51005,1,0,0,1,0,1,0,1,0,0.005869,0.026061,0,0.000587,0.005869,0.500000,0.000026,0.341E-05
F51009,1,0,0,1,0,1,0,1,0,0.007767,0.027027,0,0.000777,0.007767,0.500000,0.000027,0.210E-05
F51011,1,0,0,1,0,1,0,1,0,0.008520,0.029644,0,0.000852,0.008520,0.500000,0.000030,0.475E-05
F51013,1,0,0,1,0,1,0,1,0,0.006548,0.020571,0,0.000654,0.006548,0.500000,0.000020,0.349E-05
F51015,1,0,0,1,0,1,0,1,0,0.007930,0.023531,0,0.000793,0.007930,0.500000,0.000023,0.414E-05
F51017,1,0,0,1,0,1,0,1,0,0.006698,0.023434,0,0.000670,0.006698,0.500000,0.000023,0.559E-05
F51019,1,0,0,1,0,1,0,1,0,0.010020,0.034320,0,0.001003,0.010020,0.500000,0.000035,0.355E-05
F51023,1,0,0,1,0,1,0,1,0,0.007740,0.027119,0,0.000774,0.007740,0.500000,0.000027,0.407E-05
F51033,1,0,0,1,0,1,0,1,0,0.007878,0.029165,0,0.000788,0.007878,0.500000,0.000029,0.421E-05
F51041,1,0,0,1,0,1,0,1,0,0.005517,0.018061,0,0.000552,0.005517,0.500000,0.000018,0.367E-05
F51043,1,0,0,1,0,1,0,1,0,0.010756,0.037291,0,0.001076,0.010756,0.500000,0.000037,0.490E-05
F51045,1,0,0,1,0,1,0,1,0,0.008814,0.030721,0,0.000882,0.008814,0.500000,0.000030,0.296E-05
F51053,1,0,0,1,0,1,0,1,0,0.005946,0.017863,0,0.000595,0.005946,0.500000,0.000018,0.489E-05
F51057,1,0,0,1,0,1,0,1,0,0.006366,0.022636,0,0.000636,0.006366,0.500000,0.000022,0.240E-05
F51059,1,0,0,1,0,1,0,1,0,0.006159,0.018698,0,0.000616,0.006159,0.500000,0.000019,0.467E-05
F51061,1,0,0,1,0,1,0,1,0,0.008905,0.030693,0,0.000890,0.008905,0.500000,0.000030,0.406E-05
F51069,1,0,0,1,0,1,0,1,0,0.006325,0.021639,0,0.000633,0.006325,0.500000,0.000022,0.340E-05
F51071,1,0,0,1,0,1,0,1,0,0.007801,0.026631,0,0.000780,0.007801,0.500000,0.000026,0.318E-05
F51079,1,0,0,1,0,1,0,1,0,0.010291,0.031247,0,0.001029,0.010291,0.500000,0.000031,0.330E-05
F51085,1,0,0,1,0,1,0,1,0,0.007756,0.026859,0,0.000775,0.007756,0.500000,0.000027,0.402E-05
F51087,1,0,0,1,0,1,0,1,0,0.008318,0.027827,0,0.000832,0.008318,0.500000,0.000028,0.424E-05
F51091,1,0,0,1,0,1,0,1,0,0.003710,0.012060,0,0.000371,0.003710,0.500000,0.000012,0.581E-05
F51095,1,0,0,1,0,1,0,1,0,0.005356,0.017542,0,0.000536,0.005356,0.500000,0.000017,0.261E-05
F51099,1,0,0,1,0,1,0,1,0,0.005546,0.020353,0,0.000554,0.005546,0.500000,0.000021,0.236E-05
F51101,1,0,0,1,0,1,0,1,0,0.005947,0.021159,0,0.000595,0.005947,0.500000,0.000021,0.284E-05
F51107,1,0,0,1,0,1,0,1,0,0.006564,0.022811,0,0.000656,0.006564,0.500000,0.000023,0.464E-05
F51113,1,0,0,1,0,1,0,1,0,0.009581,0.030738,0,0.000958,0.009581,0.500000,0.000031,0.294E-05
F51121,1,0,0,1,0,1,0,1,0,0.007696,0.025892,0,0.000770,0.007696,0.500000,0.000026,0.437E-05
F51125,1,0,0,1,0,1,0,1,0,0.006751,0.023847,0,0.000675,0.006751,0.500000,0.000024,0.212E-05
F51131,1,0,0,1,0,1,0,1,0,0.001370,0.008322,0,0.000137,0.001370,0.500000,0.832E-05,0.176E-05
F51137,1,0,0,1,0,1,0,1,0,0.010311,0.034311,0,0.001030,0.010311,0.500000,0.000035,0.523E-05
F51139,1,0,0,1,0,1,0,1,0,0.028777,0.062774,0,0.002878,0.028777,0.500000,0.000063,0.623E-05
F51145,1,0,0,1,0,1,0,1,0,0.005223,0.016895,0,0.000522,0.005223,0.500000,0.000017,0.441E-05
F51147,1,0,0,1,0,1,0,1,0,0.005246,0.016977,0,0.000524,0.005246,0.500000,0.000017,0.416E-05
F51149,1,0,0,1,0,1,0,1,0,0.005181,0.017852,0,0.000518,0.005181,0.500000,0.000018,0.245E-05
F51153,1,0,0,1,0,1,0,1,0,0.008815,0.028114,0,0.000882,0.008815,0.500000,0.000028,0.582E-05
F51157,1,0,0,1,0,1,0,1,0,0.006182,0.021563,0,0.000618,0.006182,0.500000,0.000022,0.292E-05
F51159,1,0,0,1,0,1,0,1,0,0.005209,0.017956,0,0.000521,0.005209,0.500000,0.000018,0.297E-05
F51161,1,0,0,1,0,1,0,1,0,0.008530,0.026368,0,0.000854,0.008530,0.500000,0.000027,0.523E-05
F51163,1,0,0,1,0,1,0,1,0,0.007821,0.026201,0,0.000782,0.007821,0.500000,0.000027,0.411E-05
F51165,1,0,0,1,0,1,0,1,0,0.019445,0.042767,0,0.001944,0.019445,0.500000,0.000042,0.760E-05
F51171,1,0,0,1,0,1,0,1,0,0.011529,0.033280,0,0.001153,0.011529,0.500000,0.000034,0.463E-05
F51177,1,0,0,1,0,1,0,1,0,0.007646,0.026636,0,0.000765,0.007646,0.500000,0.000027,0.663E-05
F51179,1,0,0,1,0,1,0,1,0,0.007989,0.025930,0,0.000799,0.007989,0.500000,0.000026,0.537E-05
F51181,1,0,0,1,0,1,0,1,0,0.003208,0.013352,0,0.000321,0.003208,0.500000,0.000013,0.196E-05
F51187,1,0,0,1,0,1,0,1,0,0.011553,0.041712,0,0.001155,0.011553,0.500000,0.000041,0.468E-05
F51193,1,0,0,1,0,1,0,1,0,0.004592,0.016809,0,0.000459,0.004592,0.500000,0.000017,0.272E-05
F51199,1,0,0,1,0,1,0,1,0,0.007075,0.020544,0,0.000707,0.007075,0.500000,0.000021,0.271E-05
F51510,1,0,0,1,0,1,0,1,0,0.011817,0.041083,0,0.001182,0.011817,0.500000,0.000041,0.201E-05
F51530,1,0,0,1,0,1,0,1,0,0.010400,0.036957,0,0.001040,0.010400,0.500000,0.000037,0.428E-05
F51540,1,0,0,1,0,1,0,1,0,0.005056,0.017805,0,0.000506,0.005056,0.500000,0.000018,0.363E-05
F51550,1,0,0,1,0,1,0,1,0,0.005809,0.019124,0,0.000581,0.005809,0.500000,0.000019,0.232E-05
F51580,1,0,0,1,0,1,0,1,0,0.007211,0.025570,0,0.000721,0.007211,0.500000,0.000026,0.411E-05
F51630,1,0,0,1,0,1,0,1,0,0.005629,0.019683,0,0.000563,0.005629,0.500000,0.000020,0.379E-05
F51650,1,0,0,1,0,1,0,1,0,0.005077,0.018267,0,0.000508,0.005077,0.500000,0.000018,0.216E-05
F51660,1,0,0,1,0,1,0,1,0,0.008394,0.028863,0,0.000839,0.008394,0.500000,0.000029,0.254E-05
F51670,1,0,0,1,0,1,0,1,0,0.007224,0.024177,0,0.000723,0.007224,0.500000,0.000024,0.257E-05
F51700,1,0,0,1,0,1,0,1,0,0.005141,0.018167,0,0.000514,0.005141,0.500000,0.000018,0.216E-05
F51710,1,0,0,1,0,1,0,1,0,0.005192,0.018190,0,0.000519,0.005192,0.500000,0.000018,0.223E-05
F51730,1,0,0,1,0,1,0,1,0,0.005747,0.020222,0,0.000575,0.005747,0.500000,0.000020,0.256E-05
F51735,1,0,0,1,0,1,0,1,0,0.005270,0.019027,0,0.000527,0.005270,0.500000,0.000019,0.216E-05
F51740,1,0,0,1,0,1,0,1,0,0.005116,0.017893,0,0.000512,0.005116,0.500000,0.000018,0.226E-05
F51760,1,0,0,1,0,1,0,1,0,0.004987,0.017386,0,0.000499,0.004987,0.500000,0.000018,0.337E-05
F51790,1,0,0,1,0,1,0,1,0,0.006315,0.022193,0,0.000631,0.006315,0.500000,0.000022,0.299E-05
F51800,1,0,0,1,0,1,0,1,0,0.003812,0.013422,0,0.000381,0.003812,0.500000,0.000013,0.429E-05
F51810,1,0,0,1,0,1,0,1,0,0.004642,0.017111,0,0.000464,0.004642,0.500000,0.000017,0.212E-05
F51820,1,0,0,1,0,1,0,1,0,0.006137,0.021490,0,0.000614,0.006137,0.500000,0.000022,0.212E-05
F51830,1,0,0,1,0,1,0,1,0,0.004627,0.016375,0,0.000462,0.004627,0.500000,0.000016,0.240E-05
F54003,1,0,0,1,0,1,0,1,0,0.004700,0.018949,0,0.000470,0.004700,0.500000,0.000019,0.232E-05
F54023,1,0,0,1,0,1,0,1,0,0.004043,0.013911,0,0.000404,0.004043,0.500000,0.000014,0.241E-05
F54027,1,0,0,1,0,1,0,1,0,0.007642,0.031597,0,0.000764,0.007642,0.500000,0.000032,0.403E-05
F54031,1,0,0,1,0,1,0,1,0,0.010226,0.033004,0,0.001022,0.010226,0.500000,0.000033,0.496E-05
F54037,1,0,0,1,0,1,0,1,0,0.006932,0.026477,0,0.000693,0.006932,0.500000,0.000027,0.432E-05
F54057,1,0,0,1,0,1,0,1,0,0.002987,0.011760,0,0.000299,0.002987,0.500000,0.000012,0.246E-05
F54063,1,0,0,1,0,1,0,1,0,0.006191,0.025191,0,0.000619,0.006191,0.500000,0.000026,0.237E-05
F54065,1,0,0,1,0,1,0,1,0,0.003306,0.014241,0,0.000331,0.003306,0.500000,0.000014,0.307E-05
F54071,1,0,0,1,0,1,0,1,0,0.008722,0.029006,0,0.000873,0.008722,0.500000,0.000029,0.521E-05
end,,,,,,,,,,,,,,,,,
