TABLE->,OX-FLAGS,OX-GENPARM,OX-GENPARM,OX-GENPARM,OX-GENPARM,OX-BENPARM,OX-BENPARM,OX-BENPARM,OX-BENPARM,OX-BENPARM,OX-BENPARM,OX-CFOREA,OX-REAPARM,OX-REAPARM,OX-REAPARM,OX-REAPARM,OX-INIT,OX-INIT,OX-INIT
VARS->,REAM,KBOD20,TCBOD,KODSET,SUPSAT,BENOD,TCBEN,EXPOD,BRBOD1,BRBOD2,EXPREL,CFOREA,TCGINV,REAK,EXPRED,EXPREV,DOX,BOD,SATDO
MN0_8300_0001,3,0.05,1.047,0.01,1.150000,40.00000,1.047,1.22,0.01,0.01,1,na,1.047,0.500000,-1.673,0.969,14,3,14
MN1_7590_7860,3,0.05,1.047,0.01,1.150000,40.00000,1.047,1.22,0.01,0.01,1,na,1.047,0.500000,-1.673,0.969,14,3,14
MN4_7810_8080,3,0.05,1.047,0.01,1.150000,40.00000,1.047,1.22,0.01,0.01,1,na,1.047,0.500000,-1.673,0.969,14,3,14
MN3_7540_7680,3,0.05,1.047,0.01,1.000000,81.71573,1.047,1.22,0.01,0.01,1,na,1.047,0.050000,-1.673,0.969,14,3,14
MN3_7680_7860,3,0.05,1.047,0.01,1.150000,40.00000,1.047,1.22,0.01,0.01,1,na,1.047,0.500000,-1.673,0.969,14,3,14
MN3_7860_8080,3,0.05,1.047,0.01,1.150000,40.00000,1.047,1.22,0.01,0.01,1,na,1.047,0.500000,-1.673,0.969,14,3,14
MN4_8080_8110,3,0.05,1.047,0.01,1.150000,40.00000,1.047,1.22,0.01,0.01,1,na,1.047,0.500000,-1.673,0.969,14,3,14
MN1_7990_8100,3,0.05,1.047,0.01,1.229946,44.03972,1.047,1.22,0.01,0.01,1,na,1.047,0.086245,-1.673,0.969,14,3,14
MN2_8530_8510,3,0.05,1.047,0.01,1.150000,40.00000,1.047,1.22,0.01,0.01,1,na,1.047,0.500000,-1.673,0.969,14,3,14
MN2_8250_8190,3,0.05,1.047,0.01,1.229946,44.03972,1.047,1.22,0.01,0.01,1,na,1.047,0.086245,-1.673,0.969,14,3,14
MN4_8510_8380,3,0.05,1.047,0.01,1.150000,40.00000,1.047,1.22,0.01,0.01,1,na,1.047,0.500000,-1.673,0.969,14,3,14
MN2_8100_8190,3,0.05,1.047,0.01,1.229946,44.03972,1.047,1.22,0.01,0.01,1,na,1.047,0.086245,-1.673,0.969,14,3,14
MN3_8190_8260,3,0.05,1.047,0.01,1.229946,44.03972,1.047,1.22,0.01,0.01,1,na,1.047,0.086245,-1.673,0.969,14,3,14
MN4_8260_8400,3,0.05,1.047,0.01,1.229946,44.03972,1.047,1.22,0.01,0.01,1,na,1.047,0.086245,-1.673,0.969,14,3,14
MN4_8400_8380,3,0.05,1.047,0.01,1.150000,40.00000,1.047,1.22,0.01,0.01,1,na,1.047,0.500000,-1.673,0.969,14,3,14
MN1_7730_8160,3,0.05,1.047,0.01,1.150000,40.00000,1.047,1.22,0.01,0.01,1,na,1.047,0.500000,-1.673,0.969,14,3,14
MN1_7620_7710,3,0.05,1.047,0.01,1.000000,25.92305,1.047,1.22,0.01,0.01,1,na,1.047,0.050000,-1.673,0.969,14,3,14
MN5_8230_8161,3,0.05,1.047,0.01,1.000000,25.92305,1.047,1.22,0.01,0.01,1,na,1.047,0.050000,-1.673,0.969,14,3,14
MN2_7720_7830,3,0.05,1.047,0.01,1.000000,25.92305,1.047,1.22,0.01,0.01,1,na,1.047,0.050000,-1.673,0.969,14,3,14
MN3_7770_7930,3,0.05,1.047,0.01,1.044793,20.47883,1.047,1.22,0.01,0.01,1,na,1.047,0.071461,-1.673,0.969,14,3,14
MN2_7830_7950,3,0.05,1.047,0.01,1.000000,25.92305,1.047,1.22,0.01,0.01,1,na,1.047,0.050000,-1.673,0.969,14,3,14
MN3_7930_8010,3,0.05,1.047,0.01,1.044793,20.47883,1.047,1.22,0.01,0.01,1,na,1.047,0.071461,-1.673,0.969,14,3,14
MN3_8010_7950,3,0.05,1.047,0.01,1.000000,25.92305,1.047,1.22,0.01,0.01,1,na,1.047,0.050000,-1.673,0.969,14,3,14
MN4_7950_7710,3,0.05,1.047,0.01,1.000000,25.92305,1.047,1.22,0.01,0.01,1,na,1.047,0.050000,-1.673,0.969,14,3,14
MN4_7710_8161,3,0.05,1.047,0.01,1.000000,25.92305,1.047,1.22,0.01,0.01,1,na,1.047,0.050000,-1.673,0.969,14,3,14
MN5_8161_8160,3,0.05,1.047,0.01,1.150000,40.00000,1.047,1.22,0.01,0.01,1,na,1.047,0.500000,-1.673,0.969,14,3,14
TU2_8790_9070,3,0.05,1.047,0.01,1.350000,40.00000,1.047,1.22,0.01,0.01,1,na,1.047,5.000000,-1.673,0.969,14,3,14
TU1_9220_9200,3,0.05,1.047,0.01,1.150000,40.00000,1.047,1.22,0.01,0.01,1,na,1.047,0.500000,-1.673,0.969,14,3,14
TU2_9070_9090,3,0.05,1.047,0.01,1.150000,40.00000,1.047,1.22,0.01,0.01,1,na,1.047,0.500000,-1.673,0.969,14,3,14
TU2_8950_9040,3,0.05,1.047,0.01,1.150000,1.000000,1.047,1.22,0.01,0.01,1,na,1.047,5.000000,-1.673,0.969,14,3,14
TU2_9100_9200,3,0.05,1.047,0.01,1.150000,40.00000,1.047,1.22,0.01,0.01,1,na,1.047,0.500000,-1.673,0.969,14,3,14
TU2_9200_9180,3,0.05,1.047,0.01,1.150000,40.00000,1.047,1.22,0.01,0.01,1,na,1.047,0.500000,-1.673,0.969,14,3,14
TU3_9040_9180,3,0.05,1.047,0.01,1.150000,40.00000,1.047,1.22,0.01,0.01,1,na,1.047,0.500000,-1.673,0.969,14,3,14
TU3_9180_9090,3,0.05,1.047,0.01,1.150000,40.00000,1.047,1.22,0.01,0.01,1,na,1.047,0.500000,-1.673,0.969,14,3,14
TU3_8880_9230,3,0.05,1.047,0.01,1.150000,40.00000,1.047,1.22,0.01,0.01,1,na,1.047,0.500000,-1.673,0.969,14,3,14
TU3_9060_9230,3,0.05,1.047,0.01,1.150000,40.00000,1.047,1.22,0.01,0.01,1,na,1.047,0.500000,-1.673,0.969,14,3,14
TU3_9230_9260,3,0.05,1.047,0.01,1.150000,40.00000,1.047,1.22,0.01,0.01,1,na,1.047,0.500000,-1.673,0.969,14,3,14
TU1_9010_9290,3,0.05,1.047,0.01,1.150000,40.00000,1.047,1.22,0.01,0.01,1,na,1.047,0.500000,-1.673,0.969,14,3,14
TU3_8650_8800,3,0.05,1.047,0.01,1.350000,10.15810,1.047,1.22,0.01,0.01,1,na,1.047,5.000000,-1.673,0.969,14,3,14
TU4_8800_9290,3,0.05,1.047,0.01,1.150000,40.00000,1.047,1.22,0.01,0.01,1,na,1.047,0.500000,-1.673,0.969,14,3,14
TU2_8970_9280,3,0.05,1.047,0.01,1.150000,40.00000,1.047,1.22,0.01,0.01,1,na,1.047,0.500000,-1.673,0.969,14,3,14
TU2_8860_9000,3,0.05,1.047,0.01,1.150000,40.00000,1.047,1.22,0.01,0.01,1,na,1.047,0.500000,-1.673,0.969,14,3,14
TU1_8570_8680,3,0.05,1.047,0.01,1.350000,150.1676,1.047,1.22,0.01,0.01,1,na,1.047,0.452903,-1.673,0.969,14,3,14
TU3_8480_8680,3,0.05,1.047,0.01,1.350000,150.1676,1.047,1.22,0.01,0.01,1,na,1.047,0.452903,-1.673,0.969,14,3,14
TU4_8680_8810,3,0.05,1.047,0.01,1.350000,150.1676,1.047,1.22,0.01,0.01,1,na,1.047,0.452903,-1.673,0.969,14,3,14
TU4_8810_9000,3,0.05,1.047,0.01,1.150000,40.00000,1.047,1.22,0.01,0.01,1,na,1.047,0.500000,-1.673,0.969,14,3,14
TU5_9000_9280,3,0.05,1.047,0.01,1.150000,40.00000,1.047,1.22,0.01,0.01,1,na,1.047,0.500000,-1.673,0.969,14,3,14
BS2_8590_8440,3,0.05,1.047,0.01,1.350000,40.00000,1.047,1.22,0.01,0.01,1,na,1.047,5.000000,-1.673,0.969,14,3,14
BS1_8730_8540,3,0.05,1.047,0.01,1.150000,40.00000,1.047,1.22,0.01,0.01,1,na,1.047,0.500000,-1.673,0.969,14,3,14
BS3_8580_8440,3,0.05,1.047,0.01,1.350000,40.00000,1.047,1.22,0.01,0.01,1,na,1.047,5.000000,-1.673,0.969,14,3,14
BS4_8440_8441,3,0.05,1.047,0.01,1.150000,40.00000,1.047,1.22,0.01,0.01,1,na,1.047,0.500000,-1.673,0.969,14,3,14
BS4_8540_8441,na,0.05,1.047,0.01,1.150000,40.00000,1.047,1.22,0.01,0.01,1,1.000000,na,na,na,na,14,3,14
BS3_8350_8330,3,0.05,1.047,0.01,1.350000,40.00000,1.047,1.22,0.01,0.01,1,na,1.047,5.000000,-1.673,0.969,14,3,14
OR2_8450_8490,3,0.05,1.047,0.01,1.150000,40.00000,1.047,1.22,0.01,0.01,1,na,1.047,0.500000,-1.673,0.969,14,3,14
OD2_8920_8830,na,0.05,1.047,0.01,1.150000,40.00000,1.047,1.22,0.01,0.01,1,1.000000,na,na,na,na,14,3,14
OD3_8340_8520,3,0.05,1.047,0.01,1.150000,40.00000,1.047,1.22,0.01,0.01,1,na,1.047,0.500000,-1.673,0.969,14,3,14
OR5_7910_8410,3,0.05,1.047,0.01,1.150000,40.00000,1.047,1.22,0.01,0.01,1,na,1.047,0.500000,-1.673,0.969,14,3,14
OD2_8830_8710,3,0.05,1.047,0.01,1.150000,40.00000,1.047,1.22,0.01,0.01,1,na,1.047,0.500000,-1.673,0.969,14,3,14
OD2_8670_8890,3,0.05,1.047,0.01,1.150000,1.000000,1.047,1.22,0.01,0.01,1,na,1.047,5.000000,-1.673,0.969,14,3,14
OD3_8520_8621,3,0.05,1.047,0.01,1.150000,40.00000,1.047,1.22,0.01,0.01,1,na,1.047,0.500000,-1.673,0.969,14,3,14
OR2_7670_7840,3,0.05,1.047,0.01,1.350000,181.0235,1.047,1.22,0.01,0.01,1,na,1.047,0.674980,-1.673,0.969,14,3,14
OR1_7700_7980,3,0.05,1.047,0.01,1.016537,37.68702,1.047,1.22,0.01,0.01,1,na,1.047,0.063901,-1.673,0.969,14,3,14
OD3_8710_8470,3,0.05,1.047,0.01,1.150000,40.00000,1.047,1.22,0.01,0.01,1,na,1.047,0.500000,-1.673,0.969,14,3,14
OD5_8940_8780,3,0.05,1.047,0.01,1.150000,40.00000,1.047,1.22,0.01,0.01,1,na,1.047,0.500000,-1.673,0.969,14,3,14
OD2_8560_8630,na,0.05,1.047,0.01,1.350000,70.72983,1.047,1.22,0.01,0.01,1,2.000000,na,na,na,na,14,3,14
OR2_7610_7780,3,0.05,1.047,0.01,1.016537,37.68702,1.047,1.22,0.01,0.01,1,na,1.047,0.063901,-1.673,0.969,14,3,14
OD5_8890_8770,3,0.05,1.047,0.01,1.150000,40.00000,1.047,1.22,0.01,0.01,1,na,1.047,0.500000,-1.673,0.969,14,3,14
OD3_8850_8931,3,0.05,1.047,0.01,1.039516,3.333866,1.047,1.22,0.01,0.01,1,na,1.047,0.050162,-1.673,0.969,14,3,14
OR2_7840_7970,3,0.05,1.047,0.01,1.016537,37.68702,1.047,1.22,0.01,0.01,1,na,1.047,0.063901,-1.673,0.969,14,3,14
OR5_7980_8200,3,0.05,1.047,0.01,1.016537,37.68702,1.047,1.22,0.01,0.01,1,na,1.047,0.063901,-1.673,0.969,14,3,14
OD3_8630_8720,3,0.05,1.047,0.01,1.150000,40.00000,1.047,1.22,0.01,0.01,1,na,1.047,0.500000,-1.673,0.969,14,3,14
OD1_9270_9110,3,0.05,1.047,0.01,1.150000,40.00000,1.047,1.22,0.01,0.01,1,na,1.047,0.500000,-1.673,0.969,14,3,14
OR2_7650_8070,3,0.05,1.047,0.01,1.000000,34.76860,1.047,1.22,0.01,0.01,1,na,1.047,5.000000,-1.673,0.969,14,3,14
OR2_7780_7890,3,0.05,1.047,0.01,1.016537,37.68702,1.047,1.22,0.01,0.01,1,na,1.047,0.063901,-1.673,0.969,14,3,14
OR1_8320_8271,3,0.05,1.047,0.01,1.137066,33.71999,1.047,1.22,0.01,0.01,1,na,1.047,0.223490,-1.673,0.969,14,3,14
OD3_8720_8900,3,0.05,1.047,0.01,1.150000,40.00000,1.047,1.22,0.01,0.01,1,na,1.047,0.500000,-1.673,0.969,14,3,14
OD1_8910_8930,3,0.05,1.047,0.01,1.122234,29.56978,1.047,1.22,0.01,0.01,1,na,1.047,0.215667,-1.673,0.969,14,3,14
OD3_8930_8931,3,0.05,1.047,0.01,1.150000,40.00000,1.047,1.22,0.01,0.01,1,na,1.047,0.500000,-1.673,0.969,14,3,14
OR2_8070_8120,3,0.05,1.047,0.01,1.000000,34.76860,1.047,1.22,0.01,0.01,1,na,1.047,5.000000,-1.673,0.969,14,3,14
OR2_8460_8271,3,0.05,1.047,0.01,1.000000,34.76860,1.047,1.22,0.01,0.01,1,na,1.047,5.000000,-1.673,0.969,14,3,14
OR1_8280_8020,3,0.05,1.047,0.01,1.000000,34.76860,1.047,1.22,0.01,0.01,1,na,1.047,5.000000,-1.673,0.969,14,3,14
OD2_8840_9020,3,0.05,1.047,0.01,1.150000,40.00000,1.047,1.22,0.01,0.01,1,na,1.047,0.500000,-1.673,0.969,14,3,14
OD3_9020_9110,3,0.05,1.047,0.01,1.150000,40.00000,1.047,1.22,0.01,0.01,1,na,1.047,0.500000,-1.673,0.969,14,3,14
OR2_8020_8130,3,0.05,1.047,0.01,1.000000,34.76860,1.047,1.22,0.01,0.01,1,na,1.047,5.000000,-1.673,0.969,14,3,14
OR2_8130_7900,3,0.05,1.047,0.01,1.000000,34.76860,1.047,1.22,0.01,0.01,1,na,1.047,5.000000,-1.673,0.969,14,3,14
OR2_7900_7740,3,0.05,1.047,0.01,1.000000,34.76860,1.047,1.22,0.01,0.01,1,na,1.047,5.000000,-1.673,0.969,14,3,14
OD3_8931_9140,3,0.05,1.047,0.01,1.150000,40.00000,1.047,1.22,0.01,0.01,1,na,1.047,0.500000,-1.673,0.969,14,3,14
OD4_9110_9140,3,0.05,1.047,0.01,1.150000,40.00000,1.047,1.22,0.01,0.01,1,na,1.047,0.500000,-1.673,0.969,14,3,14
OD4_9140_8990,3,0.05,1.047,0.01,1.150000,40.00000,1.047,1.22,0.01,0.01,1,na,1.047,0.500000,-1.673,0.969,14,3,14
OR3_7740_8271,3,0.05,1.047,0.01,1.000000,34.76860,1.047,1.22,0.01,0.01,1,na,1.047,5.000000,-1.673,0.969,14,3,14
OR4_8271_8120,na,0.05,1.047,0.01,1.000000,34.76860,1.047,1.22,0.01,0.01,1,2.000000,na,na,na,na,14,3,14
OR4_8120_7890,3,0.05,1.047,0.01,1.000000,34.76860,1.047,1.22,0.01,0.01,1,na,1.047,5.000000,-1.673,0.969,14,3,14
OR5_7890_7970,3,0.05,1.047,0.01,1.016537,37.68702,1.047,1.22,0.01,0.01,1,na,1.047,0.063901,-1.673,0.969,14,3,14
OD4_8990_8900,3,0.05,1.047,0.01,1.150000,40.00000,1.047,1.22,0.01,0.01,1,na,1.047,0.500000,-1.673,0.969,14,3,14
OD5_8900_8770,3,0.05,1.047,0.01,1.150000,40.00000,1.047,1.22,0.01,0.01,1,na,1.047,0.500000,-1.673,0.969,14,3,14
OD5_8770_8780,3,0.05,1.047,0.01,1.150000,40.00000,1.047,1.22,0.01,0.01,1,na,1.047,0.500000,-1.673,0.969,14,3,14
OD5_8780_8660,3,0.05,1.047,0.01,1.150000,40.00000,1.047,1.22,0.01,0.01,1,na,1.047,0.500000,-1.673,0.969,14,3,14
OR5_7970_8200,3,0.05,1.047,0.01,1.016537,37.68702,1.047,1.22,0.01,0.01,1,na,1.047,0.063901,-1.673,0.969,14,3,14
OD6_8660_8621,3,0.05,1.047,0.01,1.150000,40.00000,1.047,1.22,0.01,0.01,1,na,1.047,0.500000,-1.673,0.969,14,3,14
OD6_8621_8470,3,0.05,1.047,0.01,1.150000,40.00000,1.047,1.22,0.01,0.01,1,na,1.047,0.500000,-1.673,0.969,14,3,14
OR5_8200_8370,3,0.05,1.047,0.01,1.016537,37.68702,1.047,1.22,0.01,0.01,1,na,1.047,0.063901,-1.673,0.969,14,3,14
OR5_8370_8410,3,0.05,1.047,0.01,1.150000,40.00000,1.047,1.22,0.01,0.01,1,na,1.047,0.500000,-1.673,0.969,14,3,14
OR5_8410_8470,3,0.05,1.047,0.01,1.150000,40.00000,1.047,1.22,0.01,0.01,1,na,1.047,0.500000,-1.673,0.969,14,3,14
OR7_8470_8490,na,0.05,1.047,0.01,1.150000,40.00000,1.047,1.22,0.01,0.01,1,1.000000,na,na,na,na,14,3,14
NR1_8030_8051,3,0.05,1.047,0.01,1.060093,44.45836,1.047,1.22,0.01,0.01,1,na,1.047,0.834690,-1.673,0.969,14,3,14
NR1_7880_8050,3,0.05,1.047,0.01,1.060093,44.45836,1.047,1.22,0.01,0.01,1,na,1.047,0.834690,-1.673,0.969,14,3,14
NR2_8210_8180,3,0.05,1.047,0.01,1.060093,44.45836,1.047,1.22,0.01,0.01,1,na,1.047,0.834690,-1.673,0.969,14,3,14
NR3_8420_8430,3,0.05,1.047,0.01,1.184670,52.90414,1.047,1.22,0.01,0.01,1,na,1.047,0.187775,-1.673,0.969,14,3,14
NR3_8290_8170,3,0.05,1.047,0.01,1.060093,44.45836,1.047,1.22,0.01,0.01,1,na,1.047,0.834690,-1.673,0.969,14,3,14
NR6_8180_8051,3,0.05,1.047,0.01,1.060093,44.45836,1.047,1.22,0.01,0.01,1,na,1.047,0.834690,-1.673,0.969,14,3,14
NR3_8690_8500,3,0.05,1.047,0.01,1.350000,74.46629,1.047,1.22,0.01,0.01,1,na,1.047,1.192327,-1.673,0.969,14,3,14
NR3_8430_7820,3,0.05,1.047,0.01,1.060093,44.45836,1.047,1.22,0.01,0.01,1,na,1.047,0.834690,-1.673,0.969,14,3,14
NR6_8170_7960,3,0.05,1.047,0.01,1.060093,44.45836,1.047,1.22,0.01,0.01,1,na,1.047,0.834690,-1.673,0.969,14,3,14
NR3_8740_8500,3,0.05,1.047,0.01,1.350000,74.46629,1.047,1.22,0.01,0.01,1,na,1.047,1.192327,-1.673,0.969,14,3,14
NR2_8600_8700,3,0.05,1.047,0.01,1.321297,75.63272,1.047,1.22,0.01,0.01,1,na,1.047,0.380389,-1.673,0.969,14,3,14
NR1_8820_8760,3,0.05,1.047,0.01,1.350000,74.46629,1.047,1.22,0.01,0.01,1,na,1.047,1.192327,-1.673,0.969,14,3,14
NR5_8700_8640,3,0.05,1.047,0.01,1.350000,74.46629,1.047,1.22,0.01,0.01,1,na,1.047,1.192327,-1.673,0.969,14,3,14
NR1_8960_8870,3,0.05,1.047,0.01,1.350000,37.83080,1.047,1.22,0.01,0.01,1,na,1.047,5.000000,-1.673,0.969,14,3,14
NR1_9150_9050,3,0.05,1.047,0.01,1.350000,37.83080,1.047,1.22,0.01,0.01,1,na,1.047,5.000000,-1.673,0.969,14,3,14
NR1_9030_9080,3,0.05,1.047,0.01,1.350000,37.83080,1.047,1.22,0.01,0.01,1,na,1.047,5.000000,-1.673,0.969,14,3,14
NR2_9250_9170,3,0.05,1.047,0.01,1.350000,37.83080,1.047,1.22,0.01,0.01,1,na,1.047,5.000000,-1.673,0.969,14,3,14
NR3_9310_9240,3,0.05,1.047,0.01,1.350000,37.83080,1.047,1.22,0.01,0.01,1,na,1.047,5.000000,-1.673,0.969,14,3,14
NR3_9190_9170,3,0.05,1.047,0.01,1.350000,37.83080,1.047,1.22,0.01,0.01,1,na,1.047,5.000000,-1.673,0.969,14,3,14
NR3_9170_9130,3,0.05,1.047,0.01,1.350000,37.83080,1.047,1.22,0.01,0.01,1,na,1.047,5.000000,-1.673,0.969,14,3,14
NR3_9240_9130,3,0.05,1.047,0.01,1.350000,37.83080,1.047,1.22,0.01,0.01,1,na,1.047,5.000000,-1.673,0.969,14,3,14
NR4_9130_9080,3,0.05,1.047,0.01,1.350000,37.83080,1.047,1.22,0.01,0.01,1,na,1.047,5.000000,-1.673,0.969,14,3,14
NR5_9080_9050,3,0.05,1.047,0.01,1.350000,37.83080,1.047,1.22,0.01,0.01,1,na,1.047,5.000000,-1.673,0.969,14,3,14
NR5_9050_8870,3,0.05,1.047,0.01,1.350000,37.83080,1.047,1.22,0.01,0.01,1,na,1.047,5.000000,-1.673,0.969,14,3,14
NR5_8870_8760,3,0.05,1.047,0.01,1.350000,74.46629,1.047,1.22,0.01,0.01,1,na,1.047,1.192327,-1.673,0.969,14,3,14
NR5_8760_8640,3,0.05,1.047,0.01,1.350000,74.46629,1.047,1.22,0.01,0.01,1,na,1.047,1.192327,-1.673,0.969,14,3,14
NR6_8640_8500,3,0.05,1.047,0.01,1.350000,74.46629,1.047,1.22,0.01,0.01,1,na,1.047,1.192327,-1.673,0.969,14,3,14
NR6_8500_7820,na,0.05,1.047,0.01,1.060093,44.45836,1.047,1.22,0.01,0.01,1,1.222631,na,na,na,na,14,3,14
NR6_7820_7960,3,0.05,1.047,0.01,1.060093,44.45836,1.047,1.22,0.01,0.01,1,na,1.047,0.834690,-1.673,0.969,14,3,14
NR6_7960_8050,3,0.05,1.047,0.01,1.060093,44.45836,1.047,1.22,0.01,0.01,1,na,1.047,0.834690,-1.673,0.969,14,3,14
NR6_8050_8051,3,0.05,1.047,0.01,1.060093,44.45836,1.047,1.22,0.01,0.01,1,na,1.047,0.834690,-1.673,0.969,14,3,14
NR6_8051_8000,3,0.05,1.047,0.01,1.060093,44.45836,1.047,1.22,0.01,0.01,1,na,1.047,0.834690,-1.673,0.969,14,3,14
SU1_1630_1610,3,0.05,1.047,0.01,1.000000,1.000000,1.047,1.22,0.01,0.01,1,na,1.047,5.000000,-1.673,0.969,14,3,14
SU2_1550_1620,3,0.05,1.047,0.01,1.000000,1.000000,1.047,1.22,0.01,0.01,1,na,1.047,5.000000,-1.673,0.969,14,3,14
SU2_1200_1310,3,0.05,1.047,0.01,1.000000,1.000000,1.047,1.22,0.01,0.01,1,na,1.047,5.000000,-1.673,0.969,14,3,14
SU1_1480_1500,3,0.05,1.047,0.01,1.000000,1.000000,1.047,1.22,0.01,0.01,1,na,1.047,5.000000,-1.673,0.969,14,3,14
SU2_1210_1310,3,0.05,1.047,0.01,1.000000,1.000000,1.047,1.22,0.01,0.01,1,na,1.047,5.000000,-1.673,0.969,14,3,14
SU2_0670_0810,3,0.05,1.047,0.01,1.000000,19.18396,1.047,1.22,0.01,0.01,1,na,1.047,0.091961,-1.673,0.969,14,3,14
SU2_1290_1500,3,0.05,1.047,0.01,1.000000,1.000000,1.047,1.22,0.01,0.01,1,na,1.047,5.000000,-1.673,0.969,14,3,14
SU3_1310_1280,3,0.05,1.047,0.01,1.000000,1.000000,1.047,1.22,0.01,0.01,1,na,1.047,5.000000,-1.673,0.969,14,3,14
SU3_1280_1590,3,0.05,1.047,0.01,1.000000,1.000000,1.047,1.22,0.01,0.01,1,na,1.047,5.000000,-1.673,0.969,14,3,14
SU3_1500_1420,3,0.05,1.047,0.01,1.000000,1.000000,1.047,1.22,0.01,0.01,1,na,1.047,5.000000,-1.673,0.969,14,3,14
SU2_1020_0980,3,0.05,1.047,0.01,1.000000,40.00000,1.047,1.22,0.01,0.01,1,na,1.047,0.050000,-1.673,0.969,14,3,14
SU3_0810_0970,3,0.05,1.047,0.01,1.000000,1.000000,1.047,1.22,0.01,0.01,1,na,1.047,5.000000,-1.673,0.969,14,3,14
SU1_0660_0710,3,0.05,1.047,0.01,1.171248,85.87035,1.047,1.22,0.01,0.01,1,na,1.047,0.460083,-1.673,0.969,14,3,14
SU2_0990_0950,3,0.05,1.047,0.01,1.000000,40.00000,1.047,1.22,0.01,0.01,1,na,1.047,0.050000,-1.673,0.969,14,3,14
SU3_0970_1120,3,0.05,1.047,0.01,1.000000,1.000000,1.047,1.22,0.01,0.01,1,na,1.047,1.415452,-1.673,0.969,14,3,14
SU2_0780_0710,3,0.05,1.047,0.01,1.171248,85.87035,1.047,1.22,0.01,0.01,1,na,1.047,0.460083,-1.673,0.969,14,3,14
SU2_0760_0960,3,0.05,1.047,0.01,1.000000,40.00000,1.047,1.22,0.01,0.01,1,na,1.047,0.050000,-1.673,0.969,14,3,14
SU2_0700_0860,3,0.05,1.047,0.01,1.000000,40.00000,1.047,1.22,0.01,0.01,1,na,1.047,0.050000,-1.673,0.969,14,3,14
SU3_0710_0910,3,0.05,1.047,0.01,1.171248,85.87035,1.047,1.22,0.01,0.01,1,na,1.047,0.460083,-1.673,0.969,14,3,14
SU3_0910_1010,3,0.05,1.047,0.01,1.000000,40.00000,1.047,1.22,0.01,0.01,1,na,1.047,0.050000,-1.673,0.969,14,3,14
SU1_0940_0900,3,0.05,1.047,0.01,1.150000,1.000000,1.047,1.22,0.01,0.01,1,na,1.047,5.000000,-1.673,0.969,14,3,14
SU2_0800_0850,3,0.05,1.047,0.01,1.000000,1.000000,1.047,1.22,0.01,0.01,1,na,1.047,5.000000,-1.673,0.969,14,3,14
SU2_0890_0900,3,0.05,1.047,0.01,1.150000,1.000000,1.047,1.22,0.01,0.01,1,na,1.047,5.000000,-1.673,0.969,14,3,14
SU2_0680_0610,3,0.05,1.047,0.01,1.292005,9.837179,1.047,1.22,0.01,0.01,1,na,1.047,5.000000,-1.673,0.969,14,3,14
SU2_0450_0720,3,0.05,1.047,0.01,1.000000,1.000000,1.047,1.22,0.01,0.01,1,na,1.047,5.000000,-1.673,0.969,14,3,14
SU2_0900_0870,3,0.05,1.047,0.01,1.150000,1.000000,1.047,1.22,0.01,0.01,1,na,1.047,5.000000,-1.673,0.969,14,3,14
SU3_0870_0730,3,0.05,1.047,0.01,1.000000,40.00000,1.047,1.22,0.01,0.01,1,na,1.047,0.050000,-1.673,0.969,14,3,14
SU3_0370_0490,3,0.05,1.047,0.01,1.292005,9.837179,1.047,1.22,0.01,0.01,1,na,1.047,5.000000,-1.673,0.969,14,3,14
SU2_0470_0590,3,0.05,1.047,0.01,1.000000,1.000000,1.047,1.22,0.01,0.01,1,na,1.047,5.000000,-1.673,0.969,14,3,14
SU2_0440_0550,3,0.05,1.047,0.01,1.000000,1.000000,1.047,1.22,0.01,0.01,1,na,1.047,5.000000,-1.673,0.969,14,3,14
SU2_0640_0630,3,0.05,1.047,0.01,1.292005,9.837179,1.047,1.22,0.01,0.01,1,na,1.047,5.000000,-1.673,0.969,14,3,14
SU3_0490_0530,3,0.05,1.047,0.01,1.292005,9.837179,1.047,1.22,0.01,0.01,1,na,1.047,5.000000,-1.673,0.969,14,3,14
SU1_0330_0560,3,0.05,1.047,0.01,1.000000,1.000000,1.047,1.22,0.01,0.01,1,na,1.047,5.000000,-1.673,0.969,14,3,14
SU1_0390_0560,3,0.05,1.047,0.01,1.000000,1.000000,1.047,1.22,0.01,0.01,1,na,1.047,5.000000,-1.673,0.969,14,3,14
SU1_0820_0740,3,0.05,1.047,0.01,1.084969,1.000000,1.047,1.22,0.01,0.01,1,na,1.047,5.000000,-1.673,0.969,14,3,14
SU2_0510_0570,3,0.05,1.047,0.01,1.292005,9.837179,1.047,1.22,0.01,0.01,1,na,1.047,5.000000,-1.673,0.969,14,3,14
SU2_0110_0240,3,0.05,1.047,0.01,1.000000,1.000000,1.047,1.22,0.01,0.01,1,na,1.047,5.000000,-1.673,0.969,14,3,14
SU1_0410_0480,3,0.05,1.047,0.01,1.014080,58.95621,1.047,1.22,0.01,0.01,1,na,1.047,0.486636,-1.673,0.969,14,3,14
SU2_0560_0590,3,0.05,1.047,0.01,1.000000,1.000000,1.047,1.22,0.01,0.01,1,na,1.047,5.000000,-1.673,0.969,14,3,14
SU3_0590_0540,3,0.05,1.047,0.01,1.000000,1.000000,1.047,1.22,0.01,0.01,1,na,1.047,5.000000,-1.673,0.969,14,3,14
SU2_0620_0580,3,0.05,1.047,0.01,1.292005,9.837179,1.047,1.22,0.01,0.01,1,na,1.047,5.000000,-1.673,0.969,14,3,14
SU1_0840_0831,3,0.05,1.047,0.01,1.000000,1.000000,1.047,1.22,0.01,0.01,1,na,1.047,5.000000,-1.673,0.969,14,3,14
SU2_0740_0741,3,0.05,1.047,0.01,1.084969,1.000000,1.047,1.22,0.01,0.01,1,na,1.047,5.000000,-1.673,0.969,14,3,14
SU2_0280_0430,3,0.05,1.047,0.01,1.000000,1.000000,1.047,1.22,0.01,0.01,1,na,1.047,5.000000,-1.673,0.969,14,3,14
SU2_0120_0260,3,0.05,1.047,0.01,1.000000,1.000000,1.047,1.22,0.01,0.01,1,na,1.047,5.000000,-1.673,0.969,14,3,14
SU2_0360_0460,3,0.05,1.047,0.01,1.014080,58.95621,1.047,1.22,0.01,0.01,1,na,1.047,0.486636,-1.673,0.969,14,3,14
SU3_0240_0350,na,0.05,1.047,0.01,1.000000,1.000000,1.047,1.22,0.01,0.01,1,2.000000,na,na,na,na,14,3,14
SU2_0570_0580,3,0.05,1.047,0.01,1.292005,9.837179,1.047,1.22,0.01,0.01,1,na,1.047,5.000000,-1.673,0.969,14,3,14
SU4_0580_0630,3,0.05,1.047,0.01,1.292005,9.837179,1.047,1.22,0.01,0.01,1,na,1.047,5.000000,-1.673,0.969,14,3,14
SU2_0920_0830,3,0.05,1.047,0.01,1.000000,1.000000,1.047,1.22,0.01,0.01,1,na,1.047,5.000000,-1.673,0.969,14,3,14
SU2_0741_0690,na,0.05,1.047,0.01,1.084969,1.000000,1.047,1.22,0.01,0.01,1,2.000000,na,na,na,na,14,3,14
SU1_0200_0270,3,0.05,1.047,0.01,1.000000,1.000000,1.047,1.22,0.01,0.01,1,na,1.047,5.000000,-1.673,0.969,14,3,14
SU1_0050_0090,3,0.05,1.047,0.01,1.000000,1.000000,1.047,1.22,0.01,0.01,1,na,1.047,5.000000,-1.673,0.969,14,3,14
SU2_0160_0260,3,0.05,1.047,0.01,1.000000,1.000000,1.047,1.22,0.01,0.01,1,na,1.047,5.000000,-1.673,0.969,14,3,14
SU4_0630_0650,3,0.05,1.047,0.01,1.292005,9.837179,1.047,1.22,0.01,0.01,1,na,1.047,5.000000,-1.673,0.969,14,3,14
SU2_0830_0831,3,0.05,1.047,0.01,1.000000,1.000000,1.047,1.22,0.01,0.01,1,na,1.047,5.000000,-1.673,0.969,14,3,14
SU3_0831_0790,na,0.05,1.047,0.01,1.000000,1.000000,1.047,1.22,0.01,0.01,1,2.000000,na,na,na,na,14,3,14
SU3_0790_0770,3,0.05,1.047,0.01,1.086310,1.000000,1.047,1.22,0.01,0.01,1,na,1.047,4.193726,-1.673,0.969,14,3,14
SU1_0380_0400,3,0.05,1.047,0.01,1.014080,58.95621,1.047,1.22,0.01,0.01,1,na,1.047,0.486636,-1.673,0.969,14,3,14
SU1_0080_0210,3,0.05,1.047,0.01,1.014080,58.95621,1.047,1.22,0.01,0.01,1,na,1.047,0.486636,-1.673,0.969,14,3,14
SU4_0260_0350,3,0.05,1.047,0.01,1.000000,1.000000,1.047,1.22,0.01,0.01,1,na,1.047,5.000000,-1.673,0.969,14,3,14
SU4_0350_0420,3,0.05,1.047,0.01,1.000000,1.000000,1.047,1.22,0.01,0.01,1,na,1.047,5.000000,-1.673,0.969,14,3,14
SU2_0070_0090,3,0.05,1.047,0.01,1.000000,1.000000,1.047,1.22,0.01,0.01,1,na,1.047,5.000000,-1.673,0.969,14,3,14
SU3_0090_0170,3,0.05,1.047,0.01,1.000000,1.000000,1.047,1.22,0.01,0.01,1,na,1.047,5.000000,-1.673,0.969,14,3,14
SU3_0770_0690,3,0.05,1.047,0.01,1.350000,200.0000,1.047,1.22,0.01,0.01,1,na,1.047,0.206685,-1.673,0.969,14,3,14
SU4_0690_0650,3,0.05,1.047,0.01,1.350000,200.0000,1.047,1.22,0.01,0.01,1,na,1.047,0.206685,-1.673,0.969,14,3,14
SU5_0650_0530,3,0.05,1.047,0.01,1.292005,9.837179,1.047,1.22,0.01,0.01,1,na,1.047,5.000000,-1.673,0.969,14,3,14
SU3_0170_0270,3,0.05,1.047,0.01,1.000000,1.000000,1.047,1.22,0.01,0.01,1,na,1.047,5.000000,-1.673,0.969,14,3,14
SU2_0290_0291,3,0.05,1.047,0.01,1.014080,58.95621,1.047,1.22,0.01,0.01,1,na,1.047,0.486636,-1.673,0.969,14,3,14
SU1_0060_0190,3,0.05,1.047,0.01,1.014080,58.95621,1.047,1.22,0.01,0.01,1,na,1.047,0.486636,-1.673,0.969,14,3,14
SU4_0270_0430,3,0.05,1.047,0.01,1.000000,1.000000,1.047,1.22,0.01,0.01,1,na,1.047,5.000000,-1.673,0.969,14,3,14
SU2_0210_0300,3,0.05,1.047,0.01,1.014080,58.95621,1.047,1.22,0.01,0.01,1,na,1.047,0.486636,-1.673,0.969,14,3,14
SU2_0130_0250,3,0.05,1.047,0.01,1.014080,58.95621,1.047,1.22,0.01,0.01,1,na,1.047,0.486636,-1.673,0.969,14,3,14
SU4_0430_0420,3,0.05,1.047,0.01,1.000000,1.000000,1.047,1.22,0.01,0.01,1,na,1.047,5.000000,-1.673,0.969,14,3,14
SU5_0530_0610,3,0.05,1.047,0.01,1.292005,9.837179,1.047,1.22,0.01,0.01,1,na,1.047,5.000000,-1.673,0.969,14,3,14
SU5_0610_0600,3,0.05,1.047,0.01,1.292005,9.837179,1.047,1.22,0.01,0.01,1,na,1.047,5.000000,-1.673,0.969,14,3,14
SU5_0420_0500,3,0.05,1.047,0.01,1.000000,1.000000,1.047,1.22,0.01,0.01,1,na,1.047,5.000000,-1.673,0.969,14,3,14
SU2_0291_0320,na,0.05,1.047,0.01,1.014080,58.95621,1.047,1.22,0.01,0.01,1,0.988230,na,na,na,na,14,3,14
SU3_0010_0190,3,0.05,1.047,0.01,1.014080,58.95621,1.047,1.22,0.01,0.01,1,na,1.047,0.486636,-1.673,0.969,14,3,14
SU5_0600_0750,3,0.05,1.047,0.01,1.000000,1.000000,1.047,1.22,0.01,0.01,1,na,1.047,5.000000,-1.673,0.969,14,3,14
SU3_0190_0300,3,0.05,1.047,0.01,1.014080,58.95621,1.047,1.22,0.01,0.01,1,na,1.047,0.486636,-1.673,0.969,14,3,14
SU4_0300_0310,3,0.05,1.047,0.01,1.014080,58.95621,1.047,1.22,0.01,0.01,1,na,1.047,0.486636,-1.673,0.969,14,3,14
SU2_0150_0220,3,0.05,1.047,0.01,1.014080,58.95621,1.047,1.22,0.01,0.01,1,na,1.047,0.486636,-1.673,0.969,14,3,14
SU2_0100_0230,3,0.05,1.047,0.01,1.014080,58.95621,1.047,1.22,0.01,0.01,1,na,1.047,0.486636,-1.673,0.969,14,3,14
SU2_0320_0340,3,0.05,1.047,0.01,1.014080,58.95621,1.047,1.22,0.01,0.01,1,na,1.047,0.486636,-1.673,0.969,14,3,14
SU2_0040_0180,3,0.05,1.047,0.01,1.014080,58.95621,1.047,1.22,0.01,0.01,1,na,1.047,0.486636,-1.673,0.969,14,3,14
SU2_0020_0140,3,0.05,1.047,0.01,1.014080,58.95621,1.047,1.22,0.01,0.01,1,na,1.047,0.486636,-1.673,0.969,14,3,14
SU2_0030_0140,na,0.05,1.047,0.01,1.014080,58.95621,1.047,1.22,0.01,0.01,1,0.988230,na,na,na,na,14,3,14
SU3_0140_0180,3,0.05,1.047,0.01,1.014080,58.95621,1.047,1.22,0.01,0.01,1,na,1.047,0.486636,-1.673,0.969,14,3,14
SU3_0180_0230,3,0.05,1.047,0.01,1.014080,58.95621,1.047,1.22,0.01,0.01,1,na,1.047,0.486636,-1.673,0.969,14,3,14
SU4_0230_0220,3,0.05,1.047,0.01,1.014080,58.95621,1.047,1.22,0.01,0.01,1,na,1.047,0.486636,-1.673,0.969,14,3,14
SU4_0220_0250,3,0.05,1.047,0.01,1.014080,58.95621,1.047,1.22,0.01,0.01,1,na,1.047,0.486636,-1.673,0.969,14,3,14
SU4_0250_0340,3,0.05,1.047,0.01,1.014080,58.95621,1.047,1.22,0.01,0.01,1,na,1.047,0.486636,-1.673,0.969,14,3,14
SU5_0340_0310,3,0.05,1.047,0.01,1.014080,58.95621,1.047,1.22,0.01,0.01,1,na,1.047,0.486636,-1.673,0.969,14,3,14
SU5_0310_0400,3,0.05,1.047,0.01,1.014080,58.95621,1.047,1.22,0.01,0.01,1,na,1.047,0.486636,-1.673,0.969,14,3,14
SU5_0400_0460,3,0.05,1.047,0.01,1.014080,58.95621,1.047,1.22,0.01,0.01,1,na,1.047,0.486636,-1.673,0.969,14,3,14
SU5_0460_0480,3,0.05,1.047,0.01,1.014080,58.95621,1.047,1.22,0.01,0.01,1,na,1.047,0.486636,-1.673,0.969,14,3,14
SU6_0480_0520,3,0.05,1.047,0.01,1.014080,58.95621,1.047,1.22,0.01,0.01,1,na,1.047,0.486636,-1.673,0.969,14,3,14
SU6_0520_0500,3,0.05,1.047,0.01,1.000000,1.000000,1.047,1.22,0.01,0.01,1,na,1.047,5.000000,-1.673,0.969,14,3,14
SU6_0500_0550,3,0.05,1.047,0.01,1.000000,1.000000,1.047,1.22,0.01,0.01,1,na,1.047,5.000000,-1.673,0.969,14,3,14
SU7_0550_0540,3,0.05,1.047,0.01,1.000000,1.000000,1.047,1.22,0.01,0.01,1,na,1.047,5.000000,-1.673,0.969,14,3,14
SU7_0540_0720,3,0.05,1.047,0.01,1.000000,1.000000,1.047,1.22,0.01,0.01,1,na,1.047,5.000000,-1.673,0.969,14,3,14
SU7_0720_0750,3,0.05,1.047,0.01,1.000000,1.000000,1.047,1.22,0.01,0.01,1,na,1.047,5.000000,-1.673,0.969,14,3,14
SU7_0750_0850,3,0.05,1.047,0.01,1.000000,1.000000,1.047,1.22,0.01,0.01,1,na,1.047,5.000000,-1.673,0.969,14,3,14
SU7_0850_0730,3,0.05,1.047,0.01,1.000000,1.000000,1.047,1.22,0.01,0.01,1,na,1.047,5.000000,-1.673,0.969,14,3,14
SU7_0730_0860,3,0.05,1.047,0.01,1.000000,40.00000,1.047,1.22,0.01,0.01,1,na,1.047,0.050000,-1.673,0.969,14,3,14
SU7_0860_0960,3,0.05,1.047,0.01,1.000000,40.00000,1.047,1.22,0.01,0.01,1,na,1.047,0.050000,-1.673,0.969,14,3,14
SU7_0960_0950,3,0.05,1.047,0.01,1.000000,40.00000,1.047,1.22,0.01,0.01,1,na,1.047,0.050000,-1.673,0.969,14,3,14
SU7_0950_1010,3,0.05,1.047,0.01,1.000000,40.00000,1.047,1.22,0.01,0.01,1,na,1.047,0.050000,-1.673,0.969,14,3,14
SU7_1010_0980,3,0.05,1.047,0.01,1.000000,40.00000,1.047,1.22,0.01,0.01,1,na,1.047,0.050000,-1.673,0.969,14,3,14
SU7_0980_1120,3,0.05,1.047,0.01,1.000000,40.00000,1.047,1.22,0.01,0.01,1,na,1.047,0.050000,-1.673,0.969,14,3,14
SU7_1120_1140,3,0.05,1.047,0.01,1.000000,40.00000,1.047,1.22,0.01,0.01,1,na,1.047,0.050000,-1.673,0.969,14,3,14
SU7_1140_1420,3,0.05,1.047,0.01,1.000000,1.000000,1.047,1.22,0.01,0.01,1,na,1.047,5.000000,-1.673,0.969,14,3,14
SU7_1420_1590,3,0.05,1.047,0.01,1.000000,1.000000,1.047,1.22,0.01,0.01,1,na,1.047,5.000000,-1.673,0.969,14,3,14
SU8_1590_1620,3,0.05,1.047,0.01,1.000000,1.000000,1.047,1.22,0.01,0.01,1,na,1.047,5.000000,-1.673,0.969,14,3,14
SU8_1620_1610,3,0.05,1.047,0.01,1.000000,1.000000,1.047,1.22,0.01,0.01,1,na,1.047,5.000000,-1.673,0.969,14,3,14
SU8_1610_1530,3,0.05,1.047,0.01,1.000000,1.000000,1.047,1.22,0.01,0.01,1,na,1.047,5.000000,-1.673,0.969,14,3,14
SW1_1570_1640,3,0.05,1.047,0.01,1.350000,200.0000,1.047,1.22,0.01,0.01,1,na,1.047,0.119724,-1.673,0.969,14,3,14
SW1_1560_1460,3,0.05,1.047,0.01,1.350000,200.0000,1.047,1.22,0.01,0.01,1,na,1.047,0.119724,-1.673,0.969,14,3,14
SW1_1180_1190,3,0.05,1.047,0.01,1.350000,200.0000,1.047,1.22,0.01,0.01,1,na,1.047,0.119724,-1.673,0.969,14,3,14
SW1_1160_1260,3,0.05,1.047,0.01,1.350000,199.2309,1.047,1.22,0.01,0.01,1,na,1.047,5.000000,-1.673,0.969,14,3,14
SW2_1190_1410,3,0.05,1.047,0.01,1.350000,200.0000,1.047,1.22,0.01,0.01,1,na,1.047,0.119724,-1.673,0.969,14,3,14
SW3_1040_1220,3,0.05,1.047,0.01,1.350000,1.000000,1.047,1.22,0.01,0.01,1,na,1.047,5.000000,-1.673,0.969,14,3,14
SW2_1030_1060,3,0.05,1.047,0.01,1.350000,199.2309,1.047,1.22,0.01,0.01,1,na,1.047,5.000000,-1.673,0.969,14,3,14
SW2_1070_1060,3,0.05,1.047,0.01,1.350000,199.2309,1.047,1.22,0.01,0.01,1,na,1.047,5.000000,-1.673,0.969,14,3,14
SW3_1250_1340,3,0.05,1.047,0.01,1.243493,25.56310,1.047,1.22,0.01,0.01,1,na,1.047,5.000000,-1.673,0.969,14,3,14
SW3_1220_1320,3,0.05,1.047,0.01,1.243493,25.56310,1.047,1.22,0.01,0.01,1,na,1.047,5.000000,-1.673,0.969,14,3,14
SW3_1060_1260,3,0.05,1.047,0.01,1.350000,199.2309,1.047,1.22,0.01,0.01,1,na,1.047,5.000000,-1.673,0.969,14,3,14
SW4_1260_1300,3,0.05,1.047,0.01,1.350000,200.0000,1.047,1.22,0.01,0.01,1,na,1.047,0.119724,-1.673,0.969,14,3,14
SW3_1080_1350,3,0.05,1.047,0.01,1.350000,40.00000,1.047,1.22,0.01,0.01,1,na,1.047,5.000000,-1.673,0.969,14,3,14
SW0_1520_1600,3,0.05,1.047,0.01,1.161072,108.4219,1.047,1.22,0.01,0.01,1,na,1.047,0.378448,-1.673,0.969,14,3,14
SW2_1000_1110,3,0.05,1.047,0.01,1.350000,40.00000,1.047,1.22,0.01,0.01,1,na,1.047,5.000000,-1.673,0.969,14,3,14
SW2_0880_0930,3,0.05,1.047,0.01,1.350000,40.00000,1.047,1.22,0.01,0.01,1,na,1.047,5.000000,-1.673,0.969,14,3,14
SW2_1100_1130,3,0.05,1.047,0.01,1.226203,82.32203,1.047,1.22,0.01,0.01,1,na,1.047,5.000000,-1.673,0.969,14,3,14
SW1_1910_1890,3,0.05,1.047,0.01,1.000000,1.000000,1.047,1.22,0.01,0.01,1,na,1.047,5.000000,-1.673,0.969,14,3,14
SW2_1050_0930,3,0.05,1.047,0.01,1.350000,40.00000,1.047,1.22,0.01,0.01,1,na,1.047,5.000000,-1.673,0.969,14,3,14
SW3_1600_1580,3,0.05,1.047,0.01,1.243493,25.56310,1.047,1.22,0.01,0.01,1,na,1.047,5.000000,-1.673,0.969,14,3,14
SW3_1090_1091,3,0.05,1.047,0.01,1.010265,1.000000,1.047,1.22,0.01,0.01,1,na,1.047,5.000000,-1.673,0.969,14,3,14
SW2_1770_1690,3,0.05,1.047,0.01,1.144230,3.372535,1.047,1.22,0.01,0.01,1,na,1.047,5.000000,-1.673,0.969,14,3,14
SW3_0930_1110,3,0.05,1.047,0.01,1.350000,40.00000,1.047,1.22,0.01,0.01,1,na,1.047,5.000000,-1.673,0.969,14,3,14
SW4_1110_1150,3,0.05,1.047,0.01,1.350000,40.00000,1.047,1.22,0.01,0.01,1,na,1.047,5.000000,-1.673,0.969,14,3,14
SW1_1890_1830,3,0.05,1.047,0.01,1.000000,1.000000,1.047,1.22,0.01,0.01,1,na,1.047,5.000000,-1.673,0.969,14,3,14
SW3_1130_1390,na,0.05,1.047,0.01,1.226203,82.32203,1.047,1.22,0.01,0.01,1,2.000000,na,na,na,na,14,3,14
SW3_1920_1750,3,0.05,1.047,0.01,1.000000,1.000000,1.047,1.22,0.01,0.01,1,na,1.047,0.325067,-1.673,0.969,14,3,14
SW1_1830_1690,3,0.05,1.047,0.01,1.144230,3.372535,1.047,1.22,0.01,0.01,1,na,1.047,5.000000,-1.673,0.969,14,3,14
SW4_1150_1350,3,0.05,1.047,0.01,1.350000,40.00000,1.047,1.22,0.01,0.01,1,na,1.047,5.000000,-1.673,0.969,14,3,14
SW5_1350_1470,3,0.05,1.047,0.01,1.243493,25.56310,1.047,1.22,0.01,0.01,1,na,1.047,5.000000,-1.673,0.969,14,3,14
SW3_1690_1660,na,0.05,1.047,0.01,1.144820,47.48428,1.047,1.22,0.01,0.01,1,1.178765,na,na,na,na,14,3,14
SW2_1360_1430,3,0.05,1.047,0.01,1.153819,104.4898,1.047,1.22,0.01,0.01,1,na,1.047,0.193245,-1.673,0.969,14,3,14
SW3_1390_1330,3,0.05,1.047,0.01,1.149350,42.51425,1.047,1.22,0.01,0.01,1,na,1.047,5.000000,-1.673,0.969,14,3,14
SW3_1091_1380,na,0.05,1.047,0.01,1.010265,1.000000,1.047,1.22,0.01,0.01,1,2.000000,na,na,na,na,14,3,14
SW3_1660_1580,3,0.05,1.047,0.01,1.243493,25.56310,1.047,1.22,0.01,0.01,1,na,1.047,5.000000,-1.673,0.969,14,3,14
SW3_1870_1800,3,0.05,1.047,0.01,1.139544,60.13115,1.047,1.22,0.01,0.01,1,na,1.047,0.219908,-1.673,0.969,14,3,14
SW3_1750_1540,3,0.05,1.047,0.01,1.000000,10.48910,1.047,1.22,0.01,0.01,1,na,1.047,0.145938,-1.673,0.969,14,3,14
SW1_1170_1270,3,0.05,1.047,0.01,1.144555,1.661938,1.047,1.22,0.01,0.01,1,na,1.047,3.608728,-1.673,0.969,14,3,14
SW2_1240_1270,3,0.05,1.047,0.01,1.144555,1.661938,1.047,1.22,0.01,0.01,1,na,1.047,3.608728,-1.673,0.969,14,3,14
SW3_1380_1490,3,0.05,1.047,0.01,1.149350,42.51425,1.047,1.22,0.01,0.01,1,na,1.047,5.000000,-1.673,0.969,14,3,14
SW3_1580_1440,3,0.05,1.047,0.01,1.243493,25.56310,1.047,1.22,0.01,0.01,1,na,1.047,5.000000,-1.673,0.969,14,3,14
SW2_1950_1940,3,0.05,1.047,0.01,1.000000,16.71568,1.047,1.22,0.01,0.01,1,na,1.047,0.958986,-1.673,0.969,14,3,14
SW3_1800_1650,3,0.05,1.047,0.01,1.000000,10.48910,1.047,1.22,0.01,0.01,1,na,1.047,0.145938,-1.673,0.969,14,3,14
SW2_2020_1940,3,0.05,1.047,0.01,1.000000,16.71568,1.047,1.22,0.01,0.01,1,na,1.047,0.958986,-1.673,0.969,14,3,14
SW3_1270_1370,3,0.05,1.047,0.01,1.144555,1.661938,1.047,1.22,0.01,0.01,1,na,1.047,3.608728,-1.673,0.969,14,3,14
SW3_1370_1430,3,0.05,1.047,0.01,1.153819,104.4898,1.047,1.22,0.01,0.01,1,na,1.047,0.193245,-1.673,0.969,14,3,14
SW4_1940_1860,3,0.05,1.047,0.01,1.000000,16.71568,1.047,1.22,0.01,0.01,1,na,1.047,0.958986,-1.673,0.969,14,3,14
SW4_1860_1720,na,0.05,1.047,0.01,1.000000,1.000000,1.047,1.22,0.01,0.01,1,0.739524,na,na,na,na,14,3,14
SW4_1430_1490,3,0.05,1.047,0.01,1.153819,104.4898,1.047,1.22,0.01,0.01,1,na,1.047,0.193245,-1.673,0.969,14,3,14
SW4_1490_1400,3,0.05,1.047,0.01,1.149350,42.51425,1.047,1.22,0.01,0.01,1,na,1.047,5.000000,-1.673,0.969,14,3,14
SW4_1720_1650,3,0.05,1.047,0.01,1.000000,10.48910,1.047,1.22,0.01,0.01,1,na,1.047,0.145938,-1.673,0.969,14,3,14
SW5_1650_1540,3,0.05,1.047,0.01,1.000000,10.48910,1.047,1.22,0.01,0.01,1,na,1.047,0.145938,-1.673,0.969,14,3,14
SW5_1540_1400,3,0.05,1.047,0.01,1.149350,42.51425,1.047,1.22,0.01,0.01,1,na,1.047,5.000000,-1.673,0.969,14,3,14
SW6_1400_1330,3,0.05,1.047,0.01,1.149350,42.51425,1.047,1.22,0.01,0.01,1,na,1.047,5.000000,-1.673,0.969,14,3,14
SW6_1330_1230,3,0.05,1.047,0.01,1.149350,42.51425,1.047,1.22,0.01,0.01,1,na,1.047,5.000000,-1.673,0.969,14,3,14
SW6_1230_1440,3,0.05,1.047,0.01,1.243493,25.56310,1.047,1.22,0.01,0.01,1,na,1.047,5.000000,-1.673,0.969,14,3,14
SW6_1440_1470,3,0.05,1.047,0.01,1.243493,25.56310,1.047,1.22,0.01,0.01,1,na,1.047,5.000000,-1.673,0.969,14,3,14
SW7_1470_1340,3,0.05,1.047,0.01,1.243493,25.56310,1.047,1.22,0.01,0.01,1,na,1.047,5.000000,-1.673,0.969,14,3,14
SW7_1340_1320,3,0.05,1.047,0.01,1.243493,25.56310,1.047,1.22,0.01,0.01,1,na,1.047,5.000000,-1.673,0.969,14,3,14
SW7_1320_1300,3,0.05,1.047,0.01,1.350000,200.0000,1.047,1.22,0.01,0.01,1,na,1.047,0.119724,-1.673,0.969,14,3,14
SW7_1300_1410,3,0.05,1.047,0.01,1.350000,200.0000,1.047,1.22,0.01,0.01,1,na,1.047,0.119724,-1.673,0.969,14,3,14
SW7_1410_1460,3,0.05,1.047,0.01,1.350000,200.0000,1.047,1.22,0.01,0.01,1,na,1.047,0.119724,-1.673,0.969,14,3,14
SW7_1460_1640,3,0.05,1.047,0.01,1.350000,200.0000,1.047,1.22,0.01,0.01,1,na,1.047,0.119724,-1.673,0.969,14,3,14
SJ2_2150_2130,3,0.05,1.047,0.01,1.350000,157.3791,1.047,1.22,0.01,0.01,1,na,1.047,5.000000,-1.673,0.969,14,3,14
SJ2_2110_2170,3,0.05,1.047,0.01,1.350000,157.3791,1.047,1.22,0.01,0.01,1,na,1.047,5.000000,-1.673,0.969,14,3,14
SJ2_1900_1930,3,0.05,1.047,0.01,1.350000,157.3791,1.047,1.22,0.01,0.01,1,na,1.047,5.000000,-1.673,0.969,14,3,14
SJ3_2160_2170,3,0.05,1.047,0.01,1.350000,157.3791,1.047,1.22,0.01,0.01,1,na,1.047,5.000000,-1.673,0.969,14,3,14
SJ3_2170_1970,3,0.05,1.047,0.01,1.350000,157.3791,1.047,1.22,0.01,0.01,1,na,1.047,5.000000,-1.673,0.969,14,3,14
SJ1_2280_2450,3,0.05,1.047,0.01,1.350000,157.3791,1.047,1.22,0.01,0.01,1,na,1.047,5.000000,-1.673,0.969,14,3,14
SJ3_2040_1980,3,0.05,1.047,0.01,1.150000,1.000000,1.047,1.22,0.01,0.01,1,na,1.047,5.000000,-1.673,0.969,14,3,14
SJ2_2580_2500,3,0.05,1.047,0.01,1.350000,157.3791,1.047,1.22,0.01,0.01,1,na,1.047,5.000000,-1.673,0.969,14,3,14
SJ2_2500_2450,3,0.05,1.047,0.01,1.350000,157.3791,1.047,1.22,0.01,0.01,1,na,1.047,5.000000,-1.673,0.969,14,3,14
SJ2_2570_2660,3,0.05,1.047,0.01,1.350000,40.00000,1.047,1.22,0.01,0.01,1,na,1.047,5.000000,-1.673,0.969,14,3,14
SJ3_2450_2120,3,0.05,1.047,0.01,1.350000,157.3791,1.047,1.22,0.01,0.01,1,na,1.047,5.000000,-1.673,0.969,14,3,14
SJ3_2250_2230,3,0.05,1.047,0.01,1.350000,43.25483,1.047,1.22,0.01,0.01,1,na,1.047,5.000000,-1.673,0.969,14,3,14
SJ2_2530_2820,3,0.05,1.047,0.01,1.350000,40.00000,1.047,1.22,0.01,0.01,1,na,1.047,5.000000,-1.673,0.969,14,3,14
SJ3_1980_2060,3,0.05,1.047,0.01,1.030515,1.000000,1.047,1.22,0.01,0.01,1,na,1.047,5.000000,-1.673,0.969,14,3,14
SJ3_2230_2060,3,0.05,1.047,0.01,1.030515,1.000000,1.047,1.22,0.01,0.01,1,na,1.047,5.000000,-1.673,0.969,14,3,14
SJ2_2900_2740,3,0.05,1.047,0.01,1.350000,40.00000,1.047,1.22,0.01,0.01,1,na,1.047,5.000000,-1.673,0.969,14,3,14
SJ4_2060_2010,3,0.05,1.047,0.01,1.030515,1.000000,1.047,1.22,0.01,0.01,1,2.000000,1.047,5.000000,-1.673,0.969,14,3,14
SJ4_2010_2210,3,0.05,1.047,0.01,1.350000,63.79615,1.047,1.22,0.01,0.01,1,na,1.047,5.000000,-1.673,0.969,14,3,14
SJ2_2820_2740,3,0.05,1.047,0.01,1.350000,40.00000,1.047,1.22,0.01,0.01,1,na,1.047,5.000000,-1.673,0.969,14,3,14
SJ4_2740_2660,3,0.05,1.047,0.01,1.350000,40.00000,1.047,1.22,0.01,0.01,1,na,1.047,5.000000,-1.673,0.969,14,3,14
SJ4_2660_2360,3,0.05,1.047,0.01,1.350000,40.00000,1.047,1.22,0.01,0.01,1,na,1.047,5.000000,-1.673,0.969,14,3,14
SJ4_2360_2340,na,0.05,1.047,0.01,1.350000,63.79615,1.047,1.22,0.01,0.01,1,2.000000,na,na,na,na,14,3,14
SJ4_2340_2210,3,0.05,1.047,0.01,1.350000,63.79615,1.047,1.22,0.01,0.01,1,na,1.047,5.000000,-1.673,0.969,14,3,14
SJ5_2210_2320,3,0.05,1.047,0.01,1.350000,63.79615,1.047,1.22,0.01,0.01,1,na,1.047,5.000000,-1.673,0.969,14,3,14
SJ5_2320_2120,3,0.05,1.047,0.01,1.350000,157.3791,1.047,1.22,0.01,0.01,1,na,1.047,5.000000,-1.673,0.969,14,3,14
SJ5_2120_1930,3,0.05,1.047,0.01,1.350000,157.3791,1.047,1.22,0.01,0.01,1,na,1.047,5.000000,-1.673,0.969,14,3,14
SJ6_1930_1970,3,0.05,1.047,0.01,1.350000,157.3791,1.047,1.22,0.01,0.01,1,na,1.047,5.000000,-1.673,0.969,14,3,14
SJ6_1970_2130,3,0.05,1.047,0.01,1.350000,157.3791,1.047,1.22,0.01,0.01,1,na,1.047,5.000000,-1.673,0.969,14,3,14
SL0_2721_2720,3,0.05,1.047,0.01,1.350000,84.44556,1.047,1.22,0.01,0.01,1,na,1.047,2.921591,-1.673,0.969,14,3,14
SL2_2750_2720,3,0.05,1.047,0.01,1.350000,84.44556,1.047,1.22,0.01,0.01,1,na,1.047,2.921591,-1.673,0.969,14,3,14
SL2_2410_2700,3,0.05,1.047,0.01,1.350000,84.44556,1.047,1.22,0.01,0.01,1,na,1.047,2.921591,-1.673,0.969,14,3,14
SL1_2390_2420,3,0.05,1.047,0.01,1.350000,200.0000,1.047,1.22,0.01,0.01,1,na,1.047,0.050000,-1.673,0.969,14,3,14
SL2_2300_2520,3,0.05,1.047,0.01,1.350000,84.44556,1.047,1.22,0.01,0.01,1,na,1.047,2.921591,-1.673,0.969,14,3,14
SL1_2190_2350,3,0.05,1.047,0.01,1.350000,59.40478,1.047,1.22,0.01,0.01,1,na,1.047,0.719767,-1.673,0.969,14,3,14
SL2_2200_2350,3,0.05,1.047,0.01,1.350000,59.40478,1.047,1.22,0.01,0.01,1,na,1.047,0.719767,-1.673,0.969,14,3,14
SL0_2831_2830,na,0.05,1.047,0.01,1.264039,200.0000,1.047,1.22,0.01,0.01,1,0.100000,na,na,na,na,14,3,14
SL3_2460_2430,3,0.05,1.047,0.01,1.170595,100.5744,1.047,1.22,0.01,0.01,1,na,1.047,0.895102,-1.673,0.969,14,3,14
SL3_2350_2470,3,0.05,1.047,0.01,1.350000,59.40478,1.047,1.22,0.01,0.01,1,na,1.047,0.719767,-1.673,0.969,14,3,14
SL1_2770_2730,3,0.05,1.047,0.01,1.350000,112.5331,1.047,1.22,0.01,0.01,1,na,1.047,5.000000,-1.673,0.969,14,3,14
SL0_2180_2220,3,0.05,1.047,0.01,1.350000,40.00000,1.047,1.22,0.01,0.01,1,na,1.047,5.000000,-1.673,0.969,14,3,14
SL3_2470_2420,3,0.05,1.047,0.01,1.152357,1.000000,1.047,1.22,0.01,0.01,1,na,1.047,5.000000,-1.673,0.969,14,3,14
SL3_2420_2700,3,0.05,1.047,0.01,1.152357,1.000000,1.047,1.22,0.01,0.01,1,na,1.047,5.000000,-1.673,0.969,14,3,14
SL3_2400_2440,3,0.05,1.047,0.01,1.134433,20.23762,1.047,1.22,0.01,0.01,1,na,1.047,5.000000,-1.673,0.969,14,3,14
SL1_2830_2760,3,0.05,1.047,0.01,1.264039,200.0000,1.047,1.22,0.01,0.01,1,na,1.047,0.050000,-1.673,0.969,14,3,14
SL1_2760_2730,3,0.05,1.047,0.01,1.334119,105.7874,1.047,1.22,0.01,0.01,1,na,1.047,0.095922,-1.673,0.969,14,3,14
SL1_2000_2090,3,0.05,1.047,0.01,1.350000,40.00000,1.047,1.22,0.01,0.01,1,na,1.047,5.000000,-1.673,0.969,14,3,14
SL1_2670_2370,3,0.05,1.047,0.01,1.350000,143.7663,1.047,1.22,0.01,0.01,1,na,1.047,2.815300,-1.673,0.969,14,3,14
SL3_2730_2550,3,0.05,1.047,0.01,1.334119,105.7874,1.047,1.22,0.01,0.01,1,na,1.047,0.095922,-1.673,0.969,14,3,14
SL3_2440_2380,3,0.05,1.047,0.01,1.134433,20.23762,1.047,1.22,0.01,0.01,1,na,1.047,5.000000,-1.673,0.969,14,3,14
SL0_2220_2140,3,0.05,1.047,0.01,1.350000,40.00000,1.047,1.22,0.01,0.01,1,na,1.047,5.000000,-1.673,0.969,14,3,14
SL2_1850_1990,3,0.05,1.047,0.01,1.350000,169.0441,1.047,1.22,0.01,0.01,1,na,1.047,0.291644,-1.673,0.969,14,3,14
SL3_2550_2490,3,0.05,1.047,0.01,1.134433,20.23762,1.047,1.22,0.01,0.01,1,na,1.047,5.000000,-1.673,0.969,14,3,14
SL2_2540_2370,3,0.05,1.047,0.01,1.350000,143.7663,1.047,1.22,0.01,0.01,1,na,1.047,2.815300,-1.673,0.969,14,3,14
SL3_2290_2260,3,0.05,1.047,0.01,1.350000,40.00000,1.047,1.22,0.01,0.01,1,na,1.047,5.000000,-1.673,0.969,14,3,14
SL2_1990_2070,3,0.05,1.047,0.01,1.350000,174.1892,1.047,1.22,0.01,0.01,1,na,1.047,0.387941,-1.673,0.969,14,3,14
SL2_2070_2090,3,0.05,1.047,0.01,1.350000,40.00000,1.047,1.22,0.01,0.01,1,na,1.047,5.000000,-1.673,0.969,14,3,14
SL3_1960_2080,3,0.05,1.047,0.01,1.350000,64.98057,1.047,1.22,0.01,0.01,1,na,1.047,5.000000,-1.673,0.969,14,3,14
SL4_2370_2330,3,0.05,1.047,0.01,1.350000,143.7663,1.047,1.22,0.01,0.01,1,na,1.047,2.815300,-1.673,0.969,14,3,14
SL4_2330_2270,3,0.05,1.047,0.01,1.350000,64.98057,1.047,1.22,0.01,0.01,1,na,1.047,5.000000,-1.673,0.969,14,3,14
SL4_2090_2100,3,0.05,1.047,0.01,1.350000,40.00000,1.047,1.22,0.01,0.01,1,na,1.047,5.000000,-1.673,0.969,14,3,14
SL4_2100_2140,3,0.05,1.047,0.01,1.350000,40.00000,1.047,1.22,0.01,0.01,1,na,1.047,5.000000,-1.673,0.969,14,3,14
SL3_2260_2050,3,0.05,1.047,0.01,1.350000,64.98057,1.047,1.22,0.01,0.01,1,na,1.047,5.000000,-1.673,0.969,14,3,14
SL2_1810_2030,3,0.05,1.047,0.01,1.350000,36.28182,1.047,1.22,0.01,0.01,1,na,1.047,5.000000,-1.673,0.969,14,3,14
SL2_1670_1880,3,0.05,1.047,0.01,1.350000,64.98057,1.047,1.22,0.01,0.01,1,na,1.047,5.000000,-1.673,0.969,14,3,14
SL1_1790_1840,3,0.05,1.047,0.01,1.350000,64.98057,1.047,1.22,0.01,0.01,1,na,1.047,5.000000,-1.673,0.969,14,3,14
SL4_2140_2240,3,0.05,1.047,0.01,1.350000,40.00000,1.047,1.22,0.01,0.01,1,na,1.047,5.000000,-1.673,0.969,14,3,14
SL1_1730_1700,3,0.05,1.047,0.01,1.350000,58.84432,1.047,1.22,0.01,0.01,1,na,1.047,5.000000,-1.673,0.969,14,3,14
SL4_2240_2310,3,0.05,1.047,0.01,1.134433,20.23762,1.047,1.22,0.01,0.01,1,na,1.047,5.000000,-1.673,0.969,14,3,14
SL3_1710_1740,3,0.05,1.047,0.01,1.350000,83.73972,1.047,1.22,0.01,0.01,1,na,1.047,5.000000,-1.673,0.969,14,3,14
SL3_1740_1840,3,0.05,1.047,0.01,1.350000,64.98057,1.047,1.22,0.01,0.01,1,na,1.047,5.000000,-1.673,0.969,14,3,14
SL1_1700_1780,3,0.05,1.047,0.01,1.350000,64.98057,1.047,1.22,0.01,0.01,1,na,1.047,5.000000,-1.673,0.969,14,3,14
SL3_1840_1880,3,0.05,1.047,0.01,1.350000,64.98057,1.047,1.22,0.01,0.01,1,na,1.047,5.000000,-1.673,0.969,14,3,14
SW1_1450_1510,3,0.05,1.047,0.01,1.155792,63.32678,1.047,1.22,0.01,0.01,1,na,1.047,0.209297,-1.673,0.969,14,3,14
SW1_1510_1680,3,0.05,1.047,0.01,1.137179,34.31578,1.047,1.22,0.01,0.01,1,na,1.047,0.289842,-1.673,0.969,14,3,14
SJ6_2130_2050,3,0.05,1.047,0.01,1.350000,64.98057,1.047,1.22,0.01,0.01,1,na,1.047,5.000000,-1.673,0.969,14,3,14
SW7_1640_1680,3,0.05,1.047,0.01,1.137179,34.31578,1.047,1.22,0.01,0.01,1,na,1.047,0.289842,-1.673,0.969,14,3,14
SW7_1680_1760,3,0.05,1.047,0.01,1.137179,34.31578,1.047,1.22,0.01,0.01,1,na,1.047,0.289842,-1.673,0.969,14,3,14
SU8_1530_1760,3,0.05,1.047,0.01,1.137179,34.31578,1.047,1.22,0.01,0.01,1,na,1.047,0.289842,-1.673,0.969,14,3,14
SL8_1760_1780,3,0.05,1.047,0.01,1.137179,34.31578,1.047,1.22,0.01,0.01,1,na,1.047,0.289842,-1.673,0.969,14,3,14
SL8_1780_1880,3,0.05,1.047,0.01,1.350000,64.98057,1.047,1.22,0.01,0.01,1,na,1.047,5.000000,-1.673,0.969,14,3,14
SL8_1880_2030,3,0.05,1.047,0.01,1.350000,64.98057,1.047,1.22,0.01,0.01,1,na,1.047,5.000000,-1.673,0.969,14,3,14
SL8_2030_2080,3,0.05,1.047,0.01,1.350000,64.98057,1.047,1.22,0.01,0.01,1,na,1.047,5.000000,-1.673,0.969,14,3,14
SL8_2080_2050,3,0.05,1.047,0.01,1.350000,64.98057,1.047,1.22,0.01,0.01,1,na,1.047,5.000000,-1.673,0.969,14,3,14
SL9_2050_2270,3,0.05,1.047,0.01,1.350000,64.98057,1.047,1.22,0.01,0.01,1,na,1.047,5.000000,-1.673,0.969,14,3,14
SL9_2270_2380,3,0.05,1.047,0.01,1.134433,20.23762,1.047,1.22,0.01,0.01,1,na,1.047,5.000000,-1.673,0.969,14,3,14
SL9_2380_2310,3,0.05,1.047,0.01,1.134433,20.23762,1.047,1.22,0.01,0.01,1,na,1.047,5.000000,-1.673,0.969,14,3,14
SL9_2310_2430,3,0.05,1.047,0.01,1.134433,20.23762,1.047,1.22,0.01,0.01,1,na,1.047,5.000000,-1.673,0.969,14,3,14
SL9_2430_2490,3,0.05,1.047,0.01,1.134433,20.23762,1.047,1.22,0.01,0.01,1,na,1.047,5.000000,-1.673,0.969,14,3,14
SL9_2490_2520,3,0.05,1.047,0.01,1.134433,20.23762,1.047,1.22,0.01,0.01,1,na,1.047,5.000000,-1.673,0.969,14,3,14
PL0_4510_0001,3,0.05,1.047,0.01,1.150000,1.000000,1.047,1.22,0.01,0.01,1,na,1.047,5.000000,-1.673,0.969,14,3,14
SL9_2520_2700,na,0.05,1.047,0.01,1.350000,90.71413,1.047,1.22,0.01,0.01,1,2.000000,na,na,na,na,14,3,14
SL9_2700_2720,na,0.05,1.047,0.01,1.350000,90.71413,1.047,1.22,0.01,0.01,1,2.000000,na,na,na,na,14,3,14
SL9_2720_0001,na,0.05,1.047,0.01,1.350000,90.71413,1.047,1.22,0.01,0.01,1,2.000000,na,na,na,na,14,3,14
SL2_2480_0001,3,0.05,1.047,0.01,1.150000,40.00000,1.047,1.22,0.01,0.01,1,na,1.047,0.500000,-1.673,0.969,14,3,14
SL2_2910_3060,3,0.05,1.047,0.01,1.350000,62.14460,1.047,1.22,0.01,0.01,1,na,1.047,0.241730,-1.673,0.969,14,3,14
SL2_3060_0001,3,0.05,1.047,0.01,1.350000,62.14460,1.047,1.22,0.01,0.01,1,na,1.047,0.241730,-1.673,0.969,14,3,14
PL0_5000_0001,3,0.05,1.047,0.01,1.150000,1.000000,1.047,1.22,0.01,0.01,1,na,1.047,5.000000,-1.673,0.969,14,3,14
PL0_5070_0001,3,0.05,1.047,0.01,1.000000,1.000000,1.047,1.22,0.01,0.01,1,na,1.047,0.068648,-1.673,0.969,14,3,14
PL0_5540_5490,3,0.05,1.047,0.01,1.150000,1.000000,1.047,1.22,0.01,0.01,1,na,1.047,5.000000,-1.673,0.969,14,3,14
PL0_5490_0001,3,0.05,1.047,0.01,1.150000,40.00000,1.047,1.22,0.01,0.01,1,na,1.047,0.500000,-1.673,0.969,14,3,14
PL0_5510_0001,3,0.05,1.047,0.01,1.350000,200.0000,1.047,1.22,0.01,0.01,1,na,1.047,0.166991,-1.673,0.969,14,3,14
PL0_5530_5710,3,0.05,1.047,0.01,1.150000,40.00000,1.047,1.22,0.01,0.01,1,na,1.047,0.500000,-1.673,0.969,14,3,14
PL0_5710_0001,3,0.05,1.047,0.01,1.150000,40.00000,1.047,1.22,0.01,0.01,1,na,1.047,0.500000,-1.673,0.969,14,3,14
PL0_5720_0001,3,0.05,1.047,0.01,1.150000,118.2816,1.047,1.22,0.01,0.01,1,na,1.047,0.050000,-1.673,0.969,14,3,14
PL0_5750_0001,3,0.05,1.047,0.01,1.150000,40.00000,1.047,1.22,0.01,0.01,1,na,1.047,0.500000,-1.673,0.969,14,3,14
PL0_5830_0001,3,0.05,1.047,0.01,1.350000,200.0000,1.047,1.22,0.01,0.01,1,na,1.047,0.212573,-1.673,0.969,14,3,14
PL1_4540_0001,3,0.05,1.047,0.01,1.350000,1.000000,1.047,1.22,0.01,0.01,1,na,1.047,5.000000,-1.673,0.969,14,3,14
PL1_4460_4780,3,0.05,1.047,0.01,1.163314,138.8280,1.047,1.22,0.01,0.01,1,na,1.047,0.055977,-1.673,0.969,14,3,14
PL1_4780_0001,3,0.05,1.047,0.01,1.150000,40.00000,1.047,1.22,0.01,0.01,1,na,1.047,0.500000,-1.673,0.969,14,3,14
PL0_5010_5130,3,0.05,1.047,0.01,1.000000,1.000000,1.047,1.22,0.01,0.01,1,na,1.047,5.000000,-1.673,0.969,14,3,14
PL1_5130_0001,3,0.05,1.047,0.01,1.150000,40.00000,1.047,1.22,0.01,0.01,1,na,1.047,0.500000,-1.673,0.969,14,3,14
PL1_5230_0001,3,0.05,1.047,0.01,1.156858,99.58633,1.047,1.22,0.01,0.01,1,na,1.047,0.138678,-1.673,0.969,14,3,14
PL0_5730_5690,3,0.05,1.047,0.01,1.000000,1.000000,1.047,1.22,0.01,0.01,1,na,1.047,5.000000,-1.673,0.969,14,3,14
PL1_5690_0001,3,0.05,1.047,0.01,1.150000,40.00000,1.047,1.22,0.01,0.01,1,na,1.047,0.500000,-1.673,0.969,14,3,14
PL1_5910_0001,3,0.05,1.047,0.01,1.150000,40.00000,1.047,1.22,0.01,0.01,1,na,1.047,0.500000,-1.673,0.969,14,3,14
PL2_5300_5630,3,0.05,1.047,0.01,1.150000,40.00000,1.047,1.22,0.01,0.01,1,na,1.047,0.500000,-1.673,0.969,14,3,14
PL2_5630_0001,3,0.05,1.047,0.01,1.150000,40.00000,1.047,1.22,0.01,0.01,1,na,1.047,0.500000,-1.673,0.969,14,3,14
PL2_4970_5250,3,0.05,1.047,0.01,1.145311,1.000000,1.047,1.22,0.01,0.01,1,na,1.047,5.000000,-1.673,0.969,14,3,14
PL0_5141_5140,na,0.05,1.047,0.01,1.002776,1.000000,1.047,1.22,0.01,0.01,1,1.220641,na,na,na,na,14,3,14
PL1_5370_5470,3,0.05,1.047,0.01,1.350000,122.6506,1.047,1.22,0.01,0.01,1,na,1.047,0.252833,-1.673,0.969,14,3,14
PL2_5140_5360,3,0.05,1.047,0.01,1.002776,1.000000,1.047,1.22,0.01,0.01,1,na,1.047,0.831019,-1.673,0.969,14,3,14
PL2_5470_5360,3,0.05,1.047,0.01,1.002776,1.000000,1.047,1.22,0.01,0.01,1,na,1.047,0.831019,-1.673,0.969,14,3,14
PL3_5360_5250,3,0.05,1.047,0.01,1.002776,1.000000,1.047,1.22,0.01,0.01,1,na,1.047,0.831019,-1.673,0.969,14,3,14
PL3_5250_0001,na,0.05,1.047,0.01,1.145311,1.000000,1.047,1.22,0.01,0.01,1,2.000000,na,na,na,na,14,3,14
YL2_6580_0001,3,0.05,1.047,0.01,1.150000,40.00000,1.047,1.22,0.01,0.01,1,na,1.047,0.500000,-1.673,0.969,14,3,14
YP0_6860_6840,3,0.05,1.047,0.01,1.024619,1.000000,1.047,1.22,0.01,0.01,1,na,1.047,5.000000,-1.673,0.969,14,3,14
YP0_6840_0001,3,0.05,1.047,0.01,1.150000,40.00000,1.047,1.22,0.01,0.01,1,na,1.047,0.500000,-1.673,0.969,14,3,14
JA0_7291_7290,na,0.05,1.047,0.01,1.150000,40.00000,1.047,1.22,0.01,0.01,1,1.000000,na,na,na,na,14,3,14
JA2_7290_0001,3,0.05,1.047,0.01,1.150000,40.00000,1.047,1.22,0.01,0.01,1,na,1.047,0.500000,-1.673,0.969,14,3,14
JB0_7051_0001,na,0.05,1.047,0.01,1.150000,40.00000,1.047,1.22,0.01,0.01,1,1.000000,na,na,na,na,14,3,14
JB0_7052_0001,na,0.05,1.047,0.01,1.150000,40.00000,1.047,1.22,0.01,0.01,1,1.000000,na,na,na,na,14,3,14
JB1_8090_0001,na,0.05,1.047,0.01,1.150000,40.00000,1.047,1.22,0.01,0.01,1,1.000000,na,na,na,na,14,3,14
JB2_7800_0001,na,0.05,1.047,0.01,1.150000,40.00000,1.047,1.22,0.01,0.01,1,1.000000,na,na,na,na,14,3,14
JB3_6820_7053,3,0.05,1.047,0.01,1.000000,41.44614,1.047,1.22,0.01,0.01,1,na,1.047,0.050000,-1.673,0.969,14,3,14
JB3_7053_0001,na,0.05,1.047,0.01,1.150000,40.00000,1.047,1.22,0.01,0.01,1,1.000000,na,na,na,na,14,3,14
EL0_4560_4562,3,0.05,1.047,0.01,1.339809,150.8765,1.047,1.22,0.01,0.01,1,na,1.047,0.338410,-1.673,0.969,14,3,14
EL0_4561_4562,3,0.05,1.047,0.01,1.339809,150.8765,1.047,1.22,0.01,0.01,1,na,1.047,0.338410,-1.673,0.969,14,3,14
EL0_4562_0001,3,0.05,1.047,0.01,1.150000,40.00000,1.047,1.22,0.01,0.01,1,na,1.047,0.500000,-1.673,0.969,14,3,14
EL0_5400_0001,3,0.05,1.047,0.01,1.150000,40.00000,1.047,1.22,0.01,0.01,1,na,1.047,0.500000,-1.673,0.969,14,3,14
EL1_5150_0001,3,0.05,1.047,0.01,1.150000,40.00000,1.047,1.22,0.01,0.01,1,na,1.047,0.500000,-1.673,0.969,14,3,14
EL1_5430_0001,3,0.05,1.047,0.01,1.000000,1.000000,1.047,1.22,0.01,0.01,1,na,1.047,0.135471,-1.673,0.969,14,3,14
EL1_5570_0001,3,0.05,1.047,0.01,1.150000,40.00000,1.047,1.22,0.01,0.01,1,na,1.047,0.500000,-1.673,0.969,14,3,14
EL1_6000_0001,3,0.05,1.047,0.01,1.150000,40.00000,1.047,1.22,0.01,0.01,1,na,1.047,0.500000,-1.673,0.969,14,3,14
EL2_4400_4590,3,0.05,1.047,0.01,1.150000,40.00000,1.047,1.22,0.01,0.01,1,na,1.047,0.500000,-1.673,0.969,14,3,14
EL2_4590_0001,3,0.05,1.047,0.01,1.150000,40.00000,1.047,1.22,0.01,0.01,1,na,1.047,0.500000,-1.673,0.969,14,3,14
EL2_5110_5270,3,0.05,1.047,0.01,1.000000,31.71024,1.047,1.22,0.01,0.01,1,na,1.047,0.050000,-1.673,0.969,14,3,14
EL2_5270_0001,3,0.05,1.047,0.01,1.150000,40.00000,1.047,1.22,0.01,0.01,1,na,1.047,0.500000,-1.673,0.969,14,3,14
EM2_3980_0001,3,0.05,1.047,0.01,1.109643,21.23747,1.047,1.22,0.01,0.01,1,na,1.047,0.050000,-1.673,0.969,14,3,14
EM2_4100_0001,3,0.05,1.047,0.01,1.150000,40.00000,1.047,1.22,0.01,0.01,1,na,1.047,0.500000,-1.673,0.969,14,3,14
EU0_3830_0001,3,0.05,1.047,0.01,1.150000,40.00000,1.047,1.22,0.01,0.01,1,na,1.047,0.500000,-1.673,0.969,14,3,14
EU1_2650_0001,3,0.05,1.047,0.01,1.150000,40.00000,1.047,1.22,0.01,0.01,1,na,1.047,0.500000,-1.673,0.969,14,3,14
EU1_2810_0001,3,0.05,1.047,0.01,1.150000,40.00000,1.047,1.22,0.01,0.01,1,na,1.047,0.500000,-1.673,0.969,14,3,14
EU2_3520_0001,3,0.05,1.047,0.01,1.150000,40.00000,1.047,1.22,0.01,0.01,1,na,1.047,0.500000,-1.673,0.969,14,3,14
WM0_3650_0001,3,0.05,1.047,0.01,1.160499,22.72042,1.047,1.22,0.01,0.01,1,na,1.047,0.186948,-1.673,0.969,14,3,14
WM0_3740_0001,3,0.05,1.047,0.01,1.150000,40.00000,1.047,1.22,0.01,0.01,1,na,1.047,0.500000,-1.673,0.969,14,3,14
WM1_3660_3910,3,0.05,1.047,0.01,1.350000,200.0000,1.047,1.22,0.01,0.01,1,na,1.047,0.300387,-1.673,0.969,14,3,14
WM1_3910_0001,3,0.05,1.047,0.01,1.150000,40.00000,1.047,1.22,0.01,0.01,1,na,1.047,0.500000,-1.673,0.969,14,3,14
WM0_3881_3880,na,0.05,1.047,0.01,1.350000,40.00000,1.047,1.22,0.01,0.01,1,2.000000,na,na,na,na,14,3,14
WM1_3882_3880,3,0.05,1.047,0.01,1.291574,78.99037,1.047,1.22,0.01,0.01,1,na,1.047,1.891981,-1.673,0.969,14,3,14
WM3_3880_4060,3,0.05,1.047,0.01,1.291574,78.99037,1.047,1.22,0.01,0.01,1,na,1.047,1.891981,-1.673,0.969,14,3,14
WM3_4060_0001,3,0.05,1.047,0.01,1.350000,126.0307,1.047,1.22,0.01,0.01,1,na,1.047,0.293703,-1.673,0.969,14,3,14
WU0_3250_0001,3,0.05,1.047,0.01,1.150000,40.00000,1.047,1.22,0.01,0.01,1,na,1.047,0.500000,-1.673,0.969,14,3,14
WU0_3670_0001,3,0.05,1.047,0.01,1.150000,40.00000,1.047,1.22,0.01,0.01,1,na,1.047,0.500000,-1.673,0.969,14,3,14
WU1_3240_3331,3,0.05,1.047,0.01,1.150000,40.00000,1.047,1.22,0.01,0.01,1,na,1.047,0.500000,-1.673,0.969,14,3,14
WU1_3331_3330,3,0.05,1.047,0.01,1.150000,40.00000,1.047,1.22,0.01,0.01,1,na,1.047,0.500000,-1.673,0.969,14,3,14
WU1_3330_0001,3,0.05,1.047,0.01,1.150000,40.00000,1.047,1.22,0.01,0.01,1,na,1.047,0.500000,-1.673,0.969,14,3,14
WU1_3482_0001,3,0.05,1.047,0.01,1.150000,40.00000,1.047,1.22,0.01,0.01,1,na,1.047,0.500000,-1.673,0.969,14,3,14
WU1_3350_3490,3,0.05,1.047,0.01,1.350000,125.9462,1.047,1.22,0.01,0.01,1,na,1.047,0.253104,-1.673,0.969,14,3,14
WU0_3021_3020,na,0.05,1.047,0.01,1.000000,1.000000,1.047,1.22,0.01,0.01,1,2.000000,na,na,na,na,14,3,14
WU1_3490_3480,3,0.05,1.047,0.01,1.350000,125.9462,1.047,1.22,0.01,0.01,1,na,1.047,0.253104,-1.673,0.969,14,3,14
WU2_3020_3320,3,0.05,1.047,0.01,1.000000,1.000000,1.047,1.22,0.01,0.01,1,na,1.047,5.000000,-1.673,0.969,14,3,14
WU2_3320_3480,3,0.05,1.047,0.01,1.350000,125.9462,1.047,1.22,0.01,0.01,1,na,1.047,0.253104,-1.673,0.969,14,3,14
WU3_3480_3481,na,0.05,1.047,0.01,1.350000,125.9462,1.047,1.22,0.01,0.01,1,0.704328,na,na,na,na,14,3,14
WU3_3481_0001,3,0.05,1.047,0.01,1.350000,125.9462,1.047,1.22,0.01,0.01,1,na,1.047,0.253104,-1.673,0.969,14,3,14
RL0_6540_0001,3,0.05,1.047,0.01,1.150000,40.00000,1.047,1.22,0.01,0.01,1,na,1.047,0.500000,-1.673,0.969,14,3,14
RL1_6180_0001,3,0.05,1.047,0.01,1.340424,62.35088,1.047,1.22,0.01,0.01,1,na,1.047,0.050000,-1.673,0.969,14,3,14
XL0_5320_0001,3,0.05,1.047,0.01,1.150000,40.00000,1.047,1.22,0.01,0.01,1,na,1.047,0.500000,-1.673,0.969,14,3,14
XL1_4690_0001,3,0.05,1.047,0.01,1.116696,34.62835,1.047,1.22,0.01,0.01,1,na,1.047,0.944793,-1.673,0.969,14,3,14
DE0_3791_0001,3,0.05,1.047,0.01,1.150000,40.00000,1.047,1.22,0.01,0.01,1,na,1.047,0.500000,-1.673,0.969,14,3,14
DE0_4141_0001,3,0.05,1.047,0.01,1.150000,40.00000,1.047,1.22,0.01,0.01,1,na,1.047,0.500000,-1.673,0.969,14,3,14
DE0_4231_0001,3,0.05,1.047,0.01,1.150000,40.00000,1.047,1.22,0.01,0.01,1,na,1.047,0.500000,-1.673,0.969,14,3,14
GY0_3800_3801,3,0.05,1.047,0.01,1.148490,52.28139,1.047,1.22,0.01,0.01,1,na,1.047,0.512129,-1.673,0.969,14,3,14
GY0_3950_3952,3,0.05,1.047,0.01,1.150000,40.00000,1.047,1.22,0.01,0.01,1,na,1.047,0.500000,-1.673,0.969,14,3,14
GY0_4240_3951,na,0.05,1.047,0.01,1.000000,1.000000,1.047,1.22,0.01,0.01,1,2.000000,na,na,na,na,14,3,14
GY0_4530_4532,3,0.05,1.047,0.01,1.007323,124.1824,1.047,1.22,0.01,0.01,1,na,1.047,0.122146,-1.673,0.969,14,3,14
GY0_4531_4532,3,0.05,1.047,0.01,1.140232,112.0275,1.047,1.22,0.01,0.01,1,na,1.047,0.069952,-1.673,0.969,14,3,14
GY0_4532_3951,3,0.05,1.047,0.01,1.000000,30.36922,1.047,1.22,0.01,0.01,1,na,1.047,0.067141,-1.673,0.969,14,3,14
GY0_3951_3952,3,0.05,1.047,0.01,1.000000,30.36922,1.047,1.22,0.01,0.01,1,na,1.047,0.067141,-1.673,0.969,14,3,14
JA1_7600_7570,3,0.05,1.047,0.01,1.350000,86.37938,1.047,1.22,0.01,0.01,1,na,1.047,0.052629,-1.673,0.969,14,3,14
JA2_7410_7470,3,0.05,1.047,0.01,1.043241,20.58093,1.047,1.22,0.01,0.01,1,na,1.047,2.477721,-1.673,0.969,14,3,14
JA2_7570_7480,3,0.05,1.047,0.01,1.043241,20.58093,1.047,1.22,0.01,0.01,1,na,1.047,2.477721,-1.673,0.969,14,3,14
JA1_7640_7280,3,0.05,1.047,0.01,1.043241,20.58093,1.047,1.22,0.01,0.01,1,na,1.047,2.477721,-1.673,0.969,14,3,14
JA2_7550_7280,3,0.05,1.047,0.01,1.350000,134.3701,1.047,1.22,0.01,0.01,1,na,1.047,0.129330,-1.673,0.969,14,3,14
JA4_7280_7340,3,0.05,1.047,0.01,1.043241,20.58093,1.047,1.22,0.01,0.01,1,na,1.047,2.477721,-1.673,0.969,14,3,14
JA4_7340_7470,3,0.05,1.047,0.01,1.043241,20.58093,1.047,1.22,0.01,0.01,1,na,1.047,2.477721,-1.673,0.969,14,3,14
JA4_7470_7480,3,0.05,1.047,0.01,1.043241,20.58093,1.047,1.22,0.01,0.01,1,na,1.047,2.477721,-1.673,0.969,14,3,14
JA5_7480_0001,na,0.05,1.047,0.01,1.043241,20.58093,1.047,1.22,0.01,0.01,1,1.695085,na,na,na,na,14,3,14
JL1_7170_6800,3,0.05,1.047,0.01,1.350000,60.68575,1.047,1.22,0.01,0.01,1,na,1.047,5.000000,-1.673,0.969,14,3,14
JL3_7020_7100,3,0.05,1.047,0.01,1.298238,49.97404,1.047,1.22,0.01,0.01,1,na,1.047,0.356332,-1.673,0.969,14,3,14
JL2_6240_6520,3,0.05,1.047,0.01,1.146852,7.630735,1.047,1.22,0.01,0.01,1,na,1.047,5.000000,-1.673,0.969,14,3,14
JL2_7110_7120,3,0.05,1.047,0.01,1.084100,55.91521,1.047,1.22,0.01,0.01,1,na,1.047,0.231835,-1.673,0.969,14,3,14
JL1_6560_6440,3,0.05,1.047,0.01,1.150000,1.000000,1.047,1.22,0.01,0.01,1,na,1.047,5.000000,-1.673,0.969,14,3,14
JL1_6760_6910,3,0.05,1.047,0.01,1.298238,49.97404,1.047,1.22,0.01,0.01,1,na,1.047,0.356332,-1.673,0.969,14,3,14
JL2_7120_6970,3,0.05,1.047,0.01,1.298238,49.97404,1.047,1.22,0.01,0.01,1,na,1.047,0.356332,-1.673,0.969,14,3,14
JL2_6440_6441,3,0.05,1.047,0.01,1.029631,31.42254,1.047,1.22,0.01,0.01,1,na,1.047,0.798181,-1.673,0.969,14,3,14
JL2_6441_6520,na,0.05,1.047,0.01,1.029631,31.42254,1.047,1.22,0.01,0.01,1,1.203135,na,na,na,na,14,3,14
JL1_6770_6850,3,0.05,1.047,0.01,1.350000,79.88988,1.047,1.22,0.01,0.01,1,na,1.047,0.627817,-1.673,0.969,14,3,14
JL1_6910_6960,3,0.05,1.047,0.01,1.298238,49.97404,1.047,1.22,0.01,0.01,1,na,1.047,0.356332,-1.673,0.969,14,3,14
JL1_7080_7190,3,0.05,1.047,0.01,1.150000,1.000000,1.047,1.22,0.01,0.01,1,na,1.047,5.000000,-1.673,0.969,14,3,14
JL4_6520_6710,3,0.05,1.047,0.01,1.112044,46.38544,1.047,1.22,0.01,0.01,1,na,1.047,1.116756,-1.673,0.969,14,3,14
JL2_6850_6890,3,0.05,1.047,0.01,1.344813,56.37143,1.047,1.22,0.01,0.01,1,na,1.047,0.278357,-1.673,0.969,14,3,14
JL1_7530_7430,3,0.05,1.047,0.01,1.309144,41.33591,1.047,1.22,0.01,0.01,1,na,1.047,1.131026,-1.673,0.969,14,3,14
JL4_6710_6740,3,0.05,1.047,0.01,1.298238,49.97404,1.047,1.22,0.01,0.01,1,na,1.047,0.356332,-1.673,0.969,14,3,14
JL2_7240_7350,3,0.05,1.047,0.01,1.150000,1.000000,1.047,1.22,0.01,0.01,1,na,1.047,5.000000,-1.673,0.969,14,3,14
JL1_6940_7200,3,0.05,1.047,0.01,1.350000,1.000000,1.047,1.22,0.01,0.01,1,na,1.047,5.000000,-1.673,0.969,14,3,14
JU2_7180_7380,3,0.05,1.047,0.01,1.161427,74.81975,1.047,1.22,0.01,0.01,1,na,1.047,0.821125,-1.673,0.969,14,3,14
JL1_7190_7250,3,0.05,1.047,0.01,1.344813,56.37143,1.047,1.22,0.01,0.01,1,na,1.047,0.278357,-1.673,0.969,14,3,14
JL2_7350_7090,3,0.05,1.047,0.01,1.344813,56.37143,1.047,1.22,0.01,0.01,1,na,1.047,0.278357,-1.673,0.969,14,3,14
JL1_7200_7250,3,0.05,1.047,0.01,1.344813,56.37143,1.047,1.22,0.01,0.01,1,na,1.047,0.278357,-1.673,0.969,14,3,14
JU1_7750_7560,3,0.05,1.047,0.01,1.000000,1.000000,1.047,1.22,0.01,0.01,1,na,1.047,5.000000,-1.673,0.969,14,3,14
JU1_6880_7260,3,0.05,1.047,0.01,1.350000,40.00000,1.047,1.22,0.01,0.01,1,na,1.047,5.000000,-1.673,0.969,14,3,14
JL2_7250_7090,3,0.05,1.047,0.01,1.344813,56.37143,1.047,1.22,0.01,0.01,1,na,1.047,0.278357,-1.673,0.969,14,3,14
JL3_7090_7150,3,0.05,1.047,0.01,1.344813,56.37143,1.047,1.22,0.01,0.01,1,na,1.047,0.278357,-1.673,0.969,14,3,14
JU2_6410_6640,3,0.05,1.047,0.01,1.350000,40.00000,1.047,1.22,0.01,0.01,1,na,1.047,5.000000,-1.673,0.969,14,3,14
JU1_7630_7490,3,0.05,1.047,0.01,1.000000,1.000000,1.047,1.22,0.01,0.01,1,na,1.047,5.000000,-1.673,0.969,14,3,14
JU3_6640_6790,3,0.05,1.047,0.01,1.350000,200.0000,1.047,1.22,0.01,0.01,1,na,1.047,0.050000,-1.673,0.969,14,3,14
JU3_6790_7260,3,0.05,1.047,0.01,1.350000,40.00000,1.047,1.22,0.01,0.01,1,na,1.047,5.000000,-1.673,0.969,14,3,14
JU1_7560_7500,3,0.05,1.047,0.01,1.000000,1.000000,1.047,1.22,0.01,0.01,1,na,1.047,1.082803,-1.673,0.969,14,3,14
JU1_6300_6650,3,0.05,1.047,0.01,1.150000,1.000000,1.047,1.22,0.01,0.01,1,na,1.047,5.000000,-1.673,0.969,14,3,14
JU4_7260_7380,3,0.05,1.047,0.01,1.161427,74.81975,1.047,1.22,0.01,0.01,1,na,1.047,0.821125,-1.673,0.969,14,3,14
JU1_7690_7490,3,0.05,1.047,0.01,1.000000,1.000000,1.047,1.22,0.01,0.01,1,na,1.047,1.082803,-1.673,0.969,14,3,14
JU2_7450_7360,3,0.05,1.047,0.01,1.028996,1.000000,1.047,1.22,0.01,0.01,1,na,1.047,0.579642,-1.673,0.969,14,3,14
JU1_6340_6650,3,0.05,1.047,0.01,1.350000,200.0000,1.047,1.22,0.01,0.01,1,na,1.047,0.136003,-1.673,0.969,14,3,14
JU4_7380_7160,3,0.05,1.047,0.01,1.161427,74.81975,1.047,1.22,0.01,0.01,1,na,1.047,0.821125,-1.673,0.969,14,3,14
JU3_7490_7400,3,0.05,1.047,0.01,1.000000,1.000000,1.047,1.22,0.01,0.01,1,na,1.047,1.082803,-1.673,0.969,14,3,14
JU3_7400_7510,3,0.05,1.047,0.01,1.000000,1.000000,1.047,1.22,0.01,0.01,1,na,1.047,1.082803,-1.673,0.969,14,3,14
JU3_6650_7300,3,0.05,1.047,0.01,1.350000,200.0000,1.047,1.22,0.01,0.01,1,na,1.047,0.136003,-1.673,0.969,14,3,14
JU2_7140_7330,3,0.05,1.047,0.01,1.350000,200.0000,1.047,1.22,0.01,0.01,1,na,1.047,0.050000,-1.673,0.969,14,3,14
JU2_7360_7000,3,0.05,1.047,0.01,1.028996,1.000000,1.047,1.22,0.01,0.01,1,na,1.047,0.579642,-1.673,0.969,14,3,14
JU1_6290_6590,3,0.05,1.047,0.01,1.102304,1.000000,1.047,1.22,0.01,0.01,1,na,1.047,5.000000,-1.673,0.969,14,3,14
JU3_6380_6900,3,0.05,1.047,0.01,1.199767,1.000000,1.047,1.22,0.01,0.01,1,na,1.047,5.000000,-1.673,0.969,14,3,14
JU1_6590_6600,3,0.05,1.047,0.01,1.102304,1.000000,1.047,1.22,0.01,0.01,1,na,1.047,5.000000,-1.673,0.969,14,3,14
JU2_6600_6810,3,0.05,1.047,0.01,1.102304,1.000000,1.047,1.22,0.01,0.01,1,na,1.047,5.000000,-1.673,0.969,14,3,14
JU2_6810_6900,3,0.05,1.047,0.01,1.313360,93.81768,1.047,1.22,0.01,0.01,1,na,1.047,0.165788,-1.673,0.969,14,3,14
JU3_6900_6950,na,0.05,1.047,0.01,1.313360,93.81768,1.047,1.22,0.01,0.01,1,0.620610,na,na,na,na,14,3,14
JU3_6950_7330,3,0.05,1.047,0.01,1.170885,183.6657,1.047,1.22,0.01,0.01,1,na,1.047,0.062349,-1.673,0.969,14,3,14
JU4_7330_7000,3,0.05,1.047,0.01,1.028996,1.000000,1.047,1.22,0.01,0.01,1,na,1.047,0.579642,-1.673,0.969,14,3,14
JU4_7000_7300,3,0.05,1.047,0.01,1.028996,1.000000,1.047,1.22,0.01,0.01,1,na,1.047,0.579642,-1.673,0.969,14,3,14
JU5_7300_7510,3,0.05,1.047,0.01,1.000000,1.000000,1.047,1.22,0.01,0.01,1,na,1.047,1.082803,-1.673,0.969,14,3,14
JU5_7510_7500,3,0.05,1.047,0.01,1.000000,1.000000,1.047,1.22,0.01,0.01,1,na,1.047,1.082803,-1.673,0.969,14,3,14
JU5_7500_7420,3,0.05,1.047,0.01,1.000000,1.000000,1.047,1.22,0.01,0.01,1,na,1.047,1.082803,-1.673,0.969,14,3,14
JU5_7420_7160,3,0.05,1.047,0.01,1.161427,74.81975,1.047,1.22,0.01,0.01,1,na,1.047,0.821125,-1.673,0.969,14,3,14
JL6_7160_7440,3,0.05,1.047,0.01,1.161427,74.81975,1.047,1.22,0.01,0.01,1,na,1.047,0.821125,-1.673,0.969,14,3,14
JL6_7440_7430,3,0.05,1.047,0.01,1.309144,41.33591,1.047,1.22,0.01,0.01,1,na,1.047,1.131026,-1.673,0.969,14,3,14
JL6_7430_7320,3,0.05,1.047,0.01,1.309144,41.33591,1.047,1.22,0.01,0.01,1,na,1.047,1.131026,-1.673,0.969,14,3,14
JL6_7320_7150,3,0.05,1.047,0.01,1.344813,56.37143,1.047,1.22,0.01,0.01,1,na,1.047,0.278357,-1.673,0.969,14,3,14
JL6_7150_6890,3,0.05,1.047,0.01,1.344813,56.37143,1.047,1.22,0.01,0.01,1,na,1.047,0.278357,-1.673,0.969,14,3,14
JL6_6890_6990,3,0.05,1.047,0.01,1.344813,56.37143,1.047,1.22,0.01,0.01,1,na,1.047,0.278357,-1.673,0.969,14,3,14
JL6_6990_6960,3,0.05,1.047,0.01,1.298238,49.97404,1.047,1.22,0.01,0.01,1,na,1.047,0.356332,-1.673,0.969,14,3,14
JL6_6960_6970,3,0.05,1.047,0.01,1.298238,49.97404,1.047,1.22,0.01,0.01,1,na,1.047,0.356332,-1.673,0.969,14,3,14
JL6_6970_6740,3,0.05,1.047,0.01,1.298238,49.97404,1.047,1.22,0.01,0.01,1,na,1.047,0.356332,-1.673,0.969,14,3,14
JL6_6740_7100,3,0.05,1.047,0.01,1.298238,49.97404,1.047,1.22,0.01,0.01,1,na,1.047,0.356332,-1.673,0.969,14,3,14
JL7_7100_7030,3,0.05,1.047,0.01,1.298238,49.97404,1.047,1.22,0.01,0.01,1,na,1.047,0.356332,-1.673,0.969,14,3,14
JL7_7030_6800,3,0.05,1.047,0.01,1.350000,60.68575,1.047,1.22,0.01,0.01,1,na,1.047,5.000000,-1.673,0.969,14,3,14
JL7_6800_7070,3,0.05,1.047,0.01,1.350000,60.68575,1.047,1.22,0.01,0.01,1,na,1.047,5.000000,-1.673,0.969,14,3,14
JL7_7070_0001,3,0.05,1.047,0.01,1.150000,40.00000,1.047,1.22,0.01,0.01,1,na,1.047,0.500000,-1.673,0.969,14,3,14
PM0_4640_4820,3,0.05,1.047,0.01,1.150000,1.000000,1.047,1.22,0.01,0.01,1,na,1.047,5.000000,-1.673,0.969,14,3,14
PM1_4250_4500,3,0.05,1.047,0.01,1.142844,1.000000,1.047,1.22,0.01,0.01,1,na,1.047,5.000000,-1.673,0.969,14,3,14
PM2_4860_4670,3,0.05,1.047,0.01,1.350000,43.21578,1.047,1.22,0.01,0.01,1,na,1.047,5.000000,-1.673,0.969,14,3,14
PM1_4500_4580,3,0.05,1.047,0.01,1.139380,1.000000,1.047,1.22,0.01,0.01,1,na,1.047,5.000000,-1.673,0.969,14,3,14
PM1_3710_4040,3,0.05,1.047,0.01,1.143824,16.43836,1.047,1.22,0.01,0.01,1,na,1.047,0.781062,-1.673,0.969,14,3,14
PM3_4670_4660,3,0.05,1.047,0.01,1.350000,43.21578,1.047,1.22,0.01,0.01,1,na,1.047,5.000000,-1.673,0.969,14,3,14
PM1_4430_4200,3,0.05,1.047,0.01,1.350000,151.1603,1.047,1.22,0.01,0.01,1,na,1.047,0.217319,-1.673,0.969,14,3,14
PM1_3120_3400,3,0.05,1.047,0.01,1.081221,1.000000,1.047,1.22,0.01,0.01,1,na,1.047,0.257344,-1.673,0.969,14,3,14
PM3_4660_4620,3,0.05,1.047,0.01,1.350000,43.21578,1.047,1.22,0.01,0.01,1,na,1.047,5.000000,-1.673,0.969,14,3,14
PM2_2860_3040,3,0.05,1.047,0.01,1.350000,200.0000,1.047,1.22,0.01,0.01,1,na,1.047,0.326758,-1.673,0.969,14,3,14
PM1_3510_4000,3,0.05,1.047,0.01,1.350000,147.0624,1.047,1.22,0.01,0.01,1,na,1.047,0.129843,-1.673,0.969,14,3,14
PS1_4790_4830,3,0.05,1.047,0.01,1.150000,1.000000,1.047,1.22,0.01,0.01,1,na,1.047,5.000000,-1.673,0.969,14,3,14
PM1_3450_3400,3,0.05,1.047,0.01,1.061847,41.50878,1.047,1.22,0.01,0.01,1,na,1.047,0.338423,-1.673,0.969,14,3,14
PM1_4000_4290,3,0.05,1.047,0.01,1.147817,86.89756,1.047,1.22,0.01,0.01,1,na,1.047,0.184292,-1.673,0.969,14,3,14
PU0_3000_3090,3,0.05,1.047,0.01,1.156997,72.15858,1.047,1.22,0.01,0.01,1,na,1.047,0.149162,-1.673,0.969,14,3,14
PM2_3400_3340,3,0.05,1.047,0.01,1.061847,41.50878,1.047,1.22,0.01,0.01,1,na,1.047,0.338423,-1.673,0.969,14,3,14
PM3_3040_3340,3,0.05,1.047,0.01,1.061847,41.50878,1.047,1.22,0.01,0.01,1,na,1.047,0.338423,-1.673,0.969,14,3,14
PS2_6730_6660,3,0.05,1.047,0.01,1.150000,1.000000,1.047,1.22,0.01,0.01,1,na,1.047,5.000000,-1.673,0.969,14,3,14
PU0_3751_3752,3,0.05,1.047,0.01,1.003975,49.77174,1.047,1.22,0.01,0.01,1,na,1.047,0.990108,-1.673,0.969,14,3,14
PU2_3090_4050,3,0.05,1.047,0.01,1.000000,1.000000,1.047,1.22,0.01,0.01,1,na,1.047,0.950726,-1.673,0.969,14,3,14
PM4_3340_3341,3,0.05,1.047,0.01,1.061847,41.50878,1.047,1.22,0.01,0.01,1,na,1.047,0.338423,-1.673,0.969,14,3,14
PM4_3341_4040,3,0.05,1.047,0.01,1.143824,16.43836,1.047,1.22,0.01,0.01,1,na,1.047,0.781062,-1.673,0.969,14,3,14
PM4_4040_4410,3,0.05,1.047,0.01,1.127453,1.000000,1.047,1.22,0.01,0.01,1,na,1.047,0.460942,-1.673,0.969,14,3,14
PS2_5550_5560,3,0.05,1.047,0.01,1.150000,1.000000,1.047,1.22,0.01,0.01,1,na,1.047,5.000000,-1.673,0.969,14,3,14
PS1_4830_5080,3,0.05,1.047,0.01,1.146820,81.02789,1.047,1.22,0.01,0.01,1,na,1.047,1.485312,-1.673,0.969,14,3,14
PU2_4730_4220,3,0.05,1.047,0.01,1.003265,48.02945,1.047,1.22,0.01,0.01,1,na,1.047,0.812601,-1.673,0.969,14,3,14
PU2_4050_4180,3,0.05,1.047,0.01,1.350000,72.19316,1.047,1.22,0.01,0.01,1,na,1.047,0.899424,-1.673,0.969,14,3,14
PS0_6150_6160,3,0.05,1.047,0.01,1.348740,76.71079,1.047,1.22,0.01,0.01,1,na,1.047,0.289566,-1.673,0.969,14,3,14
PS2_5560_5100,3,0.05,1.047,0.01,1.347176,1.000000,1.047,1.22,0.01,0.01,1,na,1.047,5.000000,-1.673,0.969,14,3,14
PS3_5100_5080,3,0.05,1.047,0.01,1.150000,34.54102,1.047,1.22,0.01,0.01,1,na,1.047,5.000000,-1.673,0.969,14,3,14
PU2_2790_3290,3,0.05,1.047,0.01,1.350000,163.0972,1.047,1.22,0.01,0.01,1,na,1.047,0.403834,-1.673,0.969,14,3,14
PU2_4220_3900,3,0.05,1.047,0.01,1.003265,48.02945,1.047,1.22,0.01,0.01,1,na,1.047,0.812601,-1.673,0.969,14,3,14
PU0_3601_3602,3,0.05,1.047,0.01,1.003975,49.77174,1.047,1.22,0.01,0.01,1,na,1.047,0.990108,-1.673,0.969,14,3,14
PS2_6660_6490,3,0.05,1.047,0.01,1.150000,1.000000,1.047,1.22,0.01,0.01,1,na,1.047,5.000000,-1.673,0.969,14,3,14
PS4_5080_4380,3,0.05,1.047,0.01,1.146820,81.02789,1.047,1.22,0.01,0.01,1,na,1.047,1.485312,-1.673,0.969,14,3,14
PS3_6460_6230,3,0.05,1.047,0.01,1.350000,48.52256,1.047,1.22,0.01,0.01,1,na,1.047,5.000000,-1.673,0.969,14,3,14
PU3_2510_3290,3,0.05,1.047,0.01,1.350000,163.0972,1.047,1.22,0.01,0.01,1,na,1.047,0.403834,-1.673,0.969,14,3,14
PU2_3900_3750,3,0.05,1.047,0.01,1.003975,49.77174,1.047,1.22,0.01,0.01,1,na,1.047,0.990108,-1.673,0.969,14,3,14
PS3_5990_6161,3,0.05,1.047,0.01,1.348740,76.71079,1.047,1.22,0.01,0.01,1,na,1.047,0.289566,-1.673,0.969,14,3,14
PS2_6490_6420,3,0.05,1.047,0.01,1.150000,1.000000,1.047,1.22,0.01,0.01,1,na,1.047,5.000000,-1.673,0.969,14,3,14
PU2_3770_3600,3,0.05,1.047,0.01,1.003975,49.77174,1.047,1.22,0.01,0.01,1,na,1.047,0.990108,-1.673,0.969,14,3,14
PU2_2840_3080,3,0.05,1.047,0.01,1.147689,82.39566,1.047,1.22,0.01,0.01,1,na,1.047,0.229514,-1.673,0.969,14,3,14
PU3_3290_3390,3,0.05,1.047,0.01,1.350000,163.0972,1.047,1.22,0.01,0.01,1,na,1.047,0.403834,-1.673,0.969,14,3,14
PS0_6160_6161,3,0.05,1.047,0.01,1.348740,76.71079,1.047,1.22,0.01,0.01,1,na,1.047,0.289566,-1.673,0.969,14,3,14
PS2_6420_6360,3,0.05,1.047,0.01,1.150000,1.000000,1.047,1.22,0.01,0.01,1,na,1.047,5.000000,-1.673,0.969,14,3,14
PU3_3390_3730,3,0.05,1.047,0.01,1.004945,19.58074,1.047,1.22,0.01,0.01,1,na,1.047,0.770647,-1.673,0.969,14,3,14
PU2_3630_3590,3,0.05,1.047,0.01,1.003975,49.77174,1.047,1.22,0.01,0.01,1,na,1.047,0.990108,-1.673,0.969,14,3,14
PU2_3080_3640,3,0.05,1.047,0.01,1.003975,49.77174,1.047,1.22,0.01,0.01,1,na,1.047,0.990108,-1.673,0.969,14,3,14
PU1_3030_3440,3,0.05,1.047,0.01,1.158142,56.05306,1.047,1.22,0.01,0.01,1,na,1.047,0.465513,-1.673,0.969,14,3,14
PS3_6161_6280,3,0.05,1.047,0.01,1.348740,76.71079,1.047,1.22,0.01,0.01,1,na,1.047,0.289566,-1.673,0.969,14,3,14
PS3_6280_6230,3,0.05,1.047,0.01,1.150000,1.000000,1.047,1.22,0.01,0.01,1,na,1.047,5.000000,-1.673,0.969,14,3,14
PS4_6230_6360,3,0.05,1.047,0.01,1.150000,1.000000,1.047,1.22,0.01,0.01,1,na,1.047,5.000000,-1.673,0.969,14,3,14
PU0_3611_3530,3,0.05,1.047,0.01,1.003975,49.77174,1.047,1.22,0.01,0.01,1,na,1.047,0.990108,-1.673,0.969,14,3,14
PU2_4340_3860,3,0.05,1.047,0.01,1.000000,8.055225,1.047,1.22,0.01,0.01,1,na,1.047,0.078114,-1.673,0.969,14,3,14
PU0_3871_3690,3,0.05,1.047,0.01,1.000000,7.262192,1.047,1.22,0.01,0.01,1,na,1.047,0.283283,-1.673,0.969,14,3,14
PU3_4280_3860,3,0.05,1.047,0.01,1.000000,8.055225,1.047,1.22,0.01,0.01,1,na,1.047,0.078114,-1.673,0.969,14,3,14
PS4_6360_5840,3,0.05,1.047,0.01,1.150000,1.000000,1.047,1.22,0.01,0.01,1,na,1.047,5.000000,-1.673,0.969,14,3,14
PS4_5840_5240,3,0.05,1.047,0.01,1.350000,104.5322,1.047,1.22,0.01,0.01,1,na,1.047,5.000000,-1.673,0.969,14,3,14
PU3_3860_3610,3,0.05,1.047,0.01,1.000000,8.055225,1.047,1.22,0.01,0.01,1,na,1.047,0.078114,-1.673,0.969,14,3,14
PU1_3100_3690,3,0.05,1.047,0.01,1.000000,7.262192,1.047,1.22,0.01,0.01,1,na,1.047,0.283283,-1.673,0.969,14,3,14
PS5_5240_5200,3,0.05,1.047,0.01,1.350000,93.00750,1.047,1.22,0.01,0.01,1,na,1.047,5.000000,-1.673,0.969,14,3,14
PS5_5200_4380,3,0.05,1.047,0.01,1.146820,81.02789,1.047,1.22,0.01,0.01,1,na,1.047,1.485312,-1.673,0.969,14,3,14
PS5_4380_4370,3,0.05,1.047,0.01,1.146820,81.02789,1.047,1.22,0.01,0.01,1,na,1.047,1.485312,-1.673,0.969,14,3,14
PU2_3180_3370,3,0.05,1.047,0.01,1.000000,1.000000,1.047,1.22,0.01,0.01,1,na,1.047,1.499416,-1.673,0.969,14,3,14
PU2_6050_5190,3,0.05,1.047,0.01,1.000000,1.000000,1.047,1.22,0.01,0.01,1,na,1.047,5.000000,-1.673,0.969,14,3,14
PU2_3370_4020,3,0.05,1.047,0.01,1.022187,25.27001,1.047,1.22,0.01,0.01,1,na,1.047,0.050000,-1.673,0.969,14,3,14
PS5_4370_4150,3,0.05,1.047,0.01,1.350000,72.19316,1.047,1.22,0.01,0.01,1,na,1.047,0.899424,-1.673,0.969,14,3,14
PU2_4360_4160,3,0.05,1.047,0.01,1.222567,1.000000,1.047,1.22,0.01,0.01,1,na,1.047,0.052087,-1.673,0.969,14,3,14
PU0_6080_5620,3,0.05,1.047,0.01,1.000000,1.000000,1.047,1.22,0.01,0.01,1,na,1.047,1.261663,-1.673,0.969,14,3,14
PU1_3170_3580,3,0.05,1.047,0.01,1.000000,1.000000,1.047,1.22,0.01,0.01,1,na,1.047,0.068802,-1.673,0.969,14,3,14
PU2_4160_3930,3,0.05,1.047,0.01,1.000000,1.000000,1.047,1.22,0.01,0.01,1,na,1.047,0.302262,-1.673,0.969,14,3,14
PU2_5190_4310,3,0.05,1.047,0.01,1.000000,1.000000,1.047,1.22,0.01,0.01,1,na,1.047,5.000000,-1.673,0.969,14,3,14
PU1_5520_5210,3,0.05,1.047,0.01,1.000000,1.000000,1.047,1.22,0.01,0.01,1,na,1.047,1.261663,-1.673,0.969,14,3,14
PU2_3140_3680,3,0.05,1.047,0.01,1.000000,1.000000,1.047,1.22,0.01,0.01,1,na,1.047,5.000000,-1.673,0.969,14,3,14
PU1_3580_3780,3,0.05,1.047,0.01,1.000000,1.000000,1.047,1.22,0.01,0.01,1,na,1.047,0.246655,-1.673,0.969,14,3,14
PU1_3940_3970,3,0.05,1.047,0.01,1.018184,1.000000,1.047,1.22,0.01,0.01,1,na,1.047,5.000000,-1.673,0.969,14,3,14
PU1_5820_5380,3,0.05,1.047,0.01,1.000000,1.000000,1.047,1.22,0.01,0.01,1,na,1.047,1.261663,-1.673,0.969,14,3,14
PU0_5620_5380,3,0.05,1.047,0.01,1.000000,1.000000,1.047,1.22,0.01,0.01,1,na,1.047,1.261663,-1.673,0.969,14,3,14
PU2_5700_5210,3,0.05,1.047,0.01,1.000000,1.000000,1.047,1.22,0.01,0.01,1,na,1.047,1.261663,-1.673,0.969,14,3,14
PU3_3680_3890,3,0.05,1.047,0.01,1.000000,1.000000,1.047,1.22,0.01,0.01,1,na,1.047,5.000000,-1.673,0.969,14,3,14
PU1_3850_4190,3,0.05,1.047,0.01,1.000000,1.000000,1.047,1.22,0.01,0.01,1,na,1.047,0.053908,-1.673,0.969,14,3,14
PU3_5210_5050,3,0.05,1.047,0.01,1.000000,1.000000,1.047,1.22,0.01,0.01,1,na,1.047,1.261663,-1.673,0.969,14,3,14
PU1_5380_5050,3,0.05,1.047,0.01,1.000000,1.000000,1.047,1.22,0.01,0.01,1,na,1.047,1.261663,-1.673,0.969,14,3,14
PU4_5050_4310,3,0.05,1.047,0.01,1.000000,1.000000,1.047,1.22,0.01,0.01,1,na,1.047,1.266917,-1.673,0.969,14,3,14
PU4_4310_4210,3,0.05,1.047,0.01,1.000000,1.000000,1.047,1.22,0.01,0.01,1,na,1.047,1.266917,-1.673,0.969,14,3,14
PU1_4840_4760,na,0.05,1.047,0.01,1.000000,1.000000,1.047,1.22,0.01,0.01,1,2.000000,na,na,na,na,14,3,14
PU1_4190_4300,na,0.05,1.047,0.01,1.000000,1.000000,1.047,1.22,0.01,0.01,1,0.100158,na,na,na,na,14,3,14
PU4_4210_4170,3,0.05,1.047,0.01,1.000000,1.000000,1.047,1.22,0.01,0.01,1,na,1.047,0.647867,-1.673,0.969,14,3,14
PU2_4720_4750,3,0.05,1.047,0.01,1.000000,1.000000,1.047,1.22,0.01,0.01,1,na,1.047,5.000000,-1.673,0.969,14,3,14
PU1_4760_4450,3,0.05,1.047,0.01,1.000000,1.000000,1.047,1.22,0.01,0.01,1,na,1.047,5.000000,-1.673,0.969,14,3,14
PU1_4300_4440,3,0.05,1.047,0.01,1.000000,1.000000,1.047,1.22,0.01,0.01,1,na,1.047,0.053908,-1.673,0.969,14,3,14
PU2_4750_4450,3,0.05,1.047,0.01,1.000000,1.000000,1.047,1.22,0.01,0.01,1,na,1.047,5.000000,-1.673,0.969,14,3,14
PU3_4450_4440,na,0.05,1.047,0.01,1.000000,1.000000,1.047,1.22,0.01,0.01,1,2.000000,na,na,na,na,14,3,14
PU4_4440_3970,3,0.05,1.047,0.01,1.000000,1.000000,1.047,1.22,0.01,0.01,1,na,1.047,0.180122,-1.673,0.969,14,3,14
PU4_3970_3890,3,0.05,1.047,0.01,1.000000,1.000000,1.047,1.22,0.01,0.01,1,na,1.047,0.180122,-1.673,0.969,14,3,14
PU4_3890_3990,3,0.05,1.047,0.01,1.000000,1.000000,1.047,1.22,0.01,0.01,1,na,1.047,0.180122,-1.673,0.969,14,3,14
PU4_3990_3780,3,0.05,1.047,0.01,1.000000,1.000000,1.047,1.22,0.01,0.01,1,na,1.047,0.246655,-1.673,0.969,14,3,14
PU4_3780_3930,3,0.05,1.047,0.01,1.000000,1.000000,1.047,1.22,0.01,0.01,1,na,1.047,0.246655,-1.673,0.969,14,3,14
PU5_3930_4170,3,0.05,1.047,0.01,1.000000,1.000000,1.047,1.22,0.01,0.01,1,na,1.047,0.302262,-1.673,0.969,14,3,14
PU5_4170_4020,3,0.05,1.047,0.01,1.000000,1.000000,1.047,1.22,0.01,0.01,1,na,1.047,0.647867,-1.673,0.969,14,3,14
PU6_4020_3870,3,0.05,1.047,0.01,1.000000,1.000000,1.047,1.22,0.01,0.01,1,na,1.047,0.647867,-1.673,0.969,14,3,14
PU6_3870_3690,3,0.05,1.047,0.01,1.000000,7.262192,1.047,1.22,0.01,0.01,1,na,1.047,0.283283,-1.673,0.969,14,3,14
PU6_3690_3610,3,0.05,1.047,0.01,1.000000,7.262192,1.047,1.22,0.01,0.01,1,na,1.047,0.283283,-1.673,0.969,14,3,14
PU6_3610_3530,3,0.05,1.047,0.01,1.000000,7.262192,1.047,1.22,0.01,0.01,1,na,1.047,0.283283,-1.673,0.969,14,3,14
PU6_3530_3440,3,0.05,1.047,0.01,1.003975,49.77174,1.047,1.22,0.01,0.01,1,na,1.047,0.990108,-1.673,0.969,14,3,14
PU6_3440_3590,3,0.05,1.047,0.01,1.003975,49.77174,1.047,1.22,0.01,0.01,1,na,1.047,0.990108,-1.673,0.969,14,3,14
PU6_3590_3640,3,0.05,1.047,0.01,1.003975,49.77174,1.047,1.22,0.01,0.01,1,na,1.047,0.990108,-1.673,0.969,14,3,14
PU6_3640_3600,3,0.05,1.047,0.01,1.003975,49.77174,1.047,1.22,0.01,0.01,1,na,1.047,0.990108,-1.673,0.969,14,3,14
PU6_3600_3602,3,0.05,1.047,0.01,1.003975,49.77174,1.047,1.22,0.01,0.01,1,na,1.047,0.990108,-1.673,0.969,14,3,14
PU6_3602_3730,3,0.05,1.047,0.01,1.003975,49.77174,1.047,1.22,0.01,0.01,1,na,1.047,0.990108,-1.673,0.969,14,3,14
PU6_3730_3750,3,0.05,1.047,0.01,1.003975,49.77174,1.047,1.22,0.01,0.01,1,na,1.047,0.990108,-1.673,0.969,14,3,14
PU6_3750_3752,3,0.05,1.047,0.01,1.003975,49.77174,1.047,1.22,0.01,0.01,1,na,1.047,0.990108,-1.673,0.969,14,3,14
PU6_3752_4080,3,0.05,1.047,0.01,1.003975,49.77174,1.047,1.22,0.01,0.01,1,na,1.047,0.990108,-1.673,0.969,14,3,14
PU6_4080_4180,3,0.05,1.047,0.01,1.350000,72.19316,1.047,1.22,0.01,0.01,1,na,1.047,0.899424,-1.673,0.969,14,3,14
PU6_4180_4150,3,0.05,1.047,0.01,1.350000,72.19316,1.047,1.22,0.01,0.01,1,na,1.047,0.899424,-1.673,0.969,14,3,14
PM7_4150_4290,3,0.05,1.047,0.01,1.350000,72.19316,1.047,1.22,0.01,0.01,1,na,1.047,0.899424,-1.673,0.969,14,3,14
PM7_4290_4200,3,0.05,1.047,0.01,1.350000,72.19316,1.047,1.22,0.01,0.01,1,na,1.047,0.899424,-1.673,0.969,14,3,14
PM7_4200_4410,3,0.05,1.047,0.01,1.350000,43.21578,1.047,1.22,0.01,0.01,1,na,1.047,5.000000,-1.673,0.969,14,3,14
PM7_4410_4620,3,0.05,1.047,0.01,1.350000,43.21578,1.047,1.22,0.01,0.01,1,na,1.047,5.000000,-1.673,0.969,14,3,14
PM7_4620_4580,3,0.05,1.047,0.01,1.350000,43.21578,1.047,1.22,0.01,0.01,1,na,1.047,5.000000,-1.673,0.969,14,3,14
PM7_4580_4820,3,0.05,1.047,0.01,1.350000,43.21578,1.047,1.22,0.01,0.01,1,na,1.047,5.000000,-1.673,0.969,14,3,14
PM7_4820_0001,3,0.05,1.047,0.01,1.350000,43.21578,1.047,1.22,0.01,0.01,1,na,1.047,5.000000,-1.673,0.969,14,3,14
RU2_5220_5640,3,0.05,1.047,0.01,1.162332,103.9432,1.047,1.22,0.01,0.01,1,na,1.047,0.251697,-1.673,0.969,14,3,14
RU2_5940_6200,3,0.05,1.047,0.01,1.350000,200.0000,1.047,1.22,0.01,0.01,1,na,1.047,0.050000,-1.673,0.969,14,3,14
RU2_5500_5610,3,0.05,1.047,0.01,1.021457,50.19691,1.047,1.22,0.01,0.01,1,na,1.047,1.045596,-1.673,0.969,14,3,14
RU2_5810_5610,3,0.05,1.047,0.01,1.021457,50.19691,1.047,1.22,0.01,0.01,1,na,1.047,1.045596,-1.673,0.969,14,3,14
RU2_6090_6220,3,0.05,1.047,0.01,1.350000,137.8724,1.047,1.22,0.01,0.01,1,na,1.047,0.176690,-1.673,0.969,14,3,14
RU3_5610_5640,3,0.05,1.047,0.01,1.162332,103.9432,1.047,1.22,0.01,0.01,1,na,1.047,0.251697,-1.673,0.969,14,3,14
RU4_5640_6030,3,0.05,1.047,0.01,1.147283,33.03575,1.047,1.22,0.01,0.01,1,na,1.047,0.565773,-1.673,0.969,14,3,14
RU2_6200_6170,3,0.05,1.047,0.01,1.174108,70.79793,1.047,1.22,0.01,0.01,1,na,1.047,1.022862,-1.673,0.969,14,3,14
RU2_6220_6170,3,0.05,1.047,0.01,1.174108,70.79793,1.047,1.22,0.01,0.01,1,na,1.047,1.022862,-1.673,0.969,14,3,14
RU3_6170_6040,3,0.05,1.047,0.01,1.174108,70.79793,1.047,1.22,0.01,0.01,1,na,1.047,1.022862,-1.673,0.969,14,3,14
RU4_6040_6030,3,0.05,1.047,0.01,1.147283,33.03575,1.047,1.22,0.01,0.01,1,na,1.047,0.565773,-1.673,0.969,14,3,14
RU5_6030_0001,3,0.05,1.047,0.01,1.147283,33.03575,1.047,1.22,0.01,0.01,1,na,1.047,0.565773,-1.673,0.969,14,3,14
XU0_4090_4270,3,0.05,1.047,0.01,1.350000,200.0000,1.047,1.22,0.01,0.01,1,na,1.047,0.050000,-1.673,0.969,14,3,14
XU0_4130_4070,3,0.05,1.047,0.01,1.350000,200.0000,1.047,1.22,0.01,0.01,1,na,1.047,0.099104,-1.673,0.969,14,3,14
XU0_4091_4270,3,0.05,1.047,0.01,1.350000,200.0000,1.047,1.22,0.01,0.01,1,na,1.047,0.050000,-1.673,0.969,14,3,14
XU2_4270_4650,3,0.05,1.047,0.01,1.000000,1.000000,1.047,1.22,0.01,0.01,1,na,1.047,0.167247,-1.673,0.969,14,3,14
XU2_4070_4330,na,0.05,1.047,0.01,1.000000,1.000000,1.047,1.22,0.01,0.01,1,2.000000,na,na,na,na,14,3,14
XU2_4330_4480,na,0.05,1.047,0.01,1.000000,1.000000,1.047,1.22,0.01,0.01,1,2.000000,na,na,na,na,14,3,14
XU2_4480_4650,3,0.05,1.047,0.01,1.000000,1.000000,1.047,1.22,0.01,0.01,1,na,1.047,0.167247,-1.673,0.969,14,3,14
XU3_4650_0001,3,0.05,1.047,0.01,1.000000,1.000000,1.047,1.22,0.01,0.01,1,na,1.047,0.167247,-1.673,0.969,14,3,14
YM1_6370_6620,3,0.05,1.047,0.01,1.006008,30.78369,1.047,1.22,0.01,0.01,1,na,1.047,0.050000,-1.673,0.969,14,3,14
YM2_6120_6430,3,0.05,1.047,0.01,1.001794,37.11449,1.047,1.22,0.01,0.01,1,na,1.047,0.050000,-1.673,0.969,14,3,14
YM3_6430_6620,3,0.05,1.047,0.01,1.006008,30.78369,1.047,1.22,0.01,0.01,1,na,1.047,0.050000,-1.673,0.969,14,3,14
YM4_6620_0001,3,0.05,1.047,0.01,1.150000,40.00000,1.047,1.22,0.01,0.01,1,na,1.047,0.500000,-1.673,0.969,14,3,14
YP1_6570_6680,3,0.05,1.047,0.01,1.000000,1.000000,1.047,1.22,0.01,0.01,1,na,1.047,5.000000,-1.673,0.969,14,3,14
YP3_6470_6690,3,0.05,1.047,0.01,1.000000,1.000000,1.047,1.22,0.01,0.01,1,na,1.047,0.210500,-1.673,0.969,14,3,14
YP2_6390_6330,na,0.05,1.047,0.01,1.350000,29.20891,1.047,1.22,0.01,0.01,1,2.000000,na,na,na,na,14,3,14
YP1_6680_6670,3,0.05,1.047,0.01,1.000000,1.000000,1.047,1.22,0.01,0.01,1,na,1.047,0.210500,-1.673,0.969,14,3,14
YP3_6690_6720,3,0.05,1.047,0.01,1.000000,1.000000,1.047,1.22,0.01,0.01,1,na,1.047,0.210500,-1.673,0.969,14,3,14
YP3_6330_6700,3,0.05,1.047,0.01,1.350000,200.0000,1.047,1.22,0.01,0.01,1,na,1.047,0.073239,-1.673,0.969,14,3,14
YP3_6700_6670,3,0.05,1.047,0.01,1.000000,1.000000,1.047,1.22,0.01,0.01,1,na,1.047,0.210500,-1.673,0.969,14,3,14
YP3_6670_6720,3,0.05,1.047,0.01,1.000000,1.000000,1.047,1.22,0.01,0.01,1,na,1.047,0.210500,-1.673,0.969,14,3,14
YP4_6720_6750,3,0.05,1.047,0.01,1.000000,1.000000,1.047,1.22,0.01,0.01,1,na,1.047,0.210500,-1.673,0.969,14,3,14
YP4_6750_0001,3,0.05,1.047,0.01,1.150000,40.00000,1.047,1.22,0.01,0.01,1,na,1.047,0.500000,-1.673,0.969,14,3,14
end
