river,wdm
DE0_2590_0000,prad_N10003.wdm
DE0_2600_0000,prad_N10003.wdm
DE0_2610_0000,prad_N10003.wdm
DE0_2640_0000,prad_N10003.wdm
DE0_2690_0000,prad_N10003.wdm
DE0_2710_0000,prad_N10003.wdm
DE0_2800_0000,prad_N10003.wdm
DE0_2850_0000,prad_N10003.wdm
DE0_2870_0000,prad_N10003.wdm
DE0_2920_0000,prad_N10003.wdm
DE0_2960_0000,prad_N10003.wdm
DE0_2990_0000,prad_N10003.wdm
DE0_3110_0000,prad_N10003.wdm
DE0_3260_0000,prad_N10003.wdm
DE0_3280_0000,prad_N10003.wdm
DE0_3310_0000,prad_N10003.wdm
DE0_3380_0000,prad_N10003.wdm
DE0_3410_0000,prad_N10001.wdm
DE0_3790_0000,prad_N10001.wdm
DE0_3791_0001,prad_N10001.wdm
DE0_3840_0000,prad_N10001.wdm
DE0_4140_0000,prad_N10001.wdm
DE0_4141_0001,prad_N10001.wdm
DE0_4230_0000,prad_N10001.wdm
DE0_4231_0001,prad_N10001.wdm
DE0_4350_0000,prad_N10005.wdm
DE0_4520_0000,prad_N10005.wdm
DE0_4570_0000,prad_N10005.wdm
DE0_4680_0000,prad_N10005.wdm
DE0_4800_0000,prad_N10005.wdm
DE0_4850_0000,prad_N10005.wdm
DE0_4990_0000,prad_N10005.wdm
DE0_5020_0000,prad_N10005.wdm
DE0_5021_0000,prad_N10005.wdm
DE0_5170_0000,prad_N24047.wdm
DE0_5410_0000,prad_N24047.wdm
DE0_5420_0000,prad_N24047.wdm
DE0_5650_0000,prad_N51001.wdm
DE0_6210_0000,prad_N51001.wdm
DE0_6310_0000,prad_N51001.wdm
DE0_6630_0000,prad_N51001.wdm
DE0_6980_0000,prad_N51131.wdm
DE0_7130_0000,prad_N51131.wdm
EL0_4560_4562,prad_N10005.wdm
EL0_4561_4562,prad_N10005.wdm
EL0_4562_0001,prad_N10005.wdm
EL0_4591_0000,prad_N24019.wdm
EL0_4592_0000,prad_N24019.wdm
EL0_4593_0000,prad_N24019.wdm
EL0_4594_0000,prad_N24045.wdm
EL0_4595_0000,prad_N24045.wdm
EL0_4596_0000,prad_N24045.wdm
EL0_4597_0000,prad_N24045.wdm
EL0_4598_0000,prad_N24019.wdm
EL0_4631_0000,prad_N10005.wdm
EL0_4632_0000,prad_N10005.wdm
EL0_4633_0000,prad_N10005.wdm
EL0_4892_0000,prad_N24019.wdm
EL0_5040_0000,prad_N24045.wdm
EL0_5151_0000,prad_N24019.wdm
EL0_5262_0000,prad_N24019.wdm
EL0_5271_0000,prad_N24047.wdm
EL0_5280_0000,prad_N24019.wdm
EL0_5281_0000,prad_N24019.wdm
EL0_5282_0000,prad_N24019.wdm
EL0_5283_0000,prad_N24019.wdm
EL0_5284_0000,prad_N24019.wdm
EL0_5285_0000,prad_N24019.wdm
EL0_5400_0001,prad_N24045.wdm
EL0_5590_0000,prad_N24019.wdm
EL0_5760_0000,prad_N24045.wdm
EL0_5761_0000,prad_N24045.wdm
EL0_5762_0000,prad_N24039.wdm
EL0_5763_0000,prad_N24039.wdm
EL0_5764_0000,prad_N24045.wdm
EL0_5765_0000,prad_N24039.wdm
EL0_5766_0000,prad_N24019.wdm
EL0_5767_0001,prad_N24045.wdm
EL0_5890_0000,prad_N24039.wdm
EL0_5891_0000,prad_N24039.wdm
EL0_5892_0000,prad_N24039.wdm
EL0_5893_0000,prad_N24039.wdm
EL0_5894_0000,prad_N24039.wdm
EL0_5895_0000,prad_N51001.wdm
EL0_5896_0000,prad_N51001.wdm
EL0_5973_0000,prad_N51001.wdm
EL0_6001_0000,prad_N24039.wdm
EL0_6002_0000,prad_N24039.wdm
EL0_6003_0000,prad_N24039.wdm
EL0_6004_0000,prad_N24039.wdm
EL0_6010_0000,prad_N24039.wdm
EL0_6011_0000,prad_N24039.wdm
EL0_6190_0000,prad_N51001.wdm
EL0_6191_0000,prad_N51001.wdm
EL0_6480_0000,prad_N51001.wdm
EL0_6550_0000,prad_N51001.wdm
EL0_6610_0000,prad_N51131.wdm
EL0_6920_0000,prad_N51131.wdm
EL0_7060_0000,prad_N51131.wdm
EL0_7220_0000,prad_N51131.wdm
EL1_5150_0001,prad_N24019.wdm
EL1_5430_0001,prad_N24045.wdm
EL1_5570_0001,prad_N24047.wdm
EL1_5660_0000,prad_N24047.wdm
EL1_6000_0001,prad_N24039.wdm
EL2_4400_4590,prad_N10001.wdm
EL2_4590_0001,prad_N24011.wdm
EL2_4630_0000,prad_N10005.wdm
EL2_4634_0000,prad_N24019.wdm
EL2_5110_5270,prad_N10005.wdm
EL2_5270_0001,prad_N24047.wdm
EL2_5272_5270,prad_N24045.wdm
EL3_5870_0000,prad_N24047.wdm
EL3_5970_0000,prad_N24039.wdm
EL3_5971_0000,prad_N24039.wdm
EL3_5972_0000,prad_N51001.wdm
EL3_5974_0000,prad_N24039.wdm
EM0_4322_0000,prad_N24011.wdm
EM0_4323_0000,prad_N24011.wdm
EM0_4324_0000,prad_N24041.wdm
EM0_4327_0000,prad_N24011.wdm
EM0_4551_0000,prad_N24041.wdm
EM0_4870_0000,prad_N24041.wdm
EM0_4871_0000,prad_N24041.wdm
EM0_4874_0000,prad_N24041.wdm
EM0_4875_0000,prad_N24041.wdm
EM0_4876_0000,prad_N24041.wdm
EM0_4880_0000,prad_N24019.wdm
EM0_4881_0000,prad_N24019.wdm
EM0_4882_0000,prad_N24041.wdm
EM0_4883_0000,prad_N24019.wdm
EM0_4884_0000,prad_N24019.wdm
EM0_4885_0000,prad_N24019.wdm
EM0_4886_0000,prad_N24019.wdm
EM0_4887_0000,prad_N24019.wdm
EM0_4888_0000,prad_N24019.wdm
EM0_4889_0000,prad_N24019.wdm
EM0_4890_0000,prad_N24019.wdm
EM0_4891_0000,prad_N24019.wdm
EM0_5260_0000,prad_N24019.wdm
EM0_5261_0000,prad_N24019.wdm
EM0_5263_0000,prad_N24019.wdm
EM2_3980_0001,prad_N10001.wdm
EM2_4100_0001,prad_N24035.wdm
EM2_4101_0000,prad_N24041.wdm
EM3_4320_0000,prad_N24011.wdm
EM3_4321_0000,prad_N24011.wdm
EM3_4325_0000,prad_N24011.wdm
EM3_4326_0000,prad_N10001.wdm
EM4_4740_0000,prad_N24041.wdm
EU0_2940_0000,prad_N24015.wdm
EU0_2941_0000,prad_N24015.wdm
EU0_2985_0000,prad_N24015.wdm
EU0_3010_0000,prad_N24015.wdm
EU0_3011_0000,prad_N10003.wdm
EU0_3050_0000,prad_N24015.wdm
EU0_3130_0000,prad_N24015.wdm
EU0_3131_0000,prad_N24015.wdm
EU0_3200_0000,prad_N24015.wdm
EU0_3201_0000,prad_N24015.wdm
EU0_3202_0000,prad_N24015.wdm
EU0_3203_0000,prad_N24015.wdm
EU0_3300_0000,prad_N24015.wdm
EU0_3301_0000,prad_N24015.wdm
EU0_3302_0000,prad_N24015.wdm
EU0_3360_0000,prad_N24029.wdm
EU0_3361_0000,prad_N10003.wdm
EU0_3362_0000,prad_N24029.wdm
EU0_3363_0000,prad_N24029.wdm
EU0_3364_0000,prad_N24015.wdm
EU0_3570_0000,prad_N24029.wdm
EU0_3571_0000,prad_N24029.wdm
EU0_3572_0000,prad_N24029.wdm
EU0_3573_0000,prad_N24029.wdm
EU0_3700_0000,prad_N24035.wdm
EU0_3720_0000,prad_N24029.wdm
EU0_3721_0000,prad_N24035.wdm
EU0_3722_0000,prad_N24035.wdm
EU0_3724_0000,prad_N24029.wdm
EU0_3725_0000,prad_N24029.wdm
EU0_3726_0001,prad_N24029.wdm
EU0_3830_0001,prad_N24035.wdm
EU0_4010_0000,prad_N24029.wdm
EU0_4011_0000,prad_N24029.wdm
EU0_4012_0000,prad_N24029.wdm
EU0_4013_0000,prad_N24029.wdm
EU0_4014_0000,prad_N24029.wdm
EU0_4015_0000,prad_N24029.wdm
EU0_4016_0000,prad_N24029.wdm
EU0_4030_0000,prad_N24035.wdm
EU0_4120_0000,prad_N24029.wdm
EU0_4121_0000,prad_N24035.wdm
EU0_4122_0000,prad_N24035.wdm
EU0_4123_0000,prad_N24029.wdm
EU0_4124_0000,prad_N24035.wdm
EU0_4125_0000,prad_N24029.wdm
EU0_4260_0000,prad_N24035.wdm
EU0_4470_0000,prad_N24035.wdm
EU0_4471_0000,prad_N24035.wdm
EU0_4472_0000,prad_N24035.wdm
EU0_4473_0000,prad_N24035.wdm
EU0_4474_0000,prad_N24041.wdm
EU0_4475_0000,prad_N24041.wdm
EU0_4490_0000,prad_N24035.wdm
EU0_4491_0000,prad_N24035.wdm
EU0_4550_0000,prad_N24041.wdm
EU0_4610_0000,prad_N24035.wdm
EU0_4700_0000,prad_N24041.wdm
EU0_4872_0000,prad_N24035.wdm
EU0_4873_0000,prad_N24041.wdm
EU1_2650_0001,prad_N42029.wdm
EU1_2810_0001,prad_N24015.wdm
EU1_2980_0000,prad_N24015.wdm
EU1_2981_0000,prad_N24015.wdm
EU1_2982_0000,prad_N24015.wdm
EU1_2983_0000,prad_N24015.wdm
EU1_2984_0000,prad_N24015.wdm
EU2_3520_0001,prad_N24029.wdm
GY0_3800_3801,prad_N24023.wdm
GY0_3801_0000,prad_N24023.wdm
GY0_3950_3952,prad_N24023.wdm
GY0_3951_3952,prad_N24023.wdm
GY0_3952_0000,prad_N24023.wdm
GY0_4240_3951,prad_N24023.wdm
GY0_4530_4532,prad_N24023.wdm
GY0_4531_4532,prad_N54077.wdm
GY0_4532_3951,prad_N24023.wdm
JA0_7291_7290,prad_N51041.wdm
JA1_7600_7570,prad_N51135.wdm
JA1_7640_7280,prad_N51147.wdm
JA2_7290_0001,prad_N51041.wdm
JA2_7410_7470,prad_N51007.wdm
JA2_7550_7280,prad_N51147.wdm
JA2_7570_7480,prad_N51007.wdm
JA4_7280_7340,prad_N51049.wdm
JA4_7340_7470,prad_N51041.wdm
JA4_7470_7480,prad_N51041.wdm
JA5_7460_0000,prad_N51041.wdm
JA5_7480_0001,prad_N51053.wdm
JA5_7520_0000,prad_N51730.wdm
JB0_7050_0000,prad_N51036.wdm
JB0_7051_0001,prad_N51095.wdm
JB0_7052_0001,prad_N51127.wdm
JB0_7071_0000,prad_N51041.wdm
JB0_7072_0000,prad_N51181.wdm
JB0_7073_0000,prad_N51087.wdm
JB0_7074_0000,prad_N51036.wdm
JB0_7075_0000,prad_N51670.wdm
JB0_7076_0000,prad_N51041.wdm
JB0_7270_0000,prad_N51149.wdm
JB0_7271_0000,prad_N51181.wdm
JB0_7381_0000,prad_N51810.wdm
JB0_7382_0000,prad_N51550.wdm
JB0_7383_0000,prad_N51550.wdm
JB0_7390_0000,prad_N51093.wdm
JB0_7391_0000,prad_N51095.wdm
JB0_7392_0000,prad_N51181.wdm
JB0_7393_0000,prad_N51710.wdm
JB0_7394_0000,prad_N51710.wdm
JB0_7395_0000,prad_N51740.wdm
JB0_7396_0000,prad_N51710.wdm
JB0_7397_0000,prad_N51740.wdm
JB0_7398_0000,prad_N51710.wdm
JB0_7399_0000,prad_N51740.wdm
JB0_7580_0000,prad_N51650.wdm
JB0_7660_0000,prad_N51810.wdm
JB0_7661_0000,prad_N51810.wdm
JB0_7662_0000,prad_N51810.wdm
JB0_7760_0000,prad_N51800.wdm
JB1_8090_0001,prad_N51800.wdm
JB2_7800_0001,prad_N51093.wdm
JB3_6820_7053,prad_N51087.wdm
JB3_7053_0001,prad_N51127.wdm
JL1_6560_6440,prad_N51003.wdm
JL1_6760_6910,prad_N51003.wdm
JL1_6770_6850,prad_N51125.wdm
JL1_6910_6960,prad_N51065.wdm
JL1_6940_7200,prad_N51125.wdm
JL1_7080_7190,prad_H51009.wdm
JL1_7170_6800,prad_N51145.wdm
JL1_7190_7250,prad_N51009.wdm
JL1_7200_7250,prad_N51125.wdm
JL1_7530_7430,prad_N51011.wdm
JL2_6240_6520,prad_N51003.wdm
JL2_6440_6441,prad_N51003.wdm
JL2_6441_6520,prad_N51003.wdm
JL2_6850_6890,prad_N51125.wdm
JL2_7110_7120,prad_N51029.wdm
JL2_7120_6970,prad_N51029.wdm
JL2_7240_7350,prad_N51009.wdm
JL2_7250_7090,prad_N51125.wdm
JL2_7350_7090,prad_N51125.wdm
JL3_7020_7100,prad_N51029.wdm
JL3_7090_7150,prad_N51125.wdm
JL4_6520_6710,prad_N51003.wdm
JL4_6710_6740,prad_N51065.wdm
JL6_6740_7100,prad_N51075.wdm
JL6_6890_6990,prad_N51003.wdm
JL6_6960_6970,prad_N51065.wdm
JL6_6970_6740,prad_N51065.wdm
JL6_6990_6960,prad_N51029.wdm
JL6_7150_6890,prad_N51029.wdm
JL6_7160_7440,prad_N51009.wdm
JL6_7320_7150,prad_N51029.wdm
JL6_7430_7320,prad_N51011.wdm
JL6_7440_7430,prad_N51009.wdm
JL7_6800_7070,prad_N51075.wdm
JL7_7030_6800,prad_N51049.wdm
JL7_7070_0001,prad_N51760.wdm
JL7_7100_7030,prad_N51049.wdm
JU1_6290_6590,prad_N51091.wdm
JU1_6300_6650,prad_N51091.wdm
JU1_6340_6650,prad_N51091.wdm
JU1_6590_6600,prad_N51017.wdm
JU1_6880_7260,prad_N51163.wdm
JU1_7560_7500,prad_N51023.wdm
JU1_7630_7490,prad_N51045.wdm
JU1_7690_7490,prad_N51045.wdm
JU1_7750_7560,prad_N51161.wdm
JU2_6410_6640,prad_N51015.wdm
JU2_6600_6810,prad_N51017.wdm
JU2_6810_6900,prad_N51017.wdm
JU2_7140_7330,prad_N51005.wdm
JU2_7180_7380,prad_N51163.wdm
JU2_7360_7000,prad_N51005.wdm
JU2_7450_7360,prad_N51005.wdm
JU3_6380_6900,prad_N51017.wdm
JU3_6640_6790,prad_N51163.wdm
JU3_6650_7300,prad_N51017.wdm
JU3_6790_7260,prad_N51163.wdm
JU3_6900_6950,prad_N51017.wdm
JU3_6950_7330,prad_N51005.wdm
JU3_7400_7510,prad_N51023.wdm
JU3_7490_7400,prad_N51045.wdm
JU4_7000_7300,prad_N51005.wdm
JU4_7260_7380,prad_N51163.wdm
JU4_7330_7000,prad_N51005.wdm
JU4_7380_7160,prad_N51163.wdm
JU5_7300_7510,prad_N51023.wdm
JU5_7420_7160,prad_N51163.wdm
JU5_7500_7420,prad_N51023.wdm
JU5_7510_7500,prad_N51023.wdm
PL0_4510_0001,prad_N24031.wdm
PL0_4961_0000,prad_N24033.wdm
PL0_5000_0001,prad_N51059.wdm
PL0_5010_5130,prad_N51059.wdm
PL0_5070_0001,prad_N24033.wdm
PL0_5090_0000,prad_N51510.wdm
PL0_5131_0000,prad_N51059.wdm
PL0_5141_5140,prad_N51061.wdm
PL0_5251_0000,prad_N51153.wdm
PL0_5252_0000,prad_N51059.wdm
PL0_5253_0000,prad_N51059.wdm
PL0_5290_0000,prad_N24033.wdm
PL0_5390_0000,prad_N24017.wdm
PL0_5391_0000,prad_N24017.wdm
PL0_5392_0000,prad_N24017.wdm
PL0_5440_0000,prad_N24017.wdm
PL0_5450_0000,prad_N24017.wdm
PL0_5490_0001,prad_N51153.wdm
PL0_5491_0000,prad_N51153.wdm
PL0_5492_0000,prad_N51153.wdm
PL0_5493_0000,prad_N51179.wdm
PL0_5494_0000,prad_N51179.wdm
PL0_5495_0000,prad_N51179.wdm
PL0_5496_0000,prad_N51153.wdm
PL0_5510_0001,prad_N24017.wdm
PL0_5530_5710,prad_N24017.wdm
PL0_5540_5490,prad_N51153.wdm
PL0_5580_0000,prad_N24017.wdm
PL0_5581_0000,prad_N24017.wdm
PL0_5582_0000,prad_N24017.wdm
PL0_5583_0000,prad_N24017.wdm
PL0_5584_0000,prad_N24017.wdm
PL0_5585_0000,prad_N24017.wdm
PL0_5670_0000,prad_N24037.wdm
PL0_5671_0000,prad_N24017.wdm
PL0_5672_0000,prad_N24037.wdm
PL0_5710_0001,prad_N24017.wdm
PL0_5720_0001,prad_N24017.wdm
PL0_5730_5690,prad_N51179.wdm
PL0_5750_0001,prad_N24037.wdm
PL0_5790_0000,prad_N24017.wdm
PL0_5791_0000,prad_N24017.wdm
PL0_5830_0001,prad_N24037.wdm
PL0_5850_0000,prad_N51179.wdm
PL0_5851_0000,prad_N51179.wdm
PL0_5860_0000,prad_N24017.wdm
PL0_5900_0000,prad_N51179.wdm
PL0_5901_0000,prad_N51099.wdm
PL0_5902_0000,prad_N51099.wdm
PL0_5903_0000,prad_N51099.wdm
PL0_5904_0000,prad_N51099.wdm
PL0_5920_0000,prad_N51099.wdm
PL0_5921_0000,prad_N51099.wdm
PL0_5922_0000,prad_N51099.wdm
PL0_5923_0000,prad_N51099.wdm
PL0_5930_0000,prad_N24017.wdm
PL0_5950_0000,prad_N24037.wdm
PL0_5951_0000,prad_N24037.wdm
PL0_5952_0000,prad_N24037.wdm
PL0_5960_0000,prad_N24037.wdm
PL0_5961_0000,prad_N24037.wdm
PL0_5962_0000,prad_N24037.wdm
PL0_5980_0000,prad_N24037.wdm
PL0_5981_0000,prad_N24037.wdm
PL0_5982_0000,prad_N24037.wdm
PL0_5983_0000,prad_N24037.wdm
PL0_6020_0000,prad_N24037.wdm
PL0_6060_0000,prad_N24037.wdm
PL0_6100_0000,prad_N51193.wdm
PL0_6101_0000,prad_N51193.wdm
PL0_6110_0000,prad_N24037.wdm
PL0_6130_0000,prad_N51193.wdm
PL0_6131_0000,prad_N51193.wdm
PL0_6140_0000,prad_N51193.wdm
PL0_6141_0000,prad_N51193.wdm
PL0_6270_0000,prad_N51133.wdm
PL0_6271_0000,prad_N51133.wdm
PL0_6272_0000,prad_N51133.wdm
PL1_4460_4780,prad_N24031.wdm
PL1_4540_0001,prad_N24033.wdm
PL1_4780_0001,prad_N11001.wdm
PL1_5060_0000,prad_N24033.wdm
PL1_5061_0000,prad_N24033.wdm
PL1_5130_0001,prad_N51059.wdm
PL1_5230_0001,prad_N24017.wdm
PL1_5370_5470,prad_N51061.wdm
PL1_5690_0001,prad_N51179.wdm
PL1_5910_0001,prad_N24037.wdm
PL2_4810_0000,prad_N24033.wdm
PL2_4811_0000,prad_N24033.wdm
PL2_4945_0000,prad_N11001.wdm
PL2_4970_5250,prad_N51059.wdm
PL2_5140_5360,prad_N51153.wdm
PL2_5300_5630,prad_N24017.wdm
PL2_5470_5360,prad_N51061.wdm
PL2_5630_0001,prad_N24017.wdm
PL2_5800_0000,prad_N24017.wdm
PL3_5250_0001,prad_N51059.wdm
PL3_5360_5250,prad_N51153.wdm
PL7_4910_0000,prad_N11001.wdm
PL7_4911_0000,prad_N51059.wdm
PL7_4940_0000,prad_N11001.wdm
PL7_4941_0000,prad_N51013.wdm
PL7_4942_0000,prad_N11001.wdm
PL7_4960_0000,prad_N24033.wdm
PL7_4962_0000,prad_N51013.wdm
PL7_4963_0000,prad_N51510.wdm
PL7_4964_0000,prad_N51013.wdm
PL7_4965_0000,prad_N51510.wdm
PL7_4980_0000,prad_N24033.wdm
PL7_4981_0000,prad_N51059.wdm
PL7_4982_0000,prad_N51059.wdm
PL7_4983_0000,prad_N51059.wdm
PL7_4984_0000,prad_N51059.wdm
PM0_4640_4820,prad_N24031.wdm
PM1_3120_3400,prad_N24013.wdm
PM1_3450_3400,prad_N24013.wdm
PM1_3510_4000,prad_N24021.wdm
PM1_3710_4040,prad_N24021.wdm
PM1_3711_3710,prad_N24021.wdm
PM1_4000_4290,prad_N24021.wdm
PM1_4250_4500,prad_N24031.wdm
PM1_4251_4250,prad_N24031.wdm
PM1_4252_4250,prad_N24031.wdm
PM1_4430_4200,prad_N51107.wdm
PM1_4500_4580,prad_N24031.wdm
PM2_2860_3040,prad_N42001.wdm
PM2_3400_3340,prad_N24013.wdm
PM2_4860_4670,prad_N51061.wdm
PM3_3040_3340,prad_N42001.wdm
PM3_4660_4620,prad_N51107.wdm
PM3_4670_4660,prad_N51107.wdm
PM4_3340_3341,prad_N24021.wdm
PM4_3341_4040,prad_N24021.wdm
PM4_4040_4410,prad_N24021.wdm
PM7_4150_4290,prad_N51107.wdm
PM7_4200_4410,prad_N24021.wdm
PM7_4290_4200,prad_N24021.wdm
PM7_4410_4620,prad_N24031.wdm
PM7_4580_4820,prad_N51059.wdm
PM7_4620_4580,prad_N51107.wdm
PM7_4820_0001,prad_N24031.wdm
PS0_6150_6160,prad_N51660.wdm
PS0_6160_6161,prad_N51165.wdm
PS1_4790_4830,prad_N51069.wdm
PS1_4830_5080,prad_N51069.wdm
PS2_5550_5560,prad_N51165.wdm
PS2_5560_5100,prad_N51165.wdm
PS2_6420_6360,prad_N51015.wdm
PS2_6490_6420,prad_N51015.wdm
PS2_6660_6490,prad_N51820.wdm
PS2_6730_6660,prad_N51015.wdm
PS3_5100_5080,prad_N51171.wdm
PS3_5990_6161,prad_N51165.wdm
PS3_6161_6280,prad_N51165.wdm
PS3_6280_6230,prad_L51015.wdm
PS3_6460_6230,prad_N51015.wdm
PS4_5080_4380,prad_N51171.wdm
PS4_5840_5240,prad_N51165.wdm
PS4_6230_6360,prad_N51165.wdm
PS4_6360_5840,prad_N51165.wdm
PS5_4370_4150,prad_N54037.wdm
PS5_4380_4370,prad_N51043.wdm
PS5_5200_4380,prad_N51187.wdm
PS5_5240_5200,prad_N51139.wdm
PU0_3000_3090,prad_N42055.wdm
PU0_3601_3602,prad_N24043.wdm
PU0_3611_3530,prad_N24043.wdm
PU0_3751_3752,prad_N24043.wdm
PU0_3871_3690,prad_N24001.wdm
PU0_5620_5380,prad_N54071.wdm
PU0_6080_5620,prad_N54071.wdm
PU1_3030_3440,prad_N42057.wdm
PU1_3100_3690,prad_N42009.wdm
PU1_3170_3580,prad_N42009.wdm
PU1_3580_3780,prad_N24001.wdm
PU1_3850_4190,prad_N24023.wdm
PU1_3940_3970,prad_N24001.wdm
PU1_4190_4300,prad_N24023.wdm
PU1_4300_4440,prad_N24023.wdm
PU1_4760_4451,prad_N54023.wdm
PU1_4840_4760,prad_H54023.wdm
PU1_5380_5050,prad_N54071.wdm
PU1_5520_5210,prad_H54071.wdm
PU1_5820_5380,prad_N54071.wdm
PU2_2790_3290,prad_N42055.wdm
PU2_2840_3080,prad_N42057.wdm
PU2_3080_3640,prad_N42055.wdm
PU2_3090_4050,prad_N24043.wdm
PU2_3140_3680,prad_N42111.wdm
PU2_3180_3370,prad_N42009.wdm
PU2_3370_4020,prad_N24001.wdm
PU2_3630_3590,prad_N54065.wdm
PU2_3770_3600,prad_N51069.wdm
PU2_3900_3750,prad_N54003.wdm
PU2_4050_4180,prad_N24043.wdm
PU2_4160_3930,prad_N54057.wdm
PU2_4220_3900,prad_N54003.wdm
PU2_4340_3860,prad_N54027.wdm
PU2_4360_4160,prad_N54057.wdm
PU2_4720_4750,prad_H24023.wdm
PU2_4730_4220,prad_N51069.wdm
PU2_4750_4451,prad_H54023.wdm
PU2_5190_4310,prad_N54031.wdm
PU2_5700_5210,prad_N54071.wdm
PU2_6050_5190,prad_N54071.wdm
PU3_2510_3290,prad_N42055.wdm
PU3_3290_3390,prad_N42055.wdm
PU3_3390_3730,prad_N24043.wdm
PU3_3680_3890,prad_N24001.wdm
PU3_3860_3610,prad_N54065.wdm
PU3_4280_3860,prad_N54031.wdm
PU3_4450_4440,prad_N24023.wdm
PU3_4451_4450,prad_H54057.wdm
PU3_5210_5050,prad_N54023.wdm
PU4_3780_3930,prad_N24001.wdm
PU4_3890_3990,prad_N24001.wdm
PU4_3970_3890,prad_N54057.wdm
PU4_3990_3780,prad_N24001.wdm
PU4_4210_4170,prad_N54027.wdm
PU4_4310_4210,prad_N54027.wdm
PU4_4440_3970,prad_N54057.wdm
PU4_5050_4310,prad_L54023.wdm
PU5_3930_4170,prad_N24001.wdm
PU5_4170_4020,prad_N24001.wdm
PU6_3440_3590,prad_N24043.wdm
PU6_3530_3440,prad_N54065.wdm
PU6_3590_3640,prad_N24043.wdm
PU6_3600_3602,prad_N54003.wdm
PU6_3602_3730,prad_N24043.wdm
PU6_3610_3530,prad_N54065.wdm
PU6_3640_3600,prad_N54065.wdm
PU6_3690_3610,prad_N54065.wdm
PU6_3730_3750,prad_N54003.wdm
PU6_3750_3752,prad_N54037.wdm
PU6_3752_4080,prad_N24043.wdm
PU6_3870_3690,prad_N54065.wdm
PU6_4020_3870,prad_N54027.wdm
PU6_4080_4180,prad_N54037.wdm
PU6_4180_4150,prad_N54037.wdm
RL0_6450_0000,prad_N51133.wdm
RL0_6451_0000,prad_N51103.wdm
RL0_6500_0000,prad_N51119.wdm
RL0_6501_0000,prad_N51159.wdm
RL0_6530_0000,prad_N51103.wdm
RL0_6531_0000,prad_N51119.wdm
RL0_6540_0001,prad_N51057.wdm
RL1_6180_0001,prad_N51193.wdm
RL1_6322_0000,prad_N51159.wdm
RL5_6070_0000,prad_N51033.wdm
RL5_6071_0000,prad_N51057.wdm
RL5_6072_0000,prad_N51159.wdm
RL5_6320_0000,prad_N51057.wdm
RL5_6321_0000,prad_N51057.wdm
RU2_5220_5640,prad_N51061.wdm
RU2_5500_5610,prad_N51157.wdm
RU2_5810_5610,prad_N51157.wdm
RU2_5940_6200,prad_N51113.wdm
RU2_6090_6220,prad_N51113.wdm
RU2_6200_6170,prad_N51113.wdm
RU2_6220_6170,prad_N51137.wdm
RU3_5610_5640,prad_N51047.wdm
RU3_6170_6040,prad_N51137.wdm
RU4_5640_6030,prad_N51047.wdm
RU4_6040_6030,prad_N51137.wdm
RU5_6030_0001,prad_N51177.wdm
SJ1_2280_2450,prad_N42061.wdm
SJ2_1900_1930,prad_N42087.wdm
SJ2_2110_2170,prad_N42067.wdm
SJ2_2150_2130,prad_N42099.wdm
SJ2_2500_2450,prad_N42061.wdm
SJ2_2530_2820,prad_N42009.wdm
SJ2_2570_2660,prad_N42009.wdm
SJ2_2580_2500,prad_N42057.wdm
SJ2_2820_2740,prad_N42009.wdm
SJ2_2900_2740,prad_N42009.wdm
SJ3_1980_2060,prad_N42061.wdm
SJ3_2040_1980,prad_N42013.wdm
SJ3_2160_2170,prad_N42067.wdm
SJ3_2170_1970,prad_N42067.wdm
SJ3_2230_2060,prad_N42013.wdm
SJ3_2250_2230,prad_N42013.wdm
SJ3_2450_2120,prad_N42061.wdm
SJ4_2010_2210,prad_N42061.wdm
SJ4_2060_2010,prad_N42061.wdm
SJ4_2340_2210,prad_N42061.wdm
SJ4_2360_2340,prad_N42061.wdm
SJ4_2660_2360,prad_N42009.wdm
SJ4_2740_2660,prad_N42009.wdm
SJ5_2120_1930,prad_N42087.wdm
SJ5_2210_2320,prad_N42061.wdm
SJ5_2320_2120,prad_N42061.wdm
SJ6_1930_1970,prad_N42067.wdm
SJ6_1970_2130,prad_N42067.wdm
SJ6_2130_2050,prad_N42099.wdm
SL0_2180_2220,prad_N42075.wdm
SL0_2220_2140,prad_N42075.wdm
SL0_2721_2720,prad_N24025.wdm
SL0_2831_2830,prad_N42133.wdm
SL1_1700_1780,prad_N42097.wdm
SL1_1730_1700,prad_N42097.wdm
SL1_1790_1840,prad_N42109.wdm
SL1_2000_2090,prad_N42011.wdm
SL1_2190_2350,prad_N42071.wdm
SL1_2390_2420,prad_N42071.wdm
SL1_2670_2370,prad_N42041.wdm
SL1_2760_2730,prad_N42133.wdm
SL1_2770_2730,prad_N42133.wdm
SL1_2830_2760,prad_N42133.wdm
SL2_1670_1880,prad_N42097.wdm
SL2_1810_2030,prad_N42107.wdm
SL2_1850_1990,prad_N42107.wdm
SL2_1990_2070,prad_N42075.wdm
SL2_2070_2090,prad_N42075.wdm
SL2_2200_2350,prad_N42071.wdm
SL2_2300_2520,prad_N42071.wdm
SL2_2410_2700,prad_N42071.wdm
SL2_2480_0001,prad_N42071.wdm
SL2_2540_2370,prad_N42055.wdm
SL2_2750_2720,prad_N42133.wdm
SL2_2910_3060,prad_N24025.wdm
SL2_3060_0001,prad_N24025.wdm
SL3_1710_1740,prad_N42027.wdm
SL3_1740_1840,prad_N42109.wdm
SL3_1840_1880,prad_N42109.wdm
SL3_1960_2080,prad_N42043.wdm
SL3_2260_2050,prad_N42099.wdm
SL3_2290_2260,prad_N42099.wdm
SL3_2350_2470,prad_N42071.wdm
SL3_2400_2440,prad_N42041.wdm
SL3_2420_2700,prad_N42071.wdm
SL3_2440_2380,prad_N42133.wdm
SL3_2460_2430,prad_N42001.wdm
SL3_2470_2420,prad_N42071.wdm
SL3_2550_2490,prad_N42133.wdm
SL3_2730_2550,prad_N42133.wdm
SL4_2090_2100,prad_N42075.wdm
SL4_2100_2140,prad_N42075.wdm
SL4_2140_2240,prad_N42043.wdm
SL4_2240_2310,prad_N42043.wdm
SL4_2330_2270,prad_N42041.wdm
SL4_2370_2330,prad_N42041.wdm
SL8_1760_1780,prad_N42109.wdm
SL8_1780_1880,prad_N42097.wdm
SL8_1880_2030,prad_N42109.wdm
SL8_2030_2080,prad_N42099.wdm
SL8_2080_2050,prad_N42043.wdm
SL9_2050_2270,prad_N42043.wdm
SL9_2270_2380,prad_N42043.wdm
SL9_2310_2430,prad_N42043.wdm
SL9_2380_2310,prad_N42043.wdm
SL9_2430_2490,prad_N42071.wdm
SL9_2490_2520,prad_N42071.wdm
SL9_2520_2700,prad_N42133.wdm
SL9_2700_2720,prad_N42133.wdm
SL9_2720_0001,prad_N42071.wdm
SL9_2970_0000,prad_N24015.wdm
SL9_2971_0000,prad_N24015.wdm
SU1_0050_0090,prad_N36053.wdm
SU1_0060_0190,prad_N36077.wdm
SU1_0080_0210,prad_N36077.wdm
SU1_0200_0270,prad_N36017.wdm
SU1_0330_0560,prad_N36107.wdm
SU1_0380_0400,prad_N36025.wdm
SU1_0390_0560,prad_N36107.wdm
SU1_0410_0480,prad_N36017.wdm
SU1_0660_0710,prad_N42115.wdm
SU1_0820_0740,prad_N42105.wdm
SU1_0840_0831,prad_N42117.wdm
SU1_0940_0900,prad_N42015.wdm
SU1_1480_1500,prad_N42079.wdm
SU1_1630_1610,prad_N42037.wdm
SU2_0020_0140,prad_N36077.wdm
SU2_0030_0140,prad_N36077.wdm
SU2_0040_0180,prad_N36077.wdm
SU2_0070_0090,prad_N36053.wdm
SU2_0100_0230,prad_N36077.wdm
SU2_0110_0240,prad_N36017.wdm
SU2_0120_0260,prad_N36023.wdm
SU2_0130_0250,prad_N36077.wdm
SU2_0150_0220,prad_N36025.wdm
SU2_0160_0260,prad_N36023.wdm
SU2_0210_0300,prad_N36077.wdm
SU2_0280_0430,prad_N36017.wdm
SU2_0290_0291,prad_N36025.wdm
SU2_0291_0320,prad_N36025.wdm
SU2_0320_0340,prad_N36025.wdm
SU2_0360_0460,prad_N36017.wdm
SU2_0440_0550,prad_N36007.wdm
SU2_0450_0720,prad_N36015.wdm
SU2_0470_0590,prad_N36107.wdm
SU2_0510_0570,prad_N36003.wdm
SU2_0560_0590,prad_N36107.wdm
SU2_0570_0580,prad_N36101.wdm
SU2_0620_0580,prad_N36101.wdm
SU2_0640_0630,prad_N36101.wdm
SU2_0670_0810,prad_H42115.wdm
SU2_0680_0610,prad_N42015.wdm
SU2_0700_0860,prad_N42115.wdm
SU2_0740_0741,prad_N42117.wdm
SU2_0741_0690,prad_N42117.wdm
SU2_0760_0960,prad_N42115.wdm
SU2_0780_0710,prad_N42115.wdm
SU2_0800_0850,prad_N42015.wdm
SU2_0830_0831,prad_N42117.wdm
SU2_0890_0900,prad_N42015.wdm
SU2_0900_0870,prad_N42015.wdm
SU2_0920_0830,prad_N42117.wdm
SU2_0990_0950,prad_N42131.wdm
SU2_1020_0980,prad_N42131.wdm
SU2_1200_1310,prad_N42079.wdm
SU2_1210_1310,prad_N42037.wdm
SU2_1290_1500,prad_N42079.wdm
SU2_1550_1620,prad_N42107.wdm
SU3_0010_0190,prad_N36053.wdm
SU3_0090_0170,prad_N36017.wdm
SU3_0140_0180,prad_N36077.wdm
SU3_0170_0270,prad_N36017.wdm
SU3_0180_0230,prad_N36077.wdm
SU3_0190_0300,prad_N36017.wdm
SU3_0240_0350,prad_N36023.wdm
SU3_0370_0490,prad_N36101.wdm
SU3_0490_0530,prad_N36101.wdm
SU3_0590_0540,prad_N36107.wdm
SU3_0710_0910,prad_N42115.wdm
SU3_0770_0690,prad_N42117.wdm
SU3_0790_0770,prad_N42117.wdm
SU3_0810_0970,prad_N42069.wdm
SU3_0831_0790,prad_N42117.wdm
SU3_0870_0730,prad_N42015.wdm
SU3_0910_1010,prad_N42131.wdm
SU3_0970_1120,prad_N42069.wdm
SU3_1280_1590,prad_N42037.wdm
SU3_1310_1280,prad_N42037.wdm
SU3_1500_1420,prad_N42079.wdm
SU4_0220_0250,prad_N36077.wdm
SU4_0230_0220,prad_N36077.wdm
SU4_0250_0340,prad_N36077.wdm
SU4_0260_0350,prad_N36023.wdm
SU4_0270_0430,prad_N36017.wdm
SU4_0300_0310,prad_N36017.wdm
SU4_0350_0420,prad_N36007.wdm
SU4_0430_0420,prad_N36017.wdm
SU4_0580_0630,prad_N36101.wdm
SU4_0630_0650,prad_N36101.wdm
SU4_0690_0650,prad_N36101.wdm
SU5_0310_0400,prad_N36017.wdm
SU5_0340_0310,prad_N36025.wdm
SU5_0400_0460,prad_N36017.wdm
SU5_0420_0500,prad_N36007.wdm
SU5_0460_0480,prad_N36017.wdm
SU5_0530_0610,prad_N36015.wdm
SU5_0600_0750,prad_N36015.wdm
SU5_0610_0600,prad_N36015.wdm
SU5_0650_0530,prad_N36101.wdm
SU6_0480_0520,prad_N42115.wdm
SU6_0500_0550,prad_N36007.wdm
SU6_0520_0500,prad_N36007.wdm
SU7_0540_0720,prad_N36107.wdm
SU7_0550_0540,prad_N36107.wdm
SU7_0720_0750,prad_N42015.wdm
SU7_0730_0860,prad_N42015.wdm
SU7_0750_0850,prad_N42015.wdm
SU7_0850_0730,prad_N42015.wdm
SU7_0860_0960,prad_N42015.wdm
SU7_0950_1010,prad_N42131.wdm
SU7_0960_0950,prad_N42131.wdm
SU7_0980_1120,prad_N42131.wdm
SU7_1010_0980,prad_N42131.wdm
SU7_1120_1140,prad_N42079.wdm
SU7_1140_1420,prad_N42079.wdm
SU7_1420_1590,prad_N42037.wdm
SU8_1530_1760,prad_N42097.wdm
SU8_1590_1620,prad_N42037.wdm
SU8_1610_1530,prad_N42093.wdm
SU8_1620_1610,prad_N42037.wdm
SW0_1520_1600,prad_N42027.wdm
SW1_1160_1260,prad_N42081.wdm
SW1_1170_1270,prad_N42023.wdm
SW1_1180_1190,prad_N42113.wdm
SW1_1450_1510,prad_N42093.wdm
SW1_1510_1680,prad_N42093.wdm
SW1_1560_1460,prad_N42119.wdm
SW1_1570_1640,prad_N42119.wdm
SW1_1830_1690,prad_N42027.wdm
SW1_1890_1830,prad_N42027.wdm
SW1_1910_1890,prad_N42027.wdm
SW2_0880_0930,prad_N42105.wdm
SW2_1000_1110,prad_N42117.wdm
SW2_1030_1060,prad_N42113.wdm
SW2_1050_0930,prad_N42105.wdm
SW2_1070_1060,prad_N42113.wdm
SW2_1100_1130,prad_N42105.wdm
SW2_1190_1410,prad_N42081.wdm
SW2_1240_1270,prad_N42023.wdm
SW2_1360_1430,prad_N42047.wdm
SW2_1770_1690,prad_N42027.wdm
SW2_1950_1940,prad_N42063.wdm
SW2_2020_1940,prad_N42021.wdm
SW3_0930_1110,prad_N42117.wdm
SW3_1040_1220,prad_N42081.wdm
SW3_1060_1260,prad_N42113.wdm
SW3_1080_1350,prad_N42081.wdm
SW3_1090_1091,prad_N42105.wdm
SW3_1091_1380,prad_N42023.wdm
SW3_1130_1390,prad_N42035.wdm
SW3_1220_1320,prad_N42081.wdm
SW3_1250_1340,prad_N42081.wdm
SW3_1270_1370,prad_N42023.wdm
SW3_1370_1430,prad_N42023.wdm
SW3_1380_1490,prad_N42023.wdm
SW3_1390_1330,prad_N42035.wdm
SW3_1580_1440,prad_N42035.wdm
SW3_1600_1580,prad_N42035.wdm
SW3_1660_1580,prad_N42027.wdm
SW3_1690_1660,prad_N42027.wdm
SW3_1750_1540,prad_N42027.wdm
SW3_1800_1650,prad_N42033.wdm
SW3_1870_1800,prad_N42033.wdm
SW3_1920_1750,prad_N42027.wdm
SW4_1110_1150,prad_H42117.wdm
SW4_1150_1350,prad_N42081.wdm
SW4_1260_1300,prad_N42081.wdm
SW4_1430_1490,prad_N42023.wdm
SW4_1490_1400,prad_N42023.wdm
SW4_1720_1650,prad_N42033.wdm
SW4_1860_1720,prad_N42033.wdm
SW4_1940_1860,prad_N42033.wdm
SW5_1350_1470,prad_N42081.wdm
SW5_1540_1400,prad_N42033.wdm
SW5_1650_1540,prad_N42033.wdm
SW6_1230_1440,prad_N42035.wdm
SW6_1330_1230,prad_N42035.wdm
SW6_1400_1330,prad_N42035.wdm
SW6_1440_1470,prad_N42035.wdm
SW7_1300_1410,prad_N42081.wdm
SW7_1320_1300,prad_N42081.wdm
SW7_1340_1320,prad_N42081.wdm
SW7_1410_1460,prad_N42081.wdm
SW7_1460_1640,prad_N42097.wdm
SW7_1470_1340,prad_N42081.wdm
SW7_1640_1680,prad_N42119.wdm
SW7_1680_1760,prad_N42097.wdm
WL0_4390_0000,prad_N24003.wdm
WL0_4391_0000,prad_N24003.wdm
WL0_4392_0000,prad_N24003.wdm
WL0_4393_0000,prad_N24003.wdm
WL0_4394_0000,prad_N24003.wdm
WL0_4420_0000,prad_N24003.wdm
WL0_4421_0000,prad_N24003.wdm
WL0_4422_0000,prad_N24003.wdm
WL0_4423_0000,prad_N24003.wdm
WL0_4424_0000,prad_N24003.wdm
WL0_4425_0000,prad_N24003.wdm
WL0_4600_0000,prad_N24003.wdm
WL0_4601_0000,prad_N24003.wdm
WL0_4602_0000,prad_N24003.wdm
WL0_4603_0000,prad_N24003.wdm
WL0_4770_0000,prad_N24003.wdm
WL0_4771_0000,prad_N24003.wdm
WL0_4772_0000,prad_N24009.wdm
WL0_4920_0000,prad_N24009.wdm
WL0_4921_0000,prad_N24009.wdm
WL0_4922_0000,prad_N24009.wdm
WL0_4923_0000,prad_N24009.wdm
WL0_4924_0000,prad_N24037.wdm
WL0_4925_0000,prad_N24009.wdm
WL0_5880_0000,prad_N24037.wdm
WL0_5881_0000,prad_N24037.wdm
WM0_3650_0001,prad_N24005.wdm
WM0_3740_0001,prad_N24510.wdm
WM0_3741_0000,prad_N24005.wdm
WM0_3742_0000,prad_N24005.wdm
WM0_3743_0000,prad_N24005.wdm
WM0_3744_0000,prad_N24005.wdm
WM0_3745_0000,prad_N24005.wdm
WM0_3881_3880,prad_N24013.wdm
WM0_3960_0000,prad_N24510.wdm
WM0_3961_0000,prad_N24003.wdm
WM0_3962_0000,prad_N24003.wdm
WM0_3963_0000,prad_N24003.wdm
WM0_3964_0000,prad_N24005.wdm
WM0_3965_0000,prad_N24005.wdm
WM0_3966_0000,prad_N24003.wdm
WM1_3660_3910,prad_N24005.wdm
WM1_3882_3880,prad_N24013.wdm
WM1_3910_0001,prad_N24510.wdm
WM3_3880_4060,prad_N24005.wdm
WM3_4060_0001,prad_N24027.wdm
WU0_3021_3020,prad_N24005.wdm
WU0_3160_0000,prad_N24025.wdm
WU0_3161_0000,prad_N24025.wdm
WU0_3162_0000,prad_N24025.wdm
WU0_3163_0000,prad_N24025.wdm
WU0_3164_0000,prad_N24025.wdm
WU0_3250_0001,prad_N24025.wdm
WU0_3251_0000,prad_N24025.wdm
WU0_3252_0000,prad_N24025.wdm
WU0_3253_0000,prad_N24025.wdm
WU0_3254_0000,prad_N24025.wdm
WU0_3255_0000,prad_N24025.wdm
WU0_3540_0000,prad_N24025.wdm
WU0_3541_0000,prad_N24005.wdm
WU0_3542_0000,prad_N24005.wdm
WU0_3670_0001,prad_N24005.wdm
WU0_3671_0000,prad_N24005.wdm
WU0_3820_0000,prad_N24005.wdm
WU0_3821_0000,prad_N24005.wdm
WU1_3240_3331,prad_N24025.wdm
WU1_3330_0001,prad_N24025.wdm
WU1_3331_3330,prad_N24025.wdm
WU1_3350_3490,prad_N24005.wdm
WU1_3482_0001,prad_N24025.wdm
WU1_3490_3480,prad_N24005.wdm
WU2_3020_3320,prad_N24005.wdm
WU2_3320_3480,prad_N24005.wdm
WU3_3480_3481,prad_N24005.wdm
WU3_3481_0001,prad_N24005.wdm
XL0_4953_0000,prad_N24037.wdm
XL0_4954_0000,prad_N24009.wdm
XL0_4955_0000,prad_N24037.wdm
XL0_4956_0000,prad_N24037.wdm
XL0_5320_0001,prad_N24009.wdm
XL0_5340_0000,prad_N24017.wdm
XL0_5341_0000,prad_N24009.wdm
XL0_5342_0000,prad_N24009.wdm
XL0_5343_0000,prad_N24009.wdm
XL0_5344_0000,prad_N24037.wdm
XL0_5345_0000,prad_N24009.wdm
XL0_5346_0000,prad_N24009.wdm
XL0_5347_0000,prad_N24037.wdm
XL0_5348_0000,prad_N24009.wdm
XL0_5349_0000,prad_N24037.wdm
XL0_5350_0000,prad_N24009.wdm
XL1_4690_0001,prad_N24033.wdm
XL1_4691_0000,prad_N24033.wdm
XL3_4710_0000,prad_N24003.wdm
XL3_4711_0000,prad_N24003.wdm
XL3_4712_0000,prad_N24003.wdm
XL3_4713_0000,prad_N24033.wdm
XL3_4950_0000,prad_N24009.wdm
XL3_4951_0000,prad_N24033.wdm
XL3_4952_0000,prad_N24009.wdm
XU0_4090_4270,prad_N24027.wdm
XU0_4091_4270,prad_N24027.wdm
XU0_4092_4090,prad_N24027.wdm
XU0_4130_4070,prad_N24027.wdm
XU2_4070_4330,prad_N24027.wdm
XU2_4270_4650,prad_N24003.wdm
XU2_4330_4480,prad_N24031.wdm
XU2_4480_4650,prad_N24033.wdm
XU3_4650_0001,prad_N24033.wdm
YL0_6581_0000,prad_N51073.wdm
YL0_6870_0000,prad_N51115.wdm
YL0_6871_0000,prad_N51115.wdm
YL0_6872_0000,prad_N51115.wdm
YL0_6929_0000,prad_N51199.wdm
YL0_6930_0000,prad_N51073.wdm
YL0_6931_0000,prad_N51199.wdm
YL0_6932_0000,prad_N51073.wdm
YL0_7010_0000,prad_N51073.wdm
YL0_7230_0000,prad_N51073.wdm
YL0_7370_0000,prad_N51650.wdm
YL0_7371_0000,prad_N51650.wdm
YL0_7372_0000,prad_N51650.wdm
YL2_6580_0001,prad_N51097.wdm
YM0_6621_0000,prad_N51097.wdm
YM0_6622_0000,prad_N51097.wdm
YM0_6623_0000,prad_N51097.wdm
YM1_6370_6620,prad_N51033.wdm
YM2_6120_6430,prad_N51177.wdm
YM3_6430_6620,prad_N51033.wdm
YM4_6620_0001,prad_N51097.wdm
YP0_6781_0000,prad_N51101.wdm
YP0_6782_0000,prad_N51127.wdm
YP0_6783_0000,prad_N51127.wdm
YP0_6840_0001,prad_N51085.wdm
YP0_6860_6840,prad_N51085.wdm
YP1_6570_6680,prad_N51109.wdm
YP1_6680_6670,prad_N51085.wdm
YP2_6390_6330,prad_N51109.wdm
YP3_6330_6700,prad_N51177.wdm
YP3_6470_6690,prad_N51109.wdm
YP3_6670_6720,prad_N51033.wdm
YP3_6690_6720,prad_N51085.wdm
YP3_6700_6670,prad_N51085.wdm
YP4_6720_6750,prad_N51085.wdm
YP4_6750_0001,prad_N51085.wdm
YP5_6780_0000,prad_N51101.wdm
end,
