TABLE->,PHOS-CMAX,PHOS-SVALPM#1,PHOS-SVALPM#1,PHOS-SVALPM#1,PHOS-SVALPM#2,PHOS-SVALPM#2,PHOS-SVALPM#2,PHOS-SVALPM#3,PHOS-SVALPM#3,PHOS-SVALPM#3,PHOS-SVALPM#4,PHOS-SVALPM#4,PHOS-SVALPM#4
VARS->,CMAX,XFIX,K1,N1,XFIX,K1,N1,XFIX,K1,N1,XFIX,K1,N1
A10001,50,1,5,1.5,20,5,1.5,100,5,1.5,100,5,1.5
A10003,50,1,5,1.5,20,5,1.5,100,5,1.5,100,5,1.5
A10005,50,1,5,1.5,20,5,1.5,100,5,1.5,100,5,1.5
A11001,50,1,5,1.5,20,5,1.5,100,5,1.5,100,5,1.5
A24001,50,1,5,1.5,20,5,1.5,100,5,1.5,100,5,1.5
A24003,50,1,5,1.5,20,5,1.5,100,5,1.5,100,5,1.5
A24005,50,1,5,1.5,20,5,1.5,100,5,1.5,100,5,1.5
A24009,50,1,5,1.5,20,5,1.5,100,5,1.5,100,5,1.5
A24011,50,1,5,1.5,20,5,1.5,100,5,1.5,100,5,1.5
A24013,50,1,5,1.5,20,5,1.5,100,5,1.5,100,5,1.5
A24015,50,1,5,1.5,20,5,1.5,100,5,1.5,100,5,1.5
A24017,50,1,5,1.5,20,5,1.5,100,5,1.5,100,5,1.5
A24019,50,1,5,1.5,20,5,1.5,100,5,1.5,100,5,1.5
A24021,50,1,5,1.5,20,5,1.5,100,5,1.5,100,5,1.5
A24023,50,1,5,1.5,20,5,1.5,100,5,1.5,100,5,1.5
A24025,50,1,5,1.5,20,5,1.5,100,5,1.5,100,5,1.5
A24027,50,1,5,1.5,20,5,1.5,100,5,1.5,100,5,1.5
A24029,50,1,5,1.5,20,5,1.5,100,5,1.5,100,5,1.5
A24031,50,1,5,1.5,20,5,1.5,100,5,1.5,100,5,1.5
A24033,50,1,5,1.5,20,5,1.5,100,5,1.5,100,5,1.5
A24035,50,1,5,1.5,20,5,1.5,100,5,1.5,100,5,1.5
A24037,50,1,5,1.5,20,5,1.5,100,5,1.5,100,5,1.5
A24039,50,1,5,1.5,20,5,1.5,100,5,1.5,100,5,1.5
A24041,50,1,5,1.5,20,5,1.5,100,5,1.5,100,5,1.5
A24043,50,1,5,1.5,20,5,1.5,100,5,1.5,100,5,1.5
A24045,50,1,5,1.5,20,5,1.5,100,5,1.5,100,5,1.5
A24047,50,1,5,1.5,20,5,1.5,100,5,1.5,100,5,1.5
A24510,50,1,5,1.5,20,5,1.5,100,5,1.5,100,5,1.5
A36003,50,1,5,1.5,20,5,1.5,100,5,1.5,100,5,1.5
A36007,50,1,5,1.5,20,5,1.5,100,5,1.5,100,5,1.5
A36015,50,1,5,1.5,20,5,1.5,100,5,1.5,100,5,1.5
A36017,50,1,5,1.5,20,5,1.5,100,5,1.5,100,5,1.5
A36023,50,1,5,1.5,20,5,1.5,100,5,1.5,100,5,1.5
A36025,50,1,5,1.5,20,5,1.5,100,5,1.5,100,5,1.5
A36043,50,1,5,1.5,20,5,1.5,100,5,1.5,100,5,1.5
A36051,50,1,5,1.5,20,5,1.5,100,5,1.5,100,5,1.5
A36053,50,1,5,1.5,20,5,1.5,100,5,1.5,100,5,1.5
A36065,50,1,5,1.5,20,5,1.5,100,5,1.5,100,5,1.5
A36067,50,1,5,1.5,20,5,1.5,100,5,1.5,100,5,1.5
A36069,50,1,5,1.5,20,5,1.5,100,5,1.5,100,5,1.5
A36077,50,1,5,1.5,20,5,1.5,100,5,1.5,100,5,1.5
A36095,50,1,5,1.5,20,5,1.5,100,5,1.5,100,5,1.5
A36097,50,1,5,1.5,20,5,1.5,100,5,1.5,100,5,1.5
A36101,50,1,5,1.5,20,5,1.5,100,5,1.5,100,5,1.5
A36107,50,1,5,1.5,20,5,1.5,100,5,1.5,100,5,1.5
A36109,50,1,5,1.5,20,5,1.5,100,5,1.5,100,5,1.5
A36123,50,1,5,1.5,20,5,1.5,100,5,1.5,100,5,1.5
A37001,50,1,5,1.5,20,5,1.5,100,5,1.5,100,5,1.5
A37005,50,1,5,1.5,20,5,1.5,100,5,1.5,100,5,1.5
A37009,50,1,5,1.5,20,5,1.5,100,5,1.5,100,5,1.5
A37033,50,1,5,1.5,20,5,1.5,100,5,1.5,100,5,1.5
A37067,50,1,5,1.5,20,5,1.5,100,5,1.5,100,5,1.5
A37077,50,1,5,1.5,20,5,1.5,100,5,1.5,100,5,1.5
A37081,50,1,5,1.5,20,5,1.5,100,5,1.5,100,5,1.5
A37131,50,1,5,1.5,20,5,1.5,100,5,1.5,100,5,1.5
A37135,50,1,5,1.5,20,5,1.5,100,5,1.5,100,5,1.5
A37145,50,1,5,1.5,20,5,1.5,100,5,1.5,100,5,1.5
A37157,50,1,5,1.5,20,5,1.5,100,5,1.5,100,5,1.5
A37169,50,1,5,1.5,20,5,1.5,100,5,1.5,100,5,1.5
A37171,50,1,5,1.5,20,5,1.5,100,5,1.5,100,5,1.5
A37181,50,1,5,1.5,20,5,1.5,100,5,1.5,100,5,1.5
A37185,50,1,5,1.5,20,5,1.5,100,5,1.5,100,5,1.5
A37189,50,1,5,1.5,20,5,1.5,100,5,1.5,100,5,1.5
A42001,50,1,5,1.5,20,5,1.5,100,5,1.5,100,5,1.5
A42009,50,1,5,1.5,20,5,1.5,100,5,1.5,100,5,1.5
A42011,50,1,5,1.5,20,5,1.5,100,5,1.5,100,5,1.5
A42013,50,1,5,1.5,20,5,1.5,100,5,1.5,100,5,1.5
A42015,50,1,5,1.5,20,5,1.5,100,5,1.5,100,5,1.5
A42021,50,1,5,1.5,20,5,1.5,100,5,1.5,100,5,1.5
A42023,50,1,5,1.5,20,5,1.5,100,5,1.5,100,5,1.5
A42025,50,1,5,1.5,20,5,1.5,100,5,1.5,100,5,1.5
A42027,50,1,5,1.5,20,5,1.5,100,5,1.5,100,5,1.5
A42029,50,1,5,1.5,20,5,1.5,100,5,1.5,100,5,1.5
A42033,50,1,5,1.5,20,5,1.5,100,5,1.5,100,5,1.5
A42035,50,1,5,1.5,20,5,1.5,100,5,1.5,100,5,1.5
A42037,50,1,5,1.5,20,5,1.5,100,5,1.5,100,5,1.5
A42041,50,1,5,1.5,20,5,1.5,100,5,1.5,100,5,1.5
A42043,50,1,5,1.5,20,5,1.5,100,5,1.5,100,5,1.5
A42047,50,1,5,1.5,20,5,1.5,100,5,1.5,100,5,1.5
A42055,50,1,5,1.5,20,5,1.5,100,5,1.5,100,5,1.5
A42057,50,1,5,1.5,20,5,1.5,100,5,1.5,100,5,1.5
A42061,50,1,5,1.5,20,5,1.5,100,5,1.5,100,5,1.5
A42063,50,1,5,1.5,20,5,1.5,100,5,1.5,100,5,1.5
A42065,50,1,5,1.5,20,5,1.5,100,5,1.5,100,5,1.5
A42067,50,1,5,1.5,20,5,1.5,100,5,1.5,100,5,1.5
A42069,50,1,5,1.5,20,5,1.5,100,5,1.5,100,5,1.5
A42071,50,1,5,1.5,20,5,1.5,100,5,1.5,100,5,1.5
A42075,50,1,5,1.5,20,5,1.5,100,5,1.5,100,5,1.5
A42079,50,1,5,1.5,20,5,1.5,100,5,1.5,100,5,1.5
A42081,50,1,5,1.5,20,5,1.5,100,5,1.5,100,5,1.5
A42083,50,1,5,1.5,20,5,1.5,100,5,1.5,100,5,1.5
A42087,50,1,5,1.5,20,5,1.5,100,5,1.5,100,5,1.5
A42093,50,1,5,1.5,20,5,1.5,100,5,1.5,100,5,1.5
A42097,50,1,5,1.5,20,5,1.5,100,5,1.5,100,5,1.5
A42099,50,1,5,1.5,20,5,1.5,100,5,1.5,100,5,1.5
A42105,50,1,5,1.5,20,5,1.5,100,5,1.5,100,5,1.5
A42107,50,1,5,1.5,20,5,1.5,100,5,1.5,100,5,1.5
A42109,50,1,5,1.5,20,5,1.5,100,5,1.5,100,5,1.5
A42111,50,1,5,1.5,20,5,1.5,100,5,1.5,100,5,1.5
A42113,50,1,5,1.5,20,5,1.5,100,5,1.5,100,5,1.5
A42115,50,1,5,1.5,20,5,1.5,100,5,1.5,100,5,1.5
A42117,50,1,5,1.5,20,5,1.5,100,5,1.5,100,5,1.5
A42119,50,1,5,1.5,20,5,1.5,100,5,1.5,100,5,1.5
A42127,50,1,5,1.5,20,5,1.5,100,5,1.5,100,5,1.5
A42131,50,1,5,1.5,20,5,1.5,100,5,1.5,100,5,1.5
A42133,50,1,5,1.5,20,5,1.5,100,5,1.5,100,5,1.5
A47091,50,1,5,1.5,20,5,1.5,100,5,1.5,100,5,1.5
A47163,50,1,5,1.5,20,5,1.5,100,5,1.5,100,5,1.5
A51001,50,1,5,1.5,20,5,1.5,100,5,1.5,100,5,1.5
A51003,50,1,5,1.5,20,5,1.5,100,5,1.5,100,5,1.5
A51005,50,1,5,1.5,20,5,1.5,100,5,1.5,100,5,1.5
A51007,50,1,5,1.5,20,5,1.5,100,5,1.5,100,5,1.5
A51009,50,1,5,1.5,20,5,1.5,100,5,1.5,100,5,1.5
A51011,50,1,5,1.5,20,5,1.5,100,5,1.5,100,5,1.5
A51013,50,1,5,1.5,20,5,1.5,100,5,1.5,100,5,1.5
A51015,50,1,5,1.5,20,5,1.5,100,5,1.5,100,5,1.5
A51017,50,1,5,1.5,20,5,1.5,100,5,1.5,100,5,1.5
A51019,50,1,5,1.5,20,5,1.5,100,5,1.5,100,5,1.5
A51021,50,1,5,1.5,20,5,1.5,100,5,1.5,100,5,1.5
A51023,50,1,5,1.5,20,5,1.5,100,5,1.5,100,5,1.5
A51025,50,1,5,1.5,20,5,1.5,100,5,1.5,100,5,1.5
A51027,50,1,5,1.5,20,5,1.5,100,5,1.5,100,5,1.5
A51029,50,1,5,1.5,20,5,1.5,100,5,1.5,100,5,1.5
A51031,50,1,5,1.5,20,5,1.5,100,5,1.5,100,5,1.5
A51033,50,1,5,1.5,20,5,1.5,100,5,1.5,100,5,1.5
A51035,50,1,5,1.5,20,5,1.5,100,5,1.5,100,5,1.5
A51036,50,1,5,1.5,20,5,1.5,100,5,1.5,100,5,1.5
A51037,50,1,5,1.5,20,5,1.5,100,5,1.5,100,5,1.5
A51041,50,1,5,1.5,20,5,1.5,100,5,1.5,100,5,1.5
A51043,50,1,5,1.5,20,5,1.5,100,5,1.5,100,5,1.5
A51045,50,1,5,1.5,20,5,1.5,100,5,1.5,100,5,1.5
A51047,50,1,5,1.5,20,5,1.5,100,5,1.5,100,5,1.5
A51049,50,1,5,1.5,20,5,1.5,100,5,1.5,100,5,1.5
A51051,50,1,5,1.5,20,5,1.5,100,5,1.5,100,5,1.5
A51053,50,1,5,1.5,20,5,1.5,100,5,1.5,100,5,1.5
A51057,50,1,5,1.5,20,5,1.5,100,5,1.5,100,5,1.5
A51059,50,1,5,1.5,20,5,1.5,100,5,1.5,100,5,1.5
A51061,50,1,5,1.5,20,5,1.5,100,5,1.5,100,5,1.5
A51063,50,1,5,1.5,20,5,1.5,100,5,1.5,100,5,1.5
A51065,50,1,5,1.5,20,5,1.5,100,5,1.5,100,5,1.5
A51067,50,1,5,1.5,20,5,1.5,100,5,1.5,100,5,1.5
A51069,50,1,5,1.5,20,5,1.5,100,5,1.5,100,5,1.5
A51071,50,1,5,1.5,20,5,1.5,100,5,1.5,100,5,1.5
A51073,50,1,5,1.5,20,5,1.5,100,5,1.5,100,5,1.5
A51075,50,1,5,1.5,20,5,1.5,100,5,1.5,100,5,1.5
A51077,50,1,5,1.5,20,5,1.5,100,5,1.5,100,5,1.5
A51079,50,1,5,1.5,20,5,1.5,100,5,1.5,100,5,1.5
A51081,50,1,5,1.5,20,5,1.5,100,5,1.5,100,5,1.5
A51083,50,1,5,1.5,20,5,1.5,100,5,1.5,100,5,1.5
A51085,50,1,5,1.5,20,5,1.5,100,5,1.5,100,5,1.5
A51087,50,1,5,1.5,20,5,1.5,100,5,1.5,100,5,1.5
A51089,50,1,5,1.5,20,5,1.5,100,5,1.5,100,5,1.5
A51091,50,1,5,1.5,20,5,1.5,100,5,1.5,100,5,1.5
A51093,50,1,5,1.5,20,5,1.5,100,5,1.5,100,5,1.5
A51095,50,1,5,1.5,20,5,1.5,100,5,1.5,100,5,1.5
A51097,50,1,5,1.5,20,5,1.5,100,5,1.5,100,5,1.5
A51099,50,1,5,1.5,20,5,1.5,100,5,1.5,100,5,1.5
A51101,50,1,5,1.5,20,5,1.5,100,5,1.5,100,5,1.5
A51103,50,1,5,1.5,20,5,1.5,100,5,1.5,100,5,1.5
A51105,50,1,5,1.5,20,5,1.5,100,5,1.5,100,5,1.5
A51107,50,1,5,1.5,20,5,1.5,100,5,1.5,100,5,1.5
A51109,50,1,5,1.5,20,5,1.5,100,5,1.5,100,5,1.5
A51111,50,1,5,1.5,20,5,1.5,100,5,1.5,100,5,1.5
A51113,50,1,5,1.5,20,5,1.5,100,5,1.5,100,5,1.5
A51115,50,1,5,1.5,20,5,1.5,100,5,1.5,100,5,1.5
A51117,50,1,5,1.5,20,5,1.5,100,5,1.5,100,5,1.5
A51119,50,1,5,1.5,20,5,1.5,100,5,1.5,100,5,1.5
A51121,50,1,5,1.5,20,5,1.5,100,5,1.5,100,5,1.5
A51125,50,1,5,1.5,20,5,1.5,100,5,1.5,100,5,1.5
A51127,50,1,5,1.5,20,5,1.5,100,5,1.5,100,5,1.5
A51131,50,1,5,1.5,20,5,1.5,100,5,1.5,100,5,1.5
A51133,50,1,5,1.5,20,5,1.5,100,5,1.5,100,5,1.5
A51135,50,1,5,1.5,20,5,1.5,100,5,1.5,100,5,1.5
A51137,50,1,5,1.5,20,5,1.5,100,5,1.5,100,5,1.5
A51139,50,1,5,1.5,20,5,1.5,100,5,1.5,100,5,1.5
A51141,50,1,5,1.5,20,5,1.5,100,5,1.5,100,5,1.5
A51143,50,1,5,1.5,20,5,1.5,100,5,1.5,100,5,1.5
A51145,50,1,5,1.5,20,5,1.5,100,5,1.5,100,5,1.5
A51147,50,1,5,1.5,20,5,1.5,100,5,1.5,100,5,1.5
A51149,50,1,5,1.5,20,5,1.5,100,5,1.5,100,5,1.5
A51153,50,1,5,1.5,20,5,1.5,100,5,1.5,100,5,1.5
A51155,50,1,5,1.5,20,5,1.5,100,5,1.5,100,5,1.5
A51157,50,1,5,1.5,20,5,1.5,100,5,1.5,100,5,1.5
A51159,50,1,5,1.5,20,5,1.5,100,5,1.5,100,5,1.5
A51161,50,1,5,1.5,20,5,1.5,100,5,1.5,100,5,1.5
A51163,50,1,5,1.5,20,5,1.5,100,5,1.5,100,5,1.5
A51165,50,1,5,1.5,20,5,1.5,100,5,1.5,100,5,1.5
A51167,50,1,5,1.5,20,5,1.5,100,5,1.5,100,5,1.5
A51169,50,1,5,1.5,20,5,1.5,100,5,1.5,100,5,1.5
A51171,50,1,5,1.5,20,5,1.5,100,5,1.5,100,5,1.5
A51173,50,1,5,1.5,20,5,1.5,100,5,1.5,100,5,1.5
A51175,50,1,5,1.5,20,5,1.5,100,5,1.5,100,5,1.5
A51177,50,1,5,1.5,20,5,1.5,100,5,1.5,100,5,1.5
A51179,50,1,5,1.5,20,5,1.5,100,5,1.5,100,5,1.5
A51181,50,1,5,1.5,20,5,1.5,100,5,1.5,100,5,1.5
A51183,50,1,5,1.5,20,5,1.5,100,5,1.5,100,5,1.5
A51185,50,1,5,1.5,20,5,1.5,100,5,1.5,100,5,1.5
A51187,50,1,5,1.5,20,5,1.5,100,5,1.5,100,5,1.5
A51191,50,1,5,1.5,20,5,1.5,100,5,1.5,100,5,1.5
A51193,50,1,5,1.5,20,5,1.5,100,5,1.5,100,5,1.5
A51195,50,1,5,1.5,20,5,1.5,100,5,1.5,100,5,1.5
A51197,50,1,5,1.5,20,5,1.5,100,5,1.5,100,5,1.5
A51199,50,1,5,1.5,20,5,1.5,100,5,1.5,100,5,1.5
A51510,50,1,5,1.5,20,5,1.5,100,5,1.5,100,5,1.5
A51515,50,1,5,1.5,20,5,1.5,100,5,1.5,100,5,1.5
A51520,50,1,5,1.5,20,5,1.5,100,5,1.5,100,5,1.5
A51530,50,1,5,1.5,20,5,1.5,100,5,1.5,100,5,1.5
A51540,50,1,5,1.5,20,5,1.5,100,5,1.5,100,5,1.5
A51550,50,1,5,1.5,20,5,1.5,100,5,1.5,100,5,1.5
A51570,50,1,5,1.5,20,5,1.5,100,5,1.5,100,5,1.5
A51580,50,1,5,1.5,20,5,1.5,100,5,1.5,100,5,1.5
A51590,50,1,5,1.5,20,5,1.5,100,5,1.5,100,5,1.5
A51595,50,1,5,1.5,20,5,1.5,100,5,1.5,100,5,1.5
A51600,50,1,5,1.5,20,5,1.5,100,5,1.5,100,5,1.5
A51610,50,1,5,1.5,20,5,1.5,100,5,1.5,100,5,1.5
A51620,50,1,5,1.5,20,5,1.5,100,5,1.5,100,5,1.5
A51630,50,1,5,1.5,20,5,1.5,100,5,1.5,100,5,1.5
A51640,50,1,5,1.5,20,5,1.5,100,5,1.5,100,5,1.5
A51650,50,1,5,1.5,20,5,1.5,100,5,1.5,100,5,1.5
A51660,50,1,5,1.5,20,5,1.5,100,5,1.5,100,5,1.5
A51670,50,1,5,1.5,20,5,1.5,100,5,1.5,100,5,1.5
A51678,50,1,5,1.5,20,5,1.5,100,5,1.5,100,5,1.5
A51680,50,1,5,1.5,20,5,1.5,100,5,1.5,100,5,1.5
A51683,50,1,5,1.5,20,5,1.5,100,5,1.5,100,5,1.5
A51685,50,1,5,1.5,20,5,1.5,100,5,1.5,100,5,1.5
A51690,50,1,5,1.5,20,5,1.5,100,5,1.5,100,5,1.5
A51700,50,1,5,1.5,20,5,1.5,100,5,1.5,100,5,1.5
A51710,50,1,5,1.5,20,5,1.5,100,5,1.5,100,5,1.5
A51720,50,1,5,1.5,20,5,1.5,100,5,1.5,100,5,1.5
A51730,50,1,5,1.5,20,5,1.5,100,5,1.5,100,5,1.5
A51735,50,1,5,1.5,20,5,1.5,100,5,1.5,100,5,1.5
A51740,50,1,5,1.5,20,5,1.5,100,5,1.5,100,5,1.5
A51750,50,1,5,1.5,20,5,1.5,100,5,1.5,100,5,1.5
A51760,50,1,5,1.5,20,5,1.5,100,5,1.5,100,5,1.5
A51770,50,1,5,1.5,20,5,1.5,100,5,1.5,100,5,1.5
A51775,50,1,5,1.5,20,5,1.5,100,5,1.5,100,5,1.5
A51790,50,1,5,1.5,20,5,1.5,100,5,1.5,100,5,1.5
A51800,50,1,5,1.5,20,5,1.5,100,5,1.5,100,5,1.5
A51810,50,1,5,1.5,20,5,1.5,100,5,1.5,100,5,1.5
A51820,50,1,5,1.5,20,5,1.5,100,5,1.5,100,5,1.5
A51830,50,1,5,1.5,20,5,1.5,100,5,1.5,100,5,1.5
A51840,50,1,5,1.5,20,5,1.5,100,5,1.5,100,5,1.5
A54003,50,1,5,1.5,20,5,1.5,100,5,1.5,100,5,1.5
A54023,50,1,5,1.5,20,5,1.5,100,5,1.5,100,5,1.5
A54027,50,1,5,1.5,20,5,1.5,100,5,1.5,100,5,1.5
A54031,50,1,5,1.5,20,5,1.5,100,5,1.5,100,5,1.5
A54037,50,1,5,1.5,20,5,1.5,100,5,1.5,100,5,1.5
A54057,50,1,5,1.5,20,5,1.5,100,5,1.5,100,5,1.5
A54063,50,1,5,1.5,20,5,1.5,100,5,1.5,100,5,1.5
A54065,50,1,5,1.5,20,5,1.5,100,5,1.5,100,5,1.5
A54071,50,1,5,1.5,20,5,1.5,100,5,1.5,100,5,1.5
A54077,50,1,5,1.5,20,5,1.5,100,5,1.5,100,5,1.5
A54093,50,1,5,1.5,20,5,1.5,100,5,1.5,100,5,1.5
B24001,50,1,5,1.5,20,5,1.5,100,5,1.5,100,5,1.5
B24021,50,1,5,1.5,20,5,1.5,100,5,1.5,100,5,1.5
B37005,50,1,5,1.5,20,5,1.5,100,5,1.5,100,5,1.5
B37009,50,1,5,1.5,20,5,1.5,100,5,1.5,100,5,1.5
B42001,50,1,5,1.5,20,5,1.5,100,5,1.5,100,5,1.5
B42009,50,1,5,1.5,20,5,1.5,100,5,1.5,100,5,1.5
B42015,50,1,5,1.5,20,5,1.5,100,5,1.5,100,5,1.5
B42027,50,1,5,1.5,20,5,1.5,100,5,1.5,100,5,1.5
B42035,50,1,5,1.5,20,5,1.5,100,5,1.5,100,5,1.5
B42041,50,1,5,1.5,20,5,1.5,100,5,1.5,100,5,1.5
B42043,50,1,5,1.5,20,5,1.5,100,5,1.5,100,5,1.5
B42055,50,1,5,1.5,20,5,1.5,100,5,1.5,100,5,1.5
B42079,50,1,5,1.5,20,5,1.5,100,5,1.5,100,5,1.5
B42081,50,1,5,1.5,20,5,1.5,100,5,1.5,100,5,1.5
B42119,50,1,5,1.5,20,5,1.5,100,5,1.5,100,5,1.5
B42131,50,1,5,1.5,20,5,1.5,100,5,1.5,100,5,1.5
B51003,50,1,5,1.5,20,5,1.5,100,5,1.5,100,5,1.5
B51009,50,1,5,1.5,20,5,1.5,100,5,1.5,100,5,1.5
B51015,50,1,5,1.5,20,5,1.5,100,5,1.5,100,5,1.5
B51017,50,1,5,1.5,20,5,1.5,100,5,1.5,100,5,1.5
B51019,50,1,5,1.5,20,5,1.5,100,5,1.5,100,5,1.5
B51023,50,1,5,1.5,20,5,1.5,100,5,1.5,100,5,1.5
B51035,50,1,5,1.5,20,5,1.5,100,5,1.5,100,5,1.5
B51061,50,1,5,1.5,20,5,1.5,100,5,1.5,100,5,1.5
B51067,50,1,5,1.5,20,5,1.5,100,5,1.5,100,5,1.5
B51071,50,1,5,1.5,20,5,1.5,100,5,1.5,100,5,1.5
B51077,50,1,5,1.5,20,5,1.5,100,5,1.5,100,5,1.5
B51079,50,1,5,1.5,20,5,1.5,100,5,1.5,100,5,1.5
B51091,50,1,5,1.5,20,5,1.5,100,5,1.5,100,5,1.5
B51105,50,1,5,1.5,20,5,1.5,100,5,1.5,100,5,1.5
B51113,50,1,5,1.5,20,5,1.5,100,5,1.5,100,5,1.5
B51125,50,1,5,1.5,20,5,1.5,100,5,1.5,100,5,1.5
B51139,50,1,5,1.5,20,5,1.5,100,5,1.5,100,5,1.5
B51141,50,1,5,1.5,20,5,1.5,100,5,1.5,100,5,1.5
B51157,50,1,5,1.5,20,5,1.5,100,5,1.5,100,5,1.5
B51161,50,1,5,1.5,20,5,1.5,100,5,1.5,100,5,1.5
B51163,50,1,5,1.5,20,5,1.5,100,5,1.5,100,5,1.5
B51165,50,1,5,1.5,20,5,1.5,100,5,1.5,100,5,1.5
B51167,50,1,5,1.5,20,5,1.5,100,5,1.5,100,5,1.5
B51169,50,1,5,1.5,20,5,1.5,100,5,1.5,100,5,1.5
B51171,50,1,5,1.5,20,5,1.5,100,5,1.5,100,5,1.5
B51173,50,1,5,1.5,20,5,1.5,100,5,1.5,100,5,1.5
B51185,50,1,5,1.5,20,5,1.5,100,5,1.5,100,5,1.5
B51187,50,1,5,1.5,20,5,1.5,100,5,1.5,100,5,1.5
B51191,50,1,5,1.5,20,5,1.5,100,5,1.5,100,5,1.5
B51195,50,1,5,1.5,20,5,1.5,100,5,1.5,100,5,1.5
B51197,50,1,5,1.5,20,5,1.5,100,5,1.5,100,5,1.5
B54023,50,1,5,1.5,20,5,1.5,100,5,1.5,100,5,1.5
B54031,50,1,5,1.5,20,5,1.5,100,5,1.5,100,5,1.5
B54057,50,1,5,1.5,20,5,1.5,100,5,1.5,100,5,1.5
B54071,50,1,5,1.5,20,5,1.5,100,5,1.5,100,5,1.5
C42009,50,1,5,1.5,20,5,1.5,100,5,1.5,100,5,1.5
C51015,50,1,5,1.5,20,5,1.5,100,5,1.5,100,5,1.5
C51071,50,1,5,1.5,20,5,1.5,100,5,1.5,100,5,1.5
C51165,50,1,5,1.5,20,5,1.5,100,5,1.5,100,5,1.5
F10005,50,1,5,1.5,20,5,1.5,100,5,1.5,100,5,1.5
F11001,50,1,5,1.5,20,5,1.5,100,5,1.5,100,5,1.5
F24001,50,1,5,1.5,20,5,1.5,100,5,1.5,100,5,1.5
F24003,50,1,5,1.5,20,5,1.5,100,5,1.5,100,5,1.5
F24005,50,1,5,1.5,20,5,1.5,100,5,1.5,100,5,1.5
F24009,50,1,5,1.5,20,5,1.5,100,5,1.5,100,5,1.5
F24013,50,1,5,1.5,20,5,1.5,100,5,1.5,100,5,1.5
F24015,50,1,5,1.5,20,5,1.5,100,5,1.5,100,5,1.5
F24017,50,1,5,1.5,20,5,1.5,100,5,1.5,100,5,1.5
F24019,50,1,5,1.5,20,5,1.5,100,5,1.5,100,5,1.5
F24021,50,1,5,1.5,20,5,1.5,100,5,1.5,100,5,1.5
F24023,50,1,5,1.5,20,5,1.5,100,5,1.5,100,5,1.5
F24025,50,1,5,1.5,20,5,1.5,100,5,1.5,100,5,1.5
F24027,50,1,5,1.5,20,5,1.5,100,5,1.5,100,5,1.5
F24029,50,1,5,1.5,20,5,1.5,100,5,1.5,100,5,1.5
F24031,50,1,5,1.5,20,5,1.5,100,5,1.5,100,5,1.5
F24033,50,1,5,1.5,20,5,1.5,100,5,1.5,100,5,1.5
F24035,50,1,5,1.5,20,5,1.5,100,5,1.5,100,5,1.5
F24037,50,1,5,1.5,20,5,1.5,100,5,1.5,100,5,1.5
F24039,50,1,5,1.5,20,5,1.5,100,5,1.5,100,5,1.5
F24041,50,1,5,1.5,20,5,1.5,100,5,1.5,100,5,1.5
F24043,50,1,5,1.5,20,5,1.5,100,5,1.5,100,5,1.5
F24045,50,1,5,1.5,20,5,1.5,100,5,1.5,100,5,1.5
F24510,50,1,5,1.5,20,5,1.5,100,5,1.5,100,5,1.5
F36003,50,1,5,1.5,20,5,1.5,100,5,1.5,100,5,1.5
F36007,50,1,5,1.5,20,5,1.5,100,5,1.5,100,5,1.5
F36015,50,1,5,1.5,20,5,1.5,100,5,1.5,100,5,1.5
F36025,50,1,5,1.5,20,5,1.5,100,5,1.5,100,5,1.5
F36101,50,1,5,1.5,20,5,1.5,100,5,1.5,100,5,1.5
F42001,50,1,5,1.5,20,5,1.5,100,5,1.5,100,5,1.5
F42009,50,1,5,1.5,20,5,1.5,100,5,1.5,100,5,1.5
F42011,50,1,5,1.5,20,5,1.5,100,5,1.5,100,5,1.5
F42013,50,1,5,1.5,20,5,1.5,100,5,1.5,100,5,1.5
F42021,50,1,5,1.5,20,5,1.5,100,5,1.5,100,5,1.5
F42027,50,1,5,1.5,20,5,1.5,100,5,1.5,100,5,1.5
F42033,50,1,5,1.5,20,5,1.5,100,5,1.5,100,5,1.5
F42035,50,1,5,1.5,20,5,1.5,100,5,1.5,100,5,1.5
F42041,50,1,5,1.5,20,5,1.5,100,5,1.5,100,5,1.5
F42043,50,1,5,1.5,20,5,1.5,100,5,1.5,100,5,1.5
F42055,50,1,5,1.5,20,5,1.5,100,5,1.5,100,5,1.5
F42061,50,1,5,1.5,20,5,1.5,100,5,1.5,100,5,1.5
F42069,50,1,5,1.5,20,5,1.5,100,5,1.5,100,5,1.5
F42071,50,1,5,1.5,20,5,1.5,100,5,1.5,100,5,1.5
F42075,50,1,5,1.5,20,5,1.5,100,5,1.5,100,5,1.5
F42079,50,1,5,1.5,20,5,1.5,100,5,1.5,100,5,1.5
F42081,50,1,5,1.5,20,5,1.5,100,5,1.5,100,5,1.5
F42087,50,1,5,1.5,20,5,1.5,100,5,1.5,100,5,1.5
F42097,50,1,5,1.5,20,5,1.5,100,5,1.5,100,5,1.5
F42107,50,1,5,1.5,20,5,1.5,100,5,1.5,100,5,1.5
F42115,50,1,5,1.5,20,5,1.5,100,5,1.5,100,5,1.5
F42117,50,1,5,1.5,20,5,1.5,100,5,1.5,100,5,1.5
F42119,50,1,5,1.5,20,5,1.5,100,5,1.5,100,5,1.5
F42133,50,1,5,1.5,20,5,1.5,100,5,1.5,100,5,1.5
F51001,50,1,5,1.5,20,5,1.5,100,5,1.5,100,5,1.5
F51003,50,1,5,1.5,20,5,1.5,100,5,1.5,100,5,1.5
F51005,50,1,5,1.5,20,5,1.5,100,5,1.5,100,5,1.5
F51009,50,1,5,1.5,20,5,1.5,100,5,1.5,100,5,1.5
F51011,50,1,5,1.5,20,5,1.5,100,5,1.5,100,5,1.5
F51013,50,1,5,1.5,20,5,1.5,100,5,1.5,100,5,1.5
F51015,50,1,5,1.5,20,5,1.5,100,5,1.5,100,5,1.5
F51017,50,1,5,1.5,20,5,1.5,100,5,1.5,100,5,1.5
F51019,50,1,5,1.5,20,5,1.5,100,5,1.5,100,5,1.5
F51023,50,1,5,1.5,20,5,1.5,100,5,1.5,100,5,1.5
F51033,50,1,5,1.5,20,5,1.5,100,5,1.5,100,5,1.5
F51041,50,1,5,1.5,20,5,1.5,100,5,1.5,100,5,1.5
F51043,50,1,5,1.5,20,5,1.5,100,5,1.5,100,5,1.5
F51045,50,1,5,1.5,20,5,1.5,100,5,1.5,100,5,1.5
F51053,50,1,5,1.5,20,5,1.5,100,5,1.5,100,5,1.5
F51057,50,1,5,1.5,20,5,1.5,100,5,1.5,100,5,1.5
F51059,50,1,5,1.5,20,5,1.5,100,5,1.5,100,5,1.5
F51061,50,1,5,1.5,20,5,1.5,100,5,1.5,100,5,1.5
F51069,50,1,5,1.5,20,5,1.5,100,5,1.5,100,5,1.5
F51071,50,1,5,1.5,20,5,1.5,100,5,1.5,100,5,1.5
F51079,50,1,5,1.5,20,5,1.5,100,5,1.5,100,5,1.5
F51085,50,1,5,1.5,20,5,1.5,100,5,1.5,100,5,1.5
F51087,50,1,5,1.5,20,5,1.5,100,5,1.5,100,5,1.5
F51091,50,1,5,1.5,20,5,1.5,100,5,1.5,100,5,1.5
F51095,50,1,5,1.5,20,5,1.5,100,5,1.5,100,5,1.5
F51099,50,1,5,1.5,20,5,1.5,100,5,1.5,100,5,1.5
F51101,50,1,5,1.5,20,5,1.5,100,5,1.5,100,5,1.5
F51107,50,1,5,1.5,20,5,1.5,100,5,1.5,100,5,1.5
F51113,50,1,5,1.5,20,5,1.5,100,5,1.5,100,5,1.5
F51121,50,1,5,1.5,20,5,1.5,100,5,1.5,100,5,1.5
F51125,50,1,5,1.5,20,5,1.5,100,5,1.5,100,5,1.5
F51131,50,1,5,1.5,20,5,1.5,100,5,1.5,100,5,1.5
F51137,50,1,5,1.5,20,5,1.5,100,5,1.5,100,5,1.5
F51139,50,1,5,1.5,20,5,1.5,100,5,1.5,100,5,1.5
F51145,50,1,5,1.5,20,5,1.5,100,5,1.5,100,5,1.5
F51147,50,1,5,1.5,20,5,1.5,100,5,1.5,100,5,1.5
F51149,50,1,5,1.5,20,5,1.5,100,5,1.5,100,5,1.5
F51153,50,1,5,1.5,20,5,1.5,100,5,1.5,100,5,1.5
F51157,50,1,5,1.5,20,5,1.5,100,5,1.5,100,5,1.5
F51159,50,1,5,1.5,20,5,1.5,100,5,1.5,100,5,1.5
F51161,50,1,5,1.5,20,5,1.5,100,5,1.5,100,5,1.5
F51163,50,1,5,1.5,20,5,1.5,100,5,1.5,100,5,1.5
F51165,50,1,5,1.5,20,5,1.5,100,5,1.5,100,5,1.5
F51171,50,1,5,1.5,20,5,1.5,100,5,1.5,100,5,1.5
F51177,50,1,5,1.5,20,5,1.5,100,5,1.5,100,5,1.5
F51179,50,1,5,1.5,20,5,1.5,100,5,1.5,100,5,1.5
F51181,50,1,5,1.5,20,5,1.5,100,5,1.5,100,5,1.5
F51187,50,1,5,1.5,20,5,1.5,100,5,1.5,100,5,1.5
F51193,50,1,5,1.5,20,5,1.5,100,5,1.5,100,5,1.5
F51199,50,1,5,1.5,20,5,1.5,100,5,1.5,100,5,1.5
F51510,50,1,5,1.5,20,5,1.5,100,5,1.5,100,5,1.5
F51530,50,1,5,1.5,20,5,1.5,100,5,1.5,100,5,1.5
F51540,50,1,5,1.5,20,5,1.5,100,5,1.5,100,5,1.5
F51550,50,1,5,1.5,20,5,1.5,100,5,1.5,100,5,1.5
F51580,50,1,5,1.5,20,5,1.5,100,5,1.5,100,5,1.5
F51630,50,1,5,1.5,20,5,1.5,100,5,1.5,100,5,1.5
F51650,50,1,5,1.5,20,5,1.5,100,5,1.5,100,5,1.5
F51660,50,1,5,1.5,20,5,1.5,100,5,1.5,100,5,1.5
F51670,50,1,5,1.5,20,5,1.5,100,5,1.5,100,5,1.5
F51700,50,1,5,1.5,20,5,1.5,100,5,1.5,100,5,1.5
F51710,50,1,5,1.5,20,5,1.5,100,5,1.5,100,5,1.5
F51730,50,1,5,1.5,20,5,1.5,100,5,1.5,100,5,1.5
F51735,50,1,5,1.5,20,5,1.5,100,5,1.5,100,5,1.5
F51740,50,1,5,1.5,20,5,1.5,100,5,1.5,100,5,1.5
F51760,50,1,5,1.5,20,5,1.5,100,5,1.5,100,5,1.5
F51790,50,1,5,1.5,20,5,1.5,100,5,1.5,100,5,1.5
F51800,50,1,5,1.5,20,5,1.5,100,5,1.5,100,5,1.5
F51810,50,1,5,1.5,20,5,1.5,100,5,1.5,100,5,1.5
F51820,50,1,5,1.5,20,5,1.5,100,5,1.5,100,5,1.5
F51830,50,1,5,1.5,20,5,1.5,100,5,1.5,100,5,1.5
F54003,50,1,5,1.5,20,5,1.5,100,5,1.5,100,5,1.5
F54023,50,1,5,1.5,20,5,1.5,100,5,1.5,100,5,1.5
F54027,50,1,5,1.5,20,5,1.5,100,5,1.5,100,5,1.5
F54031,50,1,5,1.5,20,5,1.5,100,5,1.5,100,5,1.5
F54037,50,1,5,1.5,20,5,1.5,100,5,1.5,100,5,1.5
F54057,50,1,5,1.5,20,5,1.5,100,5,1.5,100,5,1.5
F54063,50,1,5,1.5,20,5,1.5,100,5,1.5,100,5,1.5
F54065,50,1,5,1.5,20,5,1.5,100,5,1.5,100,5,1.5
F54071,50,1,5,1.5,20,5,1.5,100,5,1.5,100,5,1.5
end,,,,,,,,,,,,,
