TABLE->,SED-PARM1,SED-PARM1,SED-PARM1,SED-PARM2,SED-PARM2,SED-PARM2,SED-PARM2,SED-PARM2,SED-PARM2,SED-PARM3,SED-PARM3,SED-PARM3,SED-PARM3,MON-COVER,MON-COVER,MON-COVER,MON-COVER,MON-COVER,MON-COVER,MON-COVER,MON-COVER,MON-COVER,MON-COVER,MON-COVER,MON-COVER,MON-NVSI,MON-NVSI,MON-NVSI,MON-NVSI,MON-NVSI,MON-NVSI,MON-NVSI,MON-NVSI,MON-NVSI,MON-NVSI,MON-NVSI,MON-NVSI,SED-STOR
VARS->,CRV,VSIV,SDOP,SMPF,KRER,JRER,AFFIX,COVER,NVSI,KSER,JSER,KGER,JGER,JAN,FEB,MAR,APR,MAY,JUN,JUL,AUG,SEP,OCT,NOV,DEC,JAN,FEB,MAR,APR,MAY,JUN,JUL,AUG,SEP,OCT,NOV,DEC,DETS
A10001,1,0,1,1,1.646612,2,0.076750,NA,6.904109,8.233058,2,0,4,0.9,0.9,0.9,0.91,0.93,0.93,0.93,0.93,0.93,0.91,0.9,0.9,0.1,0.1,0.1,0.1,0.1,0.1,0.1,0.1,0.1,0.1,0.1,0.1,0
A10003,1,0,1,1,0.982623,2,0.076750,NA,9.534246,4.913116,2,0,4,0.9,0.9,0.9,0.91,0.93,0.93,0.93,0.93,0.93,0.91,0.9,0.9,0.1,0.1,0.1,0.1,0.1,0.1,0.1,0.1,0.1,0.1,0.1,0.1,0
A10005,1,0,1,1,0.481861,2,0.076750,NA,2.630137,2.409304,2,0,4,0.9,0.9,0.9,0.91,0.93,0.93,0.93,0.93,0.93,0.91,0.9,0.9,0.1,0.1,0.1,0.1,0.1,0.1,0.1,0.1,0.1,0.1,0.1,0.1,0
A11001,1,0,1,1,0.351901,2,0.076750,NA,2.630137,1.759506,2,0,4,0.9,0.9,0.9,0.91,0.93,0.93,0.93,0.93,0.93,0.91,0.9,0.9,0.1,0.1,0.1,0.1,0.1,0.1,0.1,0.1,0.1,0.1,0.1,0.1,0
A24001,1,0,1,1,0.285590,2,0.076750,NA,8.547945,1.427950,2,0,4,0.9,0.9,0.9,0.91,0.93,0.93,0.93,0.93,0.93,0.91,0.9,0.9,0.1,0.1,0.1,0.1,0.1,0.1,0.1,0.1,0.1,0.1,0.1,0.1,0
A24003,1,0,1,1,2.085583,2,0.076750,NA,21.20548,10.42791,2,0,4,0.9,0.9,0.9,0.91,0.93,0.93,0.93,0.93,0.93,0.91,0.9,0.9,0.1,0.1,0.1,0.1,0.1,0.1,0.1,0.1,0.1,0.1,0.1,0.1,0
A24005,1,0,1,1,14.55181,2,0.076750,NA,26.13699,72.75906,2,0,4,0.9,0.9,0.9,0.91,0.93,0.93,0.93,0.93,0.93,0.91,0.9,0.9,0.1,0.1,0.1,0.1,0.1,0.1,0.1,0.1,0.1,0.1,0.1,0.1,0
A24009,1,0,1,1,6.622875,2,0.076750,NA,46.60274,33.11438,2,0,4,0.9,0.9,0.9,0.91,0.93,0.93,0.93,0.93,0.93,0.91,0.9,0.9,0.1,0.1,0.1,0.1,0.1,0.1,0.1,0.1,0.1,0.1,0.1,0.1,0
A24011,1,0,1,1,0.424860,2,0.076750,NA,5.424657,2.124302,2,0,4,0.9,0.9,0.9,0.91,0.93,0.93,0.93,0.93,0.93,0.91,0.9,0.9,0.1,0.1,0.1,0.1,0.1,0.1,0.1,0.1,0.1,0.1,0.1,0.1,0
A24013,1,0,1,1,1.382917,2,0.076750,NA,8.630136,6.914583,2,0,4,0.9,0.9,0.9,0.91,0.93,0.93,0.93,0.93,0.93,0.91,0.9,0.9,0.1,0.1,0.1,0.1,0.1,0.1,0.1,0.1,0.1,0.1,0.1,0.1,0
A24015,1,0,1,1,2.267344,2,0.076750,NA,14.38356,11.33672,2,0,4,0.9,0.9,0.9,0.91,0.93,0.93,0.93,0.93,0.93,0.91,0.9,0.9,0.1,0.1,0.1,0.1,0.1,0.1,0.1,0.1,0.1,0.1,0.1,0.1,0
A24017,1,0,1,1,4.655654,2,0.076750,NA,30.32877,23.27827,2,0,4,0.9,0.9,0.9,0.91,0.93,0.93,0.93,0.93,0.93,0.91,0.9,0.9,0.1,0.1,0.1,0.1,0.1,0.1,0.1,0.1,0.1,0.1,0.1,0.1,0
A24019,1,0,1,1,0.301922,2,0.076750,NA,5.260274,1.509609,2,0,4,0.9,0.9,0.9,0.91,0.93,0.93,0.93,0.93,0.93,0.91,0.9,0.9,0.1,0.1,0.1,0.1,0.1,0.1,0.1,0.1,0.1,0.1,0.1,0.1,0
A24021,1,0,1,1,2.845567,2,0.076750,NA,20.21918,14.22784,2,0,4,0.9,0.9,0.9,0.91,0.93,0.93,0.93,0.93,0.93,0.91,0.9,0.9,0.1,0.1,0.1,0.1,0.1,0.1,0.1,0.1,0.1,0.1,0.1,0.1,0
A24023,1,0,1,1,0.638627,2,0.076750,NA,9.123287,3.193134,2,0,4,0.9,0.9,0.9,0.91,0.93,0.93,0.93,0.93,0.93,0.91,0.9,0.9,0.1,0.1,0.1,0.1,0.1,0.1,0.1,0.1,0.1,0.1,0.1,0.1,0
A24025,1,0,1,1,2.881937,2,0.076750,NA,14.46575,14.40968,2,0,4,0.9,0.9,0.9,0.91,0.93,0.93,0.93,0.93,0.93,0.91,0.9,0.9,0.1,0.1,0.1,0.1,0.1,0.1,0.1,0.1,0.1,0.1,0.1,0.1,0
A24027,1,0,1,1,4.016049,2,0.076750,NA,16.60274,20.08024,2,0,4,0.9,0.9,0.9,0.91,0.93,0.93,0.93,0.93,0.93,0.91,0.9,0.9,0.1,0.1,0.1,0.1,0.1,0.1,0.1,0.1,0.1,0.1,0.1,0.1,0
A24029,1,0,1,1,1.504630,2,0.076750,NA,11.75342,7.523152,2,0,4,0.9,0.9,0.9,0.91,0.93,0.93,0.93,0.93,0.93,0.91,0.9,0.9,0.1,0.1,0.1,0.1,0.1,0.1,0.1,0.1,0.1,0.1,0.1,0.1,0
A24031,1,0,1,1,8.847668,2,0.076750,NA,23.01370,44.23834,2,0,4,0.9,0.9,0.9,0.91,0.93,0.93,0.93,0.93,0.93,0.91,0.9,0.9,0.1,0.1,0.1,0.1,0.1,0.1,0.1,0.1,0.1,0.1,0.1,0.1,0
A24033,1,0,1,1,5.789745,2,0.076750,NA,46.84931,28.94873,2,0,4,0.9,0.9,0.9,0.91,0.93,0.93,0.93,0.93,0.93,0.91,0.9,0.9,0.1,0.1,0.1,0.1,0.1,0.1,0.1,0.1,0.1,0.1,0.1,0.1,0
A24035,1,0,1,1,2.440389,2,0.076750,NA,9.123287,12.20194,2,0,4,0.9,0.9,0.9,0.91,0.93,0.93,0.93,0.93,0.93,0.91,0.9,0.9,0.1,0.1,0.1,0.1,0.1,0.1,0.1,0.1,0.1,0.1,0.1,0.1,0
A24037,1,0,1,1,1.571506,2,0.076750,NA,16.43836,7.857531,2,0,4,0.9,0.9,0.9,0.91,0.93,0.93,0.93,0.93,0.93,0.91,0.9,0.9,0.1,0.1,0.1,0.1,0.1,0.1,0.1,0.1,0.1,0.1,0.1,0.1,0
A24039,1,0,1,1,0.169738,2,0.076750,NA,4.438356,0.848692,2,0,4,0.9,0.9,0.9,0.91,0.93,0.93,0.93,0.93,0.93,0.91,0.9,0.9,0.1,0.1,0.1,0.1,0.1,0.1,0.1,0.1,0.1,0.1,0.1,0.1,0
A24041,1,0,1,1,0.369509,2,0.076750,NA,4.602740,1.847545,2,0,4,0.9,0.9,0.9,0.91,0.93,0.93,0.93,0.93,0.93,0.91,0.9,0.9,0.1,0.1,0.1,0.1,0.1,0.1,0.1,0.1,0.1,0.1,0.1,0.1,0
A24043,1,0,1,1,7.901940,2,0.076750,NA,13.15069,39.50970,2,0,4,0.9,0.9,0.9,0.91,0.93,0.93,0.93,0.93,0.93,0.91,0.9,0.9,0.1,0.1,0.1,0.1,0.1,0.1,0.1,0.1,0.1,0.1,0.1,0.1,0
A24045,1,0,1,1,0.318659,2,0.076750,NA,5.917808,1.593296,2,0,4,0.9,0.9,0.9,0.91,0.93,0.93,0.93,0.93,0.93,0.91,0.9,0.9,0.1,0.1,0.1,0.1,0.1,0.1,0.1,0.1,0.1,0.1,0.1,0.1,0
A24047,1,0,1,1,0.429561,2,0.076750,NA,6.575343,2.147804,2,0,4,0.9,0.9,0.9,0.91,0.93,0.93,0.93,0.93,0.93,0.91,0.9,0.9,0.1,0.1,0.1,0.1,0.1,0.1,0.1,0.1,0.1,0.1,0.1,0.1,0
A24510,1,0,1,1,0.890604,2,0.076750,NA,6.575343,4.453021,2,0,4,0.9,0.9,0.9,0.91,0.93,0.93,0.93,0.93,0.93,0.91,0.9,0.9,0.1,0.1,0.1,0.1,0.1,0.1,0.1,0.1,0.1,0.1,0.1,0.1,0
A36003,1,0,1,1,0.415109,2,0.076750,NA,5.506849,2.075545,2,0,4,0.9,0.9,0.9,0.91,0.93,0.93,0.93,0.93,0.93,0.91,0.9,0.9,0.1,0.1,0.1,0.1,0.1,0.1,0.1,0.1,0.1,0.1,0.1,0.1,0
A36007,1,0,1,1,0.868634,2,0.076750,NA,5.424657,4.343171,2,0,4,0.9,0.9,0.9,0.91,0.93,0.93,0.93,0.93,0.93,0.91,0.9,0.9,0.1,0.1,0.1,0.1,0.1,0.1,0.1,0.1,0.1,0.1,0.1,0.1,0
A36015,1,0,1,1,0.607570,2,0.076750,NA,8.630136,3.037848,2,0,4,0.9,0.9,0.9,0.91,0.93,0.93,0.93,0.93,0.93,0.91,0.9,0.9,0.1,0.1,0.1,0.1,0.1,0.1,0.1,0.1,0.1,0.1,0.1,0.1,0
A36017,1,0,1,1,0.963120,2,0.076750,NA,9.369863,4.815598,2,0,4,0.9,0.9,0.9,0.91,0.93,0.93,0.93,0.93,0.93,0.91,0.9,0.9,0.1,0.1,0.1,0.1,0.1,0.1,0.1,0.1,0.1,0.1,0.1,0.1,0
A36023,1,0,1,1,0.755734,2,0.076750,NA,6.575343,3.778669,2,0,4,0.9,0.9,0.9,0.91,0.93,0.93,0.93,0.93,0.93,0.91,0.9,0.9,0.1,0.1,0.1,0.1,0.1,0.1,0.1,0.1,0.1,0.1,0.1,0.1,0
A36025,1,0,1,1,1.241217,2,0.076750,NA,7.232876,6.206084,2,0,4,0.9,0.9,0.9,0.91,0.93,0.93,0.93,0.93,0.93,0.91,0.9,0.9,0.1,0.1,0.1,0.1,0.1,0.1,0.1,0.1,0.1,0.1,0.1,0.1,0
A36043,1,0,1,1,1.716345,2,0.076750,NA,11.83562,8.581727,2,0,4,0.9,0.9,0.9,0.91,0.93,0.93,0.93,0.93,0.93,0.91,0.9,0.9,0.1,0.1,0.1,0.1,0.1,0.1,0.1,0.1,0.1,0.1,0.1,0.1,0
A36051,1,0,1,1,1.421461,2,0.076750,NA,10.43836,7.107305,2,0,4,0.9,0.9,0.9,0.91,0.93,0.93,0.93,0.93,0.93,0.91,0.9,0.9,0.1,0.1,0.1,0.1,0.1,0.1,0.1,0.1,0.1,0.1,0.1,0.1,0
A36053,1,0,1,1,2.472480,2,0.076750,NA,9.205481,12.36240,2,0,4,0.9,0.9,0.9,0.91,0.93,0.93,0.93,0.93,0.93,0.91,0.9,0.9,0.1,0.1,0.1,0.1,0.1,0.1,0.1,0.1,0.1,0.1,0.1,0.1,0
A36065,1,0,1,1,1.439000,2,0.076750,NA,8.465754,7.195001,2,0,4,0.9,0.9,0.9,0.91,0.93,0.93,0.93,0.93,0.93,0.91,0.9,0.9,0.1,0.1,0.1,0.1,0.1,0.1,0.1,0.1,0.1,0.1,0.1,0.1,0
A36067,1,0,1,1,0.868442,2,0.076750,NA,7.479452,4.342210,2,0,4,0.9,0.9,0.9,0.91,0.93,0.93,0.93,0.93,0.93,0.91,0.9,0.9,0.1,0.1,0.1,0.1,0.1,0.1,0.1,0.1,0.1,0.1,0.1,0.1,0
A36069,1,0,1,1,0.986056,2,0.076750,NA,6.821918,4.930279,2,0,4,0.9,0.9,0.9,0.91,0.93,0.93,0.93,0.93,0.93,0.91,0.9,0.9,0.1,0.1,0.1,0.1,0.1,0.1,0.1,0.1,0.1,0.1,0.1,0.1,0
A36077,1,0,1,1,1.314354,2,0.076750,NA,8.547945,6.571769,2,0,4,0.9,0.9,0.9,0.91,0.93,0.93,0.93,0.93,0.93,0.91,0.9,0.9,0.1,0.1,0.1,0.1,0.1,0.1,0.1,0.1,0.1,0.1,0.1,0.1,0
A36095,1,0,1,1,2.030945,2,0.076750,NA,8.219178,10.15472,2,0,4,0.9,0.9,0.9,0.91,0.93,0.93,0.93,0.93,0.93,0.91,0.9,0.9,0.1,0.1,0.1,0.1,0.1,0.1,0.1,0.1,0.1,0.1,0.1,0.1,0
A36097,1,0,1,1,0.606547,2,0.076750,NA,4.109589,3.032734,2,0,4,0.9,0.9,0.9,0.91,0.93,0.93,0.93,0.93,0.93,0.91,0.9,0.9,0.1,0.1,0.1,0.1,0.1,0.1,0.1,0.1,0.1,0.1,0.1,0.1,0
A36101,1,0,1,1,2.417853,2,0.076750,NA,8.054794,12.08926,2,0,4,0.9,0.9,0.9,0.91,0.93,0.93,0.93,0.93,0.93,0.91,0.9,0.9,0.1,0.1,0.1,0.1,0.1,0.1,0.1,0.1,0.1,0.1,0.1,0.1,0
A36107,1,0,1,1,0.387847,2,0.076750,NA,4.191781,1.939233,2,0,4,0.9,0.9,0.9,0.91,0.93,0.93,0.93,0.93,0.93,0.91,0.9,0.9,0.1,0.1,0.1,0.1,0.1,0.1,0.1,0.1,0.1,0.1,0.1,0.1,0
A36109,1,0,1,1,0.249278,2,0.076750,NA,4.602740,1.246392,2,0,4,0.9,0.9,0.9,0.91,0.93,0.93,0.93,0.93,0.93,0.91,0.9,0.9,0.1,0.1,0.1,0.1,0.1,0.1,0.1,0.1,0.1,0.1,0.1,0.1,0
A36123,1,0,1,1,0.993509,2,0.076750,NA,8.465754,4.967544,2,0,4,0.9,0.9,0.9,0.91,0.93,0.93,0.93,0.93,0.93,0.91,0.9,0.9,0.1,0.1,0.1,0.1,0.1,0.1,0.1,0.1,0.1,0.1,0.1,0.1,0
A37001,1,0,1,1,0.3,2,0.07675,NA,2.5,2.5,2,0,4,0.9,0.9,0.9,0.91,0.93,0.93,0.93,0.93,0.93,0.91,0.9,0.9,0.1,0.1,0.1,0.1,0.1,0.1,0.1,0.1,0.1,0.1,0.1,0.1,0
A37005,1,0,1,1,0.3,2,0.07675,NA,2.5,2.5,2,0,4,0.9,0.9,0.9,0.91,0.93,0.93,0.93,0.93,0.93,0.91,0.9,0.9,0.1,0.1,0.1,0.1,0.1,0.1,0.1,0.1,0.1,0.1,0.1,0.1,0
A37009,1,0,1,1,0.3,2,0.07675,NA,2.5,2.5,2,0,4,0.9,0.9,0.9,0.91,0.93,0.93,0.93,0.93,0.93,0.91,0.9,0.9,0.1,0.1,0.1,0.1,0.1,0.1,0.1,0.1,0.1,0.1,0.1,0.1,0
A37033,1,0,1,1,0.3,2,0.07675,NA,2.5,2.5,2,0,4,0.9,0.9,0.9,0.91,0.93,0.93,0.93,0.93,0.93,0.91,0.9,0.9,0.1,0.1,0.1,0.1,0.1,0.1,0.1,0.1,0.1,0.1,0.1,0.1,0
A37067,1,0,1,1,0.3,2,0.07675,NA,2.5,2.5,2,0,4,0.9,0.9,0.9,0.91,0.93,0.93,0.93,0.93,0.93,0.91,0.9,0.9,0.1,0.1,0.1,0.1,0.1,0.1,0.1,0.1,0.1,0.1,0.1,0.1,0
A37077,1,0,1,1,0.3,2,0.07675,NA,2.5,2.5,2,0,4,0.9,0.9,0.9,0.91,0.93,0.93,0.93,0.93,0.93,0.91,0.9,0.9,0.1,0.1,0.1,0.1,0.1,0.1,0.1,0.1,0.1,0.1,0.1,0.1,0
A37081,1,0,1,1,0.3,2,0.07675,NA,2.5,2.5,2,0,4,0.9,0.9,0.9,0.91,0.93,0.93,0.93,0.93,0.93,0.91,0.9,0.9,0.1,0.1,0.1,0.1,0.1,0.1,0.1,0.1,0.1,0.1,0.1,0.1,0
A37131,1,0,1,1,0.3,2,0.07675,NA,2.5,2.5,2,0,4,0.9,0.9,0.9,0.91,0.93,0.93,0.93,0.93,0.93,0.91,0.9,0.9,0.1,0.1,0.1,0.1,0.1,0.1,0.1,0.1,0.1,0.1,0.1,0.1,0
A37135,1,0,1,1,0.3,2,0.07675,NA,2.5,2.5,2,0,4,0.9,0.9,0.9,0.91,0.93,0.93,0.93,0.93,0.93,0.91,0.9,0.9,0.1,0.1,0.1,0.1,0.1,0.1,0.1,0.1,0.1,0.1,0.1,0.1,0
A37145,1,0,1,1,0.3,2,0.07675,NA,2.5,2.5,2,0,4,0.9,0.9,0.9,0.91,0.93,0.93,0.93,0.93,0.93,0.91,0.9,0.9,0.1,0.1,0.1,0.1,0.1,0.1,0.1,0.1,0.1,0.1,0.1,0.1,0
A37157,1,0,1,1,0.3,2,0.07675,NA,2.5,2.5,2,0,4,0.9,0.9,0.9,0.91,0.93,0.93,0.93,0.93,0.93,0.91,0.9,0.9,0.1,0.1,0.1,0.1,0.1,0.1,0.1,0.1,0.1,0.1,0.1,0.1,0
A37169,1,0,1,1,0.3,2,0.07675,NA,2.5,2.5,2,0,4,0.9,0.9,0.9,0.91,0.93,0.93,0.93,0.93,0.93,0.91,0.9,0.9,0.1,0.1,0.1,0.1,0.1,0.1,0.1,0.1,0.1,0.1,0.1,0.1,0
A37171,1,0,1,1,0.3,2,0.07675,NA,2.5,2.5,2,0,4,0.9,0.9,0.9,0.91,0.93,0.93,0.93,0.93,0.93,0.91,0.9,0.9,0.1,0.1,0.1,0.1,0.1,0.1,0.1,0.1,0.1,0.1,0.1,0.1,0
A37181,1,0,1,1,0.3,2,0.07675,NA,2.5,2.5,2,0,4,0.9,0.9,0.9,0.91,0.93,0.93,0.93,0.93,0.93,0.91,0.9,0.9,0.1,0.1,0.1,0.1,0.1,0.1,0.1,0.1,0.1,0.1,0.1,0.1,0
A37185,1,0,1,1,0.3,2,0.07675,NA,2.5,2.5,2,0,4,0.9,0.9,0.9,0.91,0.93,0.93,0.93,0.93,0.93,0.91,0.9,0.9,0.1,0.1,0.1,0.1,0.1,0.1,0.1,0.1,0.1,0.1,0.1,0.1,0
A37189,1,0,1,1,0.3,2,0.07675,NA,2.5,2.5,2,0,4,0.9,0.9,0.9,0.91,0.93,0.93,0.93,0.93,0.93,0.91,0.9,0.9,0.1,0.1,0.1,0.1,0.1,0.1,0.1,0.1,0.1,0.1,0.1,0.1,0
A42001,1,0,1,1,0.396436,2,0.076750,NA,11.83562,1.982182,2,0,4,0.9,0.9,0.9,0.91,0.93,0.93,0.93,0.93,0.93,0.91,0.9,0.9,0.1,0.1,0.1,0.1,0.1,0.1,0.1,0.1,0.1,0.1,0.1,0.1,0
A42009,1,0,1,1,0.864965,2,0.076750,NA,12.08219,4.324827,2,0,4,0.9,0.9,0.9,0.91,0.93,0.93,0.93,0.93,0.93,0.91,0.9,0.9,0.1,0.1,0.1,0.1,0.1,0.1,0.1,0.1,0.1,0.1,0.1,0.1,0
A42011,1,0,1,1,0.475173,2,0.076750,NA,17.67123,2.375867,2,0,4,0.9,0.9,0.9,0.91,0.93,0.93,0.93,0.93,0.93,0.91,0.9,0.9,0.1,0.1,0.1,0.1,0.1,0.1,0.1,0.1,0.1,0.1,0.1,0.1,0
A42013,1,0,1,1,0.874778,2,0.076750,NA,9.123287,4.373892,2,0,4,0.9,0.9,0.9,0.91,0.93,0.93,0.93,0.93,0.93,0.91,0.9,0.9,0.1,0.1,0.1,0.1,0.1,0.1,0.1,0.1,0.1,0.1,0.1,0.1,0
A42015,1,0,1,1,0.820231,2,0.076750,NA,12.16438,4.101157,2,0,4,0.9,0.9,0.9,0.91,0.93,0.93,0.93,0.93,0.93,0.91,0.9,0.9,0.1,0.1,0.1,0.1,0.1,0.1,0.1,0.1,0.1,0.1,0.1,0.1,0
A42021,1,0,1,1,1.213158,2,0.076750,NA,8.219178,6.065789,2,0,4,0.9,0.9,0.9,0.91,0.93,0.93,0.93,0.93,0.93,0.91,0.9,0.9,0.1,0.1,0.1,0.1,0.1,0.1,0.1,0.1,0.1,0.1,0.1,0.1,0
A42023,1,0,1,1,0.467455,2,0.076750,NA,8.219178,2.337275,2,0,4,0.9,0.9,0.9,0.91,0.93,0.93,0.93,0.93,0.93,0.91,0.9,0.9,0.1,0.1,0.1,0.1,0.1,0.1,0.1,0.1,0.1,0.1,0.1,0.1,0
A42025,1,0,1,1,0.144679,2,0.076750,NA,9.698630,0.723395,2,0,4,0.9,0.9,0.9,0.91,0.93,0.93,0.93,0.93,0.93,0.91,0.9,0.9,0.1,0.1,0.1,0.1,0.1,0.1,0.1,0.1,0.1,0.1,0.1,0.1,0
A42027,1,0,1,1,4.983449,2,0.076750,NA,15.69863,24.91725,2,0,4,0.9,0.9,0.9,0.91,0.93,0.93,0.93,0.93,0.93,0.91,0.9,0.9,0.1,0.1,0.1,0.1,0.1,0.1,0.1,0.1,0.1,0.1,0.1,0.1,0
A42029,1,0,1,1,1.770979,2,0.076750,NA,19.47945,8.854894,2,0,4,0.9,0.9,0.9,0.91,0.93,0.93,0.93,0.93,0.93,0.91,0.9,0.9,0.1,0.1,0.1,0.1,0.1,0.1,0.1,0.1,0.1,0.1,0.1,0.1,0
A42033,1,0,1,1,0.354410,2,0.076750,NA,2.219178,1.772049,2,0,4,0.9,0.9,0.9,0.91,0.93,0.93,0.93,0.93,0.93,0.91,0.9,0.9,0.1,0.1,0.1,0.1,0.1,0.1,0.1,0.1,0.1,0.1,0.1,0.1,0
A42035,1,0,1,1,0.834552,2,0.076750,NA,7.397260,4.172758,2,0,4,0.9,0.9,0.9,0.91,0.93,0.93,0.93,0.93,0.93,0.91,0.9,0.9,0.1,0.1,0.1,0.1,0.1,0.1,0.1,0.1,0.1,0.1,0.1,0.1,0
A42037,1,0,1,1,0.819232,2,0.076750,NA,12.08219,4.096158,2,0,4,0.9,0.9,0.9,0.91,0.93,0.93,0.93,0.93,0.93,0.91,0.9,0.9,0.1,0.1,0.1,0.1,0.1,0.1,0.1,0.1,0.1,0.1,0.1,0.1,0
A42041,1,0,1,1,2.171922,2,0.076750,NA,15.78082,10.85961,2,0,4,0.9,0.9,0.9,0.91,0.93,0.93,0.93,0.93,0.93,0.91,0.9,0.9,0.1,0.1,0.1,0.1,0.1,0.1,0.1,0.1,0.1,0.1,0.1,0.1,0
A42043,1,0,1,1,0.727428,2,0.076750,NA,11.09589,3.637140,2,0,4,0.9,0.9,0.9,0.91,0.93,0.93,0.93,0.93,0.93,0.91,0.9,0.9,0.1,0.1,0.1,0.1,0.1,0.1,0.1,0.1,0.1,0.1,0.1,0.1,0
A42047,1,0,1,1,0.171940,2,0.076750,NA,2.136986,0.859699,2,0,4,0.9,0.9,0.9,0.91,0.93,0.93,0.93,0.93,0.93,0.91,0.9,0.9,0.1,0.1,0.1,0.1,0.1,0.1,0.1,0.1,0.1,0.1,0.1,0.1,0
A42055,1,0,1,1,4.832745,2,0.076750,NA,16.43836,24.16372,2,0,4,0.9,0.9,0.9,0.91,0.93,0.93,0.93,0.93,0.93,0.91,0.9,0.9,0.1,0.1,0.1,0.1,0.1,0.1,0.1,0.1,0.1,0.1,0.1,0.1,0
A42057,1,0,1,1,0.339998,2,0.076750,NA,7.150686,1.699988,2,0,4,0.9,0.9,0.9,0.91,0.93,0.93,0.93,0.93,0.93,0.91,0.9,0.9,0.1,0.1,0.1,0.1,0.1,0.1,0.1,0.1,0.1,0.1,0.1,0.1,0
A42061,1,0,1,1,0.985155,2,0.076750,NA,15.12329,4.925773,2,0,4,0.9,0.9,0.9,0.91,0.93,0.93,0.93,0.93,0.93,0.91,0.9,0.9,0.1,0.1,0.1,0.1,0.1,0.1,0.1,0.1,0.1,0.1,0.1,0.1,0
A42063,1,0,1,1,0.257068,2,0.076750,NA,5.260274,1.285339,2,0,4,0.9,0.9,0.9,0.91,0.93,0.93,0.93,0.93,0.93,0.91,0.9,0.9,0.1,0.1,0.1,0.1,0.1,0.1,0.1,0.1,0.1,0.1,0.1,0.1,0
A42065,1,0,1,1,0.515072,2,0.076750,NA,8.794520,2.575360,2,0,4,0.9,0.9,0.9,0.91,0.93,0.93,0.93,0.93,0.93,0.91,0.9,0.9,0.1,0.1,0.1,0.1,0.1,0.1,0.1,0.1,0.1,0.1,0.1,0.1,0
A42067,1,0,1,1,1.246892,2,0.076750,NA,12.98630,6.234462,2,0,4,0.9,0.9,0.9,0.91,0.93,0.93,0.93,0.93,0.93,0.91,0.9,0.9,0.1,0.1,0.1,0.1,0.1,0.1,0.1,0.1,0.1,0.1,0.1,0.1,0
A42069,1,0,1,1,1.335308,2,0.076750,NA,4.520548,6.676541,2,0,4,0.9,0.9,0.9,0.91,0.93,0.93,0.93,0.93,0.93,0.91,0.9,0.9,0.1,0.1,0.1,0.1,0.1,0.1,0.1,0.1,0.1,0.1,0.1,0.1,0
A42071,1,0,1,1,4.074119,2,0.076750,NA,21.12329,20.37060,2,0,4,0.9,0.9,0.9,0.91,0.93,0.93,0.93,0.93,0.93,0.91,0.9,0.9,0.1,0.1,0.1,0.1,0.1,0.1,0.1,0.1,0.1,0.1,0.1,0.1,0
A42075,1,0,1,1,8.115321,2,0.076750,NA,17.75343,40.57661,2,0,4,0.9,0.9,0.9,0.91,0.93,0.93,0.93,0.93,0.93,0.91,0.9,0.9,0.1,0.1,0.1,0.1,0.1,0.1,0.1,0.1,0.1,0.1,0.1,0.1,0
A42079,1,0,1,1,0.484210,2,0.076750,NA,7.232876,2.421048,2,0,4,0.9,0.9,0.9,0.91,0.93,0.93,0.93,0.93,0.93,0.91,0.9,0.9,0.1,0.1,0.1,0.1,0.1,0.1,0.1,0.1,0.1,0.1,0.1,0.1,0
A42081,1,0,1,1,1.961612,2,0.076750,NA,14.87671,9.808059,2,0,4,0.9,0.9,0.9,0.91,0.93,0.93,0.93,0.93,0.93,0.91,0.9,0.9,0.1,0.1,0.1,0.1,0.1,0.1,0.1,0.1,0.1,0.1,0.1,0.1,0
A42083,1,0,1,1,0.044130,2,0.076750,NA,1.150685,0.220650,2,0,4,0.9,0.9,0.9,0.91,0.93,0.93,0.93,0.93,0.93,0.91,0.9,0.9,0.1,0.1,0.1,0.1,0.1,0.1,0.1,0.1,0.1,0.1,0.1,0.1,0
A42087,1,0,1,1,0.909607,2,0.076750,NA,13.64384,4.548033,2,0,4,0.9,0.9,0.9,0.91,0.93,0.93,0.93,0.93,0.93,0.91,0.9,0.9,0.1,0.1,0.1,0.1,0.1,0.1,0.1,0.1,0.1,0.1,0.1,0.1,0
A42093,1,0,1,1,0.677084,2,0.076750,NA,23.75343,3.385422,2,0,4,0.9,0.9,0.9,0.91,0.93,0.93,0.93,0.93,0.93,0.91,0.9,0.9,0.1,0.1,0.1,0.1,0.1,0.1,0.1,0.1,0.1,0.1,0.1,0.1,0
A42097,1,0,1,1,5.826365,2,0.076750,NA,21.12329,29.13182,2,0,4,0.9,0.9,0.9,0.91,0.93,0.93,0.93,0.93,0.93,0.91,0.9,0.9,0.1,0.1,0.1,0.1,0.1,0.1,0.1,0.1,0.1,0.1,0.1,0.1,0
A42099,1,0,1,1,0.856002,2,0.076750,NA,11.34247,4.280011,2,0,4,0.9,0.9,0.9,0.91,0.93,0.93,0.93,0.93,0.93,0.91,0.9,0.9,0.1,0.1,0.1,0.1,0.1,0.1,0.1,0.1,0.1,0.1,0.1,0.1,0
A42105,1,0,1,1,0.457018,2,0.076750,NA,6.657534,2.285088,2,0,4,0.9,0.9,0.9,0.91,0.93,0.93,0.93,0.93,0.93,0.91,0.9,0.9,0.1,0.1,0.1,0.1,0.1,0.1,0.1,0.1,0.1,0.1,0.1,0.1,0
A42107,1,0,1,1,0.733242,2,0.076750,NA,14.54795,3.666209,2,0,4,0.9,0.9,0.9,0.91,0.93,0.93,0.93,0.93,0.93,0.91,0.9,0.9,0.1,0.1,0.1,0.1,0.1,0.1,0.1,0.1,0.1,0.1,0.1,0.1,0
A42109,1,0,1,1,0.634144,2,0.076750,NA,15.04110,3.170720,2,0,4,0.9,0.9,0.9,0.91,0.93,0.93,0.93,0.93,0.93,0.91,0.9,0.9,0.1,0.1,0.1,0.1,0.1,0.1,0.1,0.1,0.1,0.1,0.1,0.1,0
A42111,1,0,1,1,0.380614,2,0.076750,NA,7.808219,1.903070,2,0,4,0.9,0.9,0.9,0.91,0.93,0.93,0.93,0.93,0.93,0.91,0.9,0.9,0.1,0.1,0.1,0.1,0.1,0.1,0.1,0.1,0.1,0.1,0.1,0.1,0
A42113,1,0,1,1,0.232947,2,0.076750,NA,3.452055,1.164734,2,0,4,0.9,0.9,0.9,0.91,0.93,0.93,0.93,0.93,0.93,0.91,0.9,0.9,0.1,0.1,0.1,0.1,0.1,0.1,0.1,0.1,0.1,0.1,0.1,0.1,0
A42115,1,0,1,1,0.125326,2,0.076750,NA,2.136986,0.626630,2,0,4,0.9,0.9,0.9,0.91,0.93,0.93,0.93,0.93,0.93,0.91,0.9,0.9,0.1,0.1,0.1,0.1,0.1,0.1,0.1,0.1,0.1,0.1,0.1,0.1,0
A42117,1,0,1,1,0.816127,2,0.076750,NA,9.041097,4.080636,2,0,4,0.9,0.9,0.9,0.91,0.93,0.93,0.93,0.93,0.93,0.91,0.9,0.9,0.1,0.1,0.1,0.1,0.1,0.1,0.1,0.1,0.1,0.1,0.1,0.1,0
A42119,1,0,1,1,0.667425,2,0.076750,NA,11.75342,3.337124,2,0,4,0.9,0.9,0.9,0.91,0.93,0.93,0.93,0.93,0.93,0.91,0.9,0.9,0.1,0.1,0.1,0.1,0.1,0.1,0.1,0.1,0.1,0.1,0.1,0.1,0
A42127,1,0,1,1,0.112713,2,0.076750,NA,1.397260,0.563566,2,0,4,0.9,0.9,0.9,0.91,0.93,0.93,0.93,0.93,0.93,0.91,0.9,0.9,0.1,0.1,0.1,0.1,0.1,0.1,0.1,0.1,0.1,0.1,0.1,0.1,0
A42131,1,0,1,1,1.306716,2,0.076750,NA,11.01370,6.533579,2,0,4,0.9,0.9,0.9,0.91,0.93,0.93,0.93,0.93,0.93,0.91,0.9,0.9,0.1,0.1,0.1,0.1,0.1,0.1,0.1,0.1,0.1,0.1,0.1,0.1,0
A42133,1,0,1,1,5.703722,2,0.076750,NA,23.75343,28.51861,2,0,4,0.9,0.9,0.9,0.91,0.93,0.93,0.93,0.93,0.93,0.91,0.9,0.9,0.1,0.1,0.1,0.1,0.1,0.1,0.1,0.1,0.1,0.1,0.1,0.1,0
A47091,1,0,1,1,0.3,2,0.07675,NA,2.5,2.5,2,0,4,0.9,0.9,0.9,0.91,0.93,0.93,0.93,0.93,0.93,0.91,0.9,0.9,0.1,0.1,0.1,0.1,0.1,0.1,0.1,0.1,0.1,0.1,0.1,0.1,0
A47163,1,0,1,1,0.3,2,0.07675,NA,2.5,2.5,2,0,4,0.9,0.9,0.9,0.91,0.93,0.93,0.93,0.93,0.93,0.91,0.9,0.9,0.1,0.1,0.1,0.1,0.1,0.1,0.1,0.1,0.1,0.1,0.1,0.1,0
A51001,1,0,1,1,0.257846,2,0.076750,NA,4.684931,1.289229,2,0,4,0.9,0.9,0.9,0.91,0.93,0.93,0.93,0.93,0.93,0.91,0.9,0.9,0.1,0.1,0.1,0.1,0.1,0.1,0.1,0.1,0.1,0.1,0.1,0.1,0
A51003,1,0,1,1,0.145995,2,0.076750,NA,2.219178,0.729975,2,0,4,0.9,0.9,0.9,0.91,0.93,0.93,0.93,0.93,0.93,0.91,0.9,0.9,0.1,0.1,0.1,0.1,0.1,0.1,0.1,0.1,0.1,0.1,0.1,0.1,0
A51005,1,0,1,1,0.020000,2,0.076750,NA,0.164384,0.100000,2,0,4,0.9,0.9,0.9,0.91,0.93,0.93,0.93,0.93,0.93,0.91,0.9,0.9,0.1,0.1,0.1,0.1,0.1,0.1,0.1,0.1,0.1,0.1,0.1,0.1,0
A51007,1,0,1,1,0.913374,2,0.076750,NA,25.80822,4.566872,2,0,4,0.9,0.9,0.9,0.91,0.93,0.93,0.93,0.93,0.93,0.91,0.9,0.9,0.1,0.1,0.1,0.1,0.1,0.1,0.1,0.1,0.1,0.1,0.1,0.1,0
A51009,1,0,1,1,0.683993,2,0.076750,NA,6.575343,3.419966,2,0,4,0.9,0.9,0.9,0.91,0.93,0.93,0.93,0.93,0.93,0.91,0.9,0.9,0.1,0.1,0.1,0.1,0.1,0.1,0.1,0.1,0.1,0.1,0.1,0.1,0
A51011,1,0,1,1,0.463585,2,0.076750,NA,10.60274,2.317926,2,0,4,0.9,0.9,0.9,0.91,0.93,0.93,0.93,0.93,0.93,0.91,0.9,0.9,0.1,0.1,0.1,0.1,0.1,0.1,0.1,0.1,0.1,0.1,0.1,0.1,0
A51013,1,0,1,1,1.398459,2,0.076750,NA,10.60274,6.992293,2,0,4,0.9,0.9,0.9,0.91,0.93,0.93,0.93,0.93,0.93,0.91,0.9,0.9,0.1,0.1,0.1,0.1,0.1,0.1,0.1,0.1,0.1,0.1,0.1,0.1,0
A51015,1,0,1,1,2.613544,2,0.076750,NA,26.38356,13.06772,2,0,4,0.9,0.9,0.9,0.91,0.93,0.93,0.93,0.93,0.93,0.91,0.9,0.9,0.1,0.1,0.1,0.1,0.1,0.1,0.1,0.1,0.1,0.1,0.1,0.1,0
A51017,1,0,1,1,0.123222,2,0.076750,NA,1.561644,0.616112,2,0,4,0.9,0.9,0.9,0.91,0.93,0.93,0.93,0.93,0.93,0.91,0.9,0.9,0.1,0.1,0.1,0.1,0.1,0.1,0.1,0.1,0.1,0.1,0.1,0.1,0
A51019,1,0,1,1,0.474620,2,0.076750,NA,7.315069,2.373101,2,0,4,0.9,0.9,0.9,0.91,0.93,0.93,0.93,0.93,0.93,0.91,0.9,0.9,0.1,0.1,0.1,0.1,0.1,0.1,0.1,0.1,0.1,0.1,0.1,0.1,0
A51021,1,0,1,1,0.3,2,0.07675,NA,2.5,2.5,2,0,4,0.9,0.9,0.9,0.91,0.93,0.93,0.93,0.93,0.93,0.91,0.9,0.9,0.1,0.1,0.1,0.1,0.1,0.1,0.1,0.1,0.1,0.1,0.1,0.1,0
A51023,1,0,1,1,1.311855,2,0.076750,NA,17.83562,6.559273,2,0,4,0.9,0.9,0.9,0.91,0.93,0.93,0.93,0.93,0.93,0.91,0.9,0.9,0.1,0.1,0.1,0.1,0.1,0.1,0.1,0.1,0.1,0.1,0.1,0.1,0
A51025,1,0,1,1,0.3,2,0.07675,NA,2.5,2.5,2,0,4,0.9,0.9,0.9,0.91,0.93,0.93,0.93,0.93,0.93,0.91,0.9,0.9,0.1,0.1,0.1,0.1,0.1,0.1,0.1,0.1,0.1,0.1,0.1,0.1,0
A51027,1,0,1,1,0.3,2,0.07675,NA,2.5,2.5,2,0,4,0.9,0.9,0.9,0.91,0.93,0.93,0.93,0.93,0.93,0.91,0.9,0.9,0.1,0.1,0.1,0.1,0.1,0.1,0.1,0.1,0.1,0.1,0.1,0.1,0
A51029,1,0,1,1,0.532012,2,0.076750,NA,7.972603,2.660061,2,0,4,0.9,0.9,0.9,0.91,0.93,0.93,0.93,0.93,0.93,0.91,0.9,0.9,0.1,0.1,0.1,0.1,0.1,0.1,0.1,0.1,0.1,0.1,0.1,0.1,0
A51031,1,0,1,1,0.461744,2,0.076750,NA,8.136987,2.308722,2,0,4,0.9,0.9,0.9,0.91,0.93,0.93,0.93,0.93,0.93,0.91,0.9,0.9,0.1,0.1,0.1,0.1,0.1,0.1,0.1,0.1,0.1,0.1,0.1,0.1,0
A51033,1,0,1,1,1.947779,2,0.076750,NA,10.35616,9.738896,2,0,4,0.9,0.9,0.9,0.91,0.93,0.93,0.93,0.93,0.93,0.91,0.9,0.9,0.1,0.1,0.1,0.1,0.1,0.1,0.1,0.1,0.1,0.1,0.1,0.1,0
A51035,1,0,1,1,0.3,2,0.07675,NA,2.5,2.5,2,0,4,0.9,0.9,0.9,0.91,0.93,0.93,0.93,0.93,0.93,0.91,0.9,0.9,0.1,0.1,0.1,0.1,0.1,0.1,0.1,0.1,0.1,0.1,0.1,0.1,0
A51036,1,0,1,1,1.288877,2,0.076750,NA,9.205481,6.444386,2,0,4,0.9,0.9,0.9,0.91,0.93,0.93,0.93,0.93,0.93,0.91,0.9,0.9,0.1,0.1,0.1,0.1,0.1,0.1,0.1,0.1,0.1,0.1,0.1,0.1,0
A51037,1,0,1,1,0.3,2,0.07675,NA,2.5,2.5,2,0,4,0.9,0.9,0.9,0.91,0.93,0.93,0.93,0.93,0.93,0.91,0.9,0.9,0.1,0.1,0.1,0.1,0.1,0.1,0.1,0.1,0.1,0.1,0.1,0.1,0
A51041,1,0,1,1,1.060780,2,0.076750,NA,12.41096,5.303901,2,0,4,0.9,0.9,0.9,0.91,0.93,0.93,0.93,0.93,0.93,0.91,0.9,0.9,0.1,0.1,0.1,0.1,0.1,0.1,0.1,0.1,0.1,0.1,0.1,0.1,0
A51043,1,0,1,1,0.328137,2,0.076750,NA,4.520548,1.640685,2,0,4,0.9,0.9,0.9,0.91,0.93,0.93,0.93,0.93,0.93,0.91,0.9,0.9,0.1,0.1,0.1,0.1,0.1,0.1,0.1,0.1,0.1,0.1,0.1,0.1,0
A51045,1,0,1,1,1.087443,2,0.076750,NA,7.972603,5.437215,2,0,4,0.9,0.9,0.9,0.91,0.93,0.93,0.93,0.93,0.93,0.91,0.9,0.9,0.1,0.1,0.1,0.1,0.1,0.1,0.1,0.1,0.1,0.1,0.1,0.1,0
A51047,1,0,1,1,1.405716,2,0.076750,NA,18.82192,7.028579,2,0,4,0.9,0.9,0.9,0.91,0.93,0.93,0.93,0.93,0.93,0.91,0.9,0.9,0.1,0.1,0.1,0.1,0.1,0.1,0.1,0.1,0.1,0.1,0.1,0.1,0
A51049,1,0,1,1,0.450109,2,0.076750,NA,7.561644,2.250544,2,0,4,0.9,0.9,0.9,0.91,0.93,0.93,0.93,0.93,0.93,0.91,0.9,0.9,0.1,0.1,0.1,0.1,0.1,0.1,0.1,0.1,0.1,0.1,0.1,0.1,0
A51051,1,0,1,1,0.3,2,0.07675,NA,2.5,2.5,2,0,4,0.9,0.9,0.9,0.91,0.93,0.93,0.93,0.93,0.93,0.91,0.9,0.9,0.1,0.1,0.1,0.1,0.1,0.1,0.1,0.1,0.1,0.1,0.1,0.1,0
A51053,1,0,1,1,1.042629,2,0.076750,NA,26.46575,5.213144,2,0,4,0.9,0.9,0.9,0.91,0.93,0.93,0.93,0.93,0.93,0.91,0.9,0.9,0.1,0.1,0.1,0.1,0.1,0.1,0.1,0.1,0.1,0.1,0.1,0.1,0
A51057,1,0,1,1,3.923793,2,0.076750,NA,13.06849,19.61897,2,0,4,0.9,0.9,0.9,0.91,0.93,0.93,0.93,0.93,0.93,0.91,0.9,0.9,0.1,0.1,0.1,0.1,0.1,0.1,0.1,0.1,0.1,0.1,0.1,0.1,0
A51059,1,0,1,1,2.543266,2,0.076750,NA,11.09589,12.71633,2,0,4,0.9,0.9,0.9,0.91,0.93,0.93,0.93,0.93,0.93,0.91,0.9,0.9,0.1,0.1,0.1,0.1,0.1,0.1,0.1,0.1,0.1,0.1,0.1,0.1,0
A51061,1,0,1,1,0.689165,2,0.076750,NA,10.02740,3.445824,2,0,4,0.9,0.9,0.9,0.91,0.93,0.93,0.93,0.93,0.93,0.91,0.9,0.9,0.1,0.1,0.1,0.1,0.1,0.1,0.1,0.1,0.1,0.1,0.1,0.1,0
A51063,1,0,1,1,0.3,2,0.07675,NA,2.5,2.5,2,0,4,0.9,0.9,0.9,0.91,0.93,0.93,0.93,0.93,0.93,0.91,0.9,0.9,0.1,0.1,0.1,0.1,0.1,0.1,0.1,0.1,0.1,0.1,0.1,0.1,0
A51065,1,0,1,1,0.324615,2,0.076750,NA,5.342465,1.623076,2,0,4,0.9,0.9,0.9,0.91,0.93,0.93,0.93,0.93,0.93,0.91,0.9,0.9,0.1,0.1,0.1,0.1,0.1,0.1,0.1,0.1,0.1,0.1,0.1,0.1,0
A51067,1,0,1,1,0.3,2,0.07675,NA,2.5,2.5,2,0,4,0.9,0.9,0.9,0.91,0.93,0.93,0.93,0.93,0.93,0.91,0.9,0.9,0.1,0.1,0.1,0.1,0.1,0.1,0.1,0.1,0.1,0.1,0.1,0.1,0
A51069,1,0,1,1,0.592778,2,0.076750,NA,8.794520,2.963890,2,0,4,0.9,0.9,0.9,0.91,0.93,0.93,0.93,0.93,0.93,0.91,0.9,0.9,0.1,0.1,0.1,0.1,0.1,0.1,0.1,0.1,0.1,0.1,0.1,0.1,0
A51071,1,0,1,1,0.020000,2,0.076750,NA,0.246575,0.100000,2,0,4,0.9,0.9,0.9,0.91,0.93,0.93,0.93,0.93,0.93,0.91,0.9,0.9,0.1,0.1,0.1,0.1,0.1,0.1,0.1,0.1,0.1,0.1,0.1,0.1,0
A51073,1,0,1,1,1.170234,2,0.076750,NA,9.698630,5.851170,2,0,4,0.9,0.9,0.9,0.91,0.93,0.93,0.93,0.93,0.93,0.91,0.9,0.9,0.1,0.1,0.1,0.1,0.1,0.1,0.1,0.1,0.1,0.1,0.1,0.1,0
A51075,1,0,1,1,0.277167,2,0.076750,NA,3.698630,1.385834,2,0,4,0.9,0.9,0.9,0.91,0.93,0.93,0.93,0.93,0.93,0.91,0.9,0.9,0.1,0.1,0.1,0.1,0.1,0.1,0.1,0.1,0.1,0.1,0.1,0.1,0
A51077,1,0,1,1,0.3,2,0.07675,NA,2.5,2.5,2,0,4,0.9,0.9,0.9,0.91,0.93,0.93,0.93,0.93,0.93,0.91,0.9,0.9,0.1,0.1,0.1,0.1,0.1,0.1,0.1,0.1,0.1,0.1,0.1,0.1,0
A51079,1,0,1,1,0.306277,2,0.076750,NA,10.02740,1.531387,2,0,4,0.9,0.9,0.9,0.91,0.93,0.93,0.93,0.93,0.93,0.91,0.9,0.9,0.1,0.1,0.1,0.1,0.1,0.1,0.1,0.1,0.1,0.1,0.1,0.1,0
A51081,1,0,1,1,0.3,2,0.07675,NA,2.5,2.5,2,0,4,0.9,0.9,0.9,0.91,0.93,0.93,0.93,0.93,0.93,0.91,0.9,0.9,0.1,0.1,0.1,0.1,0.1,0.1,0.1,0.1,0.1,0.1,0.1,0.1,0
A51083,1,0,1,1,0.3,2,0.07675,NA,2.5,2.5,2,0,4,0.9,0.9,0.9,0.91,0.93,0.93,0.93,0.93,0.93,0.91,0.9,0.9,0.1,0.1,0.1,0.1,0.1,0.1,0.1,0.1,0.1,0.1,0.1,0.1,0
A51085,1,0,1,1,2.720883,2,0.076750,NA,14.87671,13.60441,2,0,4,0.9,0.9,0.9,0.91,0.93,0.93,0.93,0.93,0.93,0.91,0.9,0.9,0.1,0.1,0.1,0.1,0.1,0.1,0.1,0.1,0.1,0.1,0.1,0.1,0
A51087,1,0,1,1,2.670561,2,0.076750,NA,13.47945,13.35280,2,0,4,0.9,0.9,0.9,0.91,0.93,0.93,0.93,0.93,0.93,0.91,0.9,0.9,0.1,0.1,0.1,0.1,0.1,0.1,0.1,0.1,0.1,0.1,0.1,0.1,0
A51089,1,0,1,1,0.3,2,0.07675,NA,2.5,2.5,2,0,4,0.9,0.9,0.9,0.91,0.93,0.93,0.93,0.93,0.93,0.91,0.9,0.9,0.1,0.1,0.1,0.1,0.1,0.1,0.1,0.1,0.1,0.1,0.1,0.1,0
A51091,1,0,1,1,0.057343,2,0.076750,NA,0.904109,0.286714,2,0,4,0.9,0.9,0.9,0.91,0.93,0.93,0.93,0.93,0.93,0.91,0.9,0.9,0.1,0.1,0.1,0.1,0.1,0.1,0.1,0.1,0.1,0.1,0.1,0.1,0
A51093,1,0,1,1,2.913294,2,0.076750,NA,12.73973,14.56647,2,0,4,0.9,0.9,0.9,0.91,0.93,0.93,0.93,0.93,0.93,0.91,0.9,0.9,0.1,0.1,0.1,0.1,0.1,0.1,0.1,0.1,0.1,0.1,0.1,0.1,0
A51095,1,0,1,1,2.170563,2,0.076750,NA,12.41096,10.85282,2,0,4,0.9,0.9,0.9,0.91,0.93,0.93,0.93,0.93,0.93,0.91,0.9,0.9,0.1,0.1,0.1,0.1,0.1,0.1,0.1,0.1,0.1,0.1,0.1,0.1,0
A51097,1,0,1,1,2.022560,2,0.076750,NA,8.547945,10.11280,2,0,4,0.9,0.9,0.9,0.91,0.93,0.93,0.93,0.93,0.93,0.91,0.9,0.9,0.1,0.1,0.1,0.1,0.1,0.1,0.1,0.1,0.1,0.1,0.1,0.1,0
A51099,1,0,1,1,0.736102,2,0.076750,NA,5.178082,3.680511,2,0,4,0.9,0.9,0.9,0.91,0.93,0.93,0.93,0.93,0.93,0.91,0.9,0.9,0.1,0.1,0.1,0.1,0.1,0.1,0.1,0.1,0.1,0.1,0.1,0.1,0
A51101,1,0,1,1,2.623257,2,0.076750,NA,11.09589,13.11629,2,0,4,0.9,0.9,0.9,0.91,0.93,0.93,0.93,0.93,0.93,0.91,0.9,0.9,0.1,0.1,0.1,0.1,0.1,0.1,0.1,0.1,0.1,0.1,0.1,0.1,0
A51103,1,0,1,1,0.187164,2,0.076750,NA,1.643836,0.935818,2,0,4,0.9,0.9,0.9,0.91,0.93,0.93,0.93,0.93,0.93,0.91,0.9,0.9,0.1,0.1,0.1,0.1,0.1,0.1,0.1,0.1,0.1,0.1,0.1,0.1,0
A51105,1,0,1,1,0.3,2,0.07675,NA,2.5,2.5,2,0,4,0.9,0.9,0.9,0.91,0.93,0.93,0.93,0.93,0.93,0.91,0.9,0.9,0.1,0.1,0.1,0.1,0.1,0.1,0.1,0.1,0.1,0.1,0.1,0.1,0
A51107,1,0,1,1,1.251263,2,0.076750,NA,10.93151,6.256315,2,0,4,0.9,0.9,0.9,0.91,0.93,0.93,0.93,0.93,0.93,0.91,0.9,0.9,0.1,0.1,0.1,0.1,0.1,0.1,0.1,0.1,0.1,0.1,0.1,0.1,0
A51109,1,0,1,1,0.459386,2,0.076750,NA,9.452054,2.296932,2,0,4,0.9,0.9,0.9,0.91,0.93,0.93,0.93,0.93,0.93,0.91,0.9,0.9,0.1,0.1,0.1,0.1,0.1,0.1,0.1,0.1,0.1,0.1,0.1,0.1,0
A51111,1,0,1,1,0.3,2,0.07675,NA,2.5,2.5,2,0,4,0.9,0.9,0.9,0.91,0.93,0.93,0.93,0.93,0.93,0.91,0.9,0.9,0.1,0.1,0.1,0.1,0.1,0.1,0.1,0.1,0.1,0.1,0.1,0.1,0
A51113,1,0,1,1,1.086671,2,0.076750,NA,22.60274,5.433353,2,0,4,0.9,0.9,0.9,0.91,0.93,0.93,0.93,0.93,0.93,0.91,0.9,0.9,0.1,0.1,0.1,0.1,0.1,0.1,0.1,0.1,0.1,0.1,0.1,0.1,0
A51115,1,0,1,1,0.803858,2,0.076750,NA,4.273973,4.019289,2,0,4,0.9,0.9,0.9,0.91,0.93,0.93,0.93,0.93,0.93,0.91,0.9,0.9,0.1,0.1,0.1,0.1,0.1,0.1,0.1,0.1,0.1,0.1,0.1,0.1,0
A51117,1,0,1,1,0.3,2,0.07675,NA,2.5,2.5,2,0,4,0.9,0.9,0.9,0.91,0.93,0.93,0.93,0.93,0.93,0.91,0.9,0.9,0.1,0.1,0.1,0.1,0.1,0.1,0.1,0.1,0.1,0.1,0.1,0.1,0
A51119,1,0,1,1,2.091337,2,0.076750,NA,12.90411,10.45669,2,0,4,0.9,0.9,0.9,0.91,0.93,0.93,0.93,0.93,0.93,0.91,0.9,0.9,0.1,0.1,0.1,0.1,0.1,0.1,0.1,0.1,0.1,0.1,0.1,0.1,0
A51121,1,0,1,1,2.001097,2,0.076750,NA,17.75343,10.00549,2,0,4,0.9,0.9,0.9,0.91,0.93,0.93,0.93,0.93,0.93,0.91,0.9,0.9,0.1,0.1,0.1,0.1,0.1,0.1,0.1,0.1,0.1,0.1,0.1,0.1,0
A51125,1,0,1,1,1.374250,2,0.076750,NA,16.52055,6.871248,2,0,4,0.9,0.9,0.9,0.91,0.93,0.93,0.93,0.93,0.93,0.91,0.9,0.9,0.1,0.1,0.1,0.1,0.1,0.1,0.1,0.1,0.1,0.1,0.1,0.1,0
A51127,1,0,1,1,2.200442,2,0.076750,NA,10.76712,11.00221,2,0,4,0.9,0.9,0.9,0.91,0.93,0.93,0.93,0.93,0.93,0.91,0.9,0.9,0.1,0.1,0.1,0.1,0.1,0.1,0.1,0.1,0.1,0.1,0.1,0.1,0
A51131,1,0,1,1,0.301123,2,0.076750,NA,4.767123,1.505616,2,0,4,0.9,0.9,0.9,0.91,0.93,0.93,0.93,0.93,0.93,0.91,0.9,0.9,0.1,0.1,0.1,0.1,0.1,0.1,0.1,0.1,0.1,0.1,0.1,0.1,0
A51133,1,0,1,1,1.154745,2,0.076750,NA,9.123287,5.773725,2,0,4,0.9,0.9,0.9,0.91,0.93,0.93,0.93,0.93,0.93,0.91,0.9,0.9,0.1,0.1,0.1,0.1,0.1,0.1,0.1,0.1,0.1,0.1,0.1,0.1,0
A51135,1,0,1,1,0.874008,2,0.076750,NA,18.98630,4.370041,2,0,4,0.9,0.9,0.9,0.91,0.93,0.93,0.93,0.93,0.93,0.91,0.9,0.9,0.1,0.1,0.1,0.1,0.1,0.1,0.1,0.1,0.1,0.1,0.1,0.1,0
A51137,1,0,1,1,0.642577,2,0.076750,NA,15.28767,3.212885,2,0,4,0.9,0.9,0.9,0.91,0.93,0.93,0.93,0.93,0.93,0.91,0.9,0.9,0.1,0.1,0.1,0.1,0.1,0.1,0.1,0.1,0.1,0.1,0.1,0.1,0
A51139,1,0,1,1,1.051795,2,0.076750,NA,16.02740,5.258975,2,0,4,0.9,0.9,0.9,0.91,0.93,0.93,0.93,0.93,0.93,0.91,0.9,0.9,0.1,0.1,0.1,0.1,0.1,0.1,0.1,0.1,0.1,0.1,0.1,0.1,0
A51141,1,0,1,1,0.3,2,0.07675,NA,2.5,2.5,2,0,4,0.9,0.9,0.9,0.91,0.93,0.93,0.93,0.93,0.93,0.91,0.9,0.9,0.1,0.1,0.1,0.1,0.1,0.1,0.1,0.1,0.1,0.1,0.1,0.1,0
A51143,1,0,1,1,0.3,2,0.07675,NA,2.5,2.5,2,0,4,0.9,0.9,0.9,0.91,0.93,0.93,0.93,0.93,0.93,0.91,0.9,0.9,0.1,0.1,0.1,0.1,0.1,0.1,0.1,0.1,0.1,0.1,0.1,0.1,0
A51145,1,0,1,1,0.303044,2,0.076750,NA,6.493151,1.515220,2,0,4,0.9,0.9,0.9,0.91,0.93,0.93,0.93,0.93,0.93,0.91,0.9,0.9,0.1,0.1,0.1,0.1,0.1,0.1,0.1,0.1,0.1,0.1,0.1,0.1,0
A51147,1,0,1,1,0.509179,2,0.076750,NA,9.534246,2.545895,2,0,4,0.9,0.9,0.9,0.91,0.93,0.93,0.93,0.93,0.93,0.91,0.9,0.9,0.1,0.1,0.1,0.1,0.1,0.1,0.1,0.1,0.1,0.1,0.1,0.1,0
A51149,1,0,1,1,5.927005,2,0.076750,NA,18.49315,29.63503,2,0,4,0.9,0.9,0.9,0.91,0.93,0.93,0.93,0.93,0.93,0.91,0.9,0.9,0.1,0.1,0.1,0.1,0.1,0.1,0.1,0.1,0.1,0.1,0.1,0.1,0
A51153,1,0,1,1,0.776576,2,0.076750,NA,7.561644,3.882878,2,0,4,0.9,0.9,0.9,0.91,0.93,0.93,0.93,0.93,0.93,0.91,0.9,0.9,0.1,0.1,0.1,0.1,0.1,0.1,0.1,0.1,0.1,0.1,0.1,0.1,0
A51155,1,0,1,1,0.3,2,0.07675,NA,2.5,2.5,2,0,4,0.9,0.9,0.9,0.91,0.93,0.93,0.93,0.93,0.93,0.91,0.9,0.9,0.1,0.1,0.1,0.1,0.1,0.1,0.1,0.1,0.1,0.1,0.1,0.1,0
A51157,1,0,1,1,2.636919,2,0.076750,NA,31.31507,13.18460,2,0,4,0.9,0.9,0.9,0.91,0.93,0.93,0.93,0.93,0.93,0.91,0.9,0.9,0.1,0.1,0.1,0.1,0.1,0.1,0.1,0.1,0.1,0.1,0.1,0.1,0
A51159,1,0,1,1,0.534340,2,0.076750,NA,1.972603,2.671698,2,0,4,0.9,0.9,0.9,0.91,0.93,0.93,0.93,0.93,0.93,0.91,0.9,0.9,0.1,0.1,0.1,0.1,0.1,0.1,0.1,0.1,0.1,0.1,0.1,0.1,0
A51161,1,0,1,1,1.473571,2,0.076750,NA,14.87671,7.367854,2,0,4,0.9,0.9,0.9,0.91,0.93,0.93,0.93,0.93,0.93,0.91,0.9,0.9,0.1,0.1,0.1,0.1,0.1,0.1,0.1,0.1,0.1,0.1,0.1,0.1,0
A51163,1,0,1,1,1.149980,2,0.076750,NA,15.20548,5.749898,2,0,4,0.9,0.9,0.9,0.91,0.93,0.93,0.93,0.93,0.93,0.91,0.9,0.9,0.1,0.1,0.1,0.1,0.1,0.1,0.1,0.1,0.1,0.1,0.1,0.1,0
A51165,1,0,1,1,2.454710,2,0.076750,NA,23.26027,12.27355,2,0,4,0.9,0.9,0.9,0.91,0.93,0.93,0.93,0.93,0.93,0.91,0.9,0.9,0.1,0.1,0.1,0.1,0.1,0.1,0.1,0.1,0.1,0.1,0.1,0.1,0
A51167,1,0,1,1,0.3,2,0.07675,NA,2.5,2.5,2,0,4,0.9,0.9,0.9,0.91,0.93,0.93,0.93,0.93,0.93,0.91,0.9,0.9,0.1,0.1,0.1,0.1,0.1,0.1,0.1,0.1,0.1,0.1,0.1,0.1,0
A51169,1,0,1,1,0.3,2,0.07675,NA,2.5,2.5,2,0,4,0.9,0.9,0.9,0.91,0.93,0.93,0.93,0.93,0.93,0.91,0.9,0.9,0.1,0.1,0.1,0.1,0.1,0.1,0.1,0.1,0.1,0.1,0.1,0.1,0
A51171,1,0,1,1,1.143217,2,0.076750,NA,17.26027,5.716084,2,0,4,0.9,0.9,0.9,0.91,0.93,0.93,0.93,0.93,0.93,0.91,0.9,0.9,0.1,0.1,0.1,0.1,0.1,0.1,0.1,0.1,0.1,0.1,0.1,0.1,0
A51173,1,0,1,1,0.3,2,0.07675,NA,2.5,2.5,2,0,4,0.9,0.9,0.9,0.91,0.93,0.93,0.93,0.93,0.93,0.91,0.9,0.9,0.1,0.1,0.1,0.1,0.1,0.1,0.1,0.1,0.1,0.1,0.1,0.1,0
A51175,1,0,1,1,0.3,2,0.07675,NA,2.5,2.5,2,0,4,0.9,0.9,0.9,0.91,0.93,0.93,0.93,0.93,0.93,0.91,0.9,0.9,0.1,0.1,0.1,0.1,0.1,0.1,0.1,0.1,0.1,0.1,0.1,0.1,0
A51177,1,0,1,1,0.537702,2,0.076750,NA,11.58904,2.688512,2,0,4,0.9,0.9,0.9,0.91,0.93,0.93,0.93,0.93,0.93,0.91,0.9,0.9,0.1,0.1,0.1,0.1,0.1,0.1,0.1,0.1,0.1,0.1,0.1,0.1,0
A51179,1,0,1,1,1.588663,2,0.076750,NA,26.30137,7.943316,2,0,4,0.9,0.9,0.9,0.91,0.93,0.93,0.93,0.93,0.93,0.91,0.9,0.9,0.1,0.1,0.1,0.1,0.1,0.1,0.1,0.1,0.1,0.1,0.1,0.1,0
A51181,1,0,1,1,2.994934,2,0.076750,NA,15.28767,14.97467,2,0,4,0.9,0.9,0.9,0.91,0.93,0.93,0.93,0.93,0.93,0.91,0.9,0.9,0.1,0.1,0.1,0.1,0.1,0.1,0.1,0.1,0.1,0.1,0.1,0.1,0
A51183,1,0,1,1,0.3,2,0.07675,NA,2.5,2.5,2,0,4,0.9,0.9,0.9,0.91,0.93,0.93,0.93,0.93,0.93,0.91,0.9,0.9,0.1,0.1,0.1,0.1,0.1,0.1,0.1,0.1,0.1,0.1,0.1,0.1,0
A51185,1,0,1,1,0.3,2,0.07675,NA,2.5,2.5,2,0,4,0.9,0.9,0.9,0.91,0.93,0.93,0.93,0.93,0.93,0.91,0.9,0.9,0.1,0.1,0.1,0.1,0.1,0.1,0.1,0.1,0.1,0.1,0.1,0.1,0
A51187,1,0,1,1,0.859110,2,0.076750,NA,15.78082,4.295547,2,0,4,0.9,0.9,0.9,0.91,0.93,0.93,0.93,0.93,0.93,0.91,0.9,0.9,0.1,0.1,0.1,0.1,0.1,0.1,0.1,0.1,0.1,0.1,0.1,0.1,0
A51191,1,0,1,1,0.3,2,0.07675,NA,2.5,2.5,2,0,4,0.9,0.9,0.9,0.91,0.93,0.93,0.93,0.93,0.93,0.91,0.9,0.9,0.1,0.1,0.1,0.1,0.1,0.1,0.1,0.1,0.1,0.1,0.1,0.1,0
A51193,1,0,1,1,0.634569,2,0.076750,NA,2.465754,3.172844,2,0,4,0.9,0.9,0.9,0.91,0.93,0.93,0.93,0.93,0.93,0.91,0.9,0.9,0.1,0.1,0.1,0.1,0.1,0.1,0.1,0.1,0.1,0.1,0.1,0.1,0
A51195,1,0,1,1,0.3,2,0.07675,NA,2.5,2.5,2,0,4,0.9,0.9,0.9,0.91,0.93,0.93,0.93,0.93,0.93,0.91,0.9,0.9,0.1,0.1,0.1,0.1,0.1,0.1,0.1,0.1,0.1,0.1,0.1,0.1,0
A51197,1,0,1,1,0.3,2,0.07675,NA,2.5,2.5,2,0,4,0.9,0.9,0.9,0.91,0.93,0.93,0.93,0.93,0.93,0.91,0.9,0.9,0.1,0.1,0.1,0.1,0.1,0.1,0.1,0.1,0.1,0.1,0.1,0.1,0
A51199,1,0,1,1,2.771978,2,0.076750,NA,7.808219,13.85989,2,0,4,0.9,0.9,0.9,0.91,0.93,0.93,0.93,0.93,0.93,0.91,0.9,0.9,0.1,0.1,0.1,0.1,0.1,0.1,0.1,0.1,0.1,0.1,0.1,0.1,0
A51510,1,0,1,1,5.067625,2,0.076750,NA,7.808219,25.33812,2,0,4,0.9,0.9,0.9,0.91,0.93,0.93,0.93,0.93,0.93,0.91,0.9,0.9,0.1,0.1,0.1,0.1,0.1,0.1,0.1,0.1,0.1,0.1,0.1,0.1,0
A51515,1,0,1,1,0.3,2,0.07675,NA,2.5,2.5,2,0,4,0.9,0.9,0.9,0.91,0.93,0.93,0.93,0.93,0.93,0.91,0.9,0.9,0.1,0.1,0.1,0.1,0.1,0.1,0.1,0.1,0.1,0.1,0.1,0.1,0
A51520,1,0,1,1,0.3,2,0.07675,NA,2.5,2.5,2,0,4,0.9,0.9,0.9,0.91,0.93,0.93,0.93,0.93,0.93,0.91,0.9,0.9,0.1,0.1,0.1,0.1,0.1,0.1,0.1,0.1,0.1,0.1,0.1,0.1,0
A51530,1,0,1,1,0.326191,2,0.076750,NA,7.808219,1.630955,2,0,4,0.9,0.9,0.9,0.91,0.93,0.93,0.93,0.93,0.93,0.91,0.9,0.9,0.1,0.1,0.1,0.1,0.1,0.1,0.1,0.1,0.1,0.1,0.1,0.1,0
A51540,1,0,1,1,0.245879,2,0.076750,NA,7.808219,1.229394,2,0,4,0.9,0.9,0.9,0.91,0.93,0.93,0.93,0.93,0.93,0.91,0.9,0.9,0.1,0.1,0.1,0.1,0.1,0.1,0.1,0.1,0.1,0.1,0.1,0.1,0
A51550,1,0,1,1,1.951536,2,0.076750,NA,5.424657,9.757680,2,0,4,0.9,0.9,0.9,0.91,0.93,0.93,0.93,0.93,0.93,0.91,0.9,0.9,0.1,0.1,0.1,0.1,0.1,0.1,0.1,0.1,0.1,0.1,0.1,0.1,0
A51570,1,0,1,1,1.045299,2,0.076750,NA,5.424657,5.226496,2,0,4,0.9,0.9,0.9,0.91,0.93,0.93,0.93,0.93,0.93,0.91,0.9,0.9,0.1,0.1,0.1,0.1,0.1,0.1,0.1,0.1,0.1,0.1,0.1,0.1,0
A51580,1,0,1,1,0.252345,2,0.076750,NA,5.424657,1.261723,2,0,4,0.9,0.9,0.9,0.91,0.93,0.93,0.93,0.93,0.93,0.91,0.9,0.9,0.1,0.1,0.1,0.1,0.1,0.1,0.1,0.1,0.1,0.1,0.1,0.1,0
A51590,1,0,1,1,0.3,2,0.07675,NA,2.5,2.5,2,0,4,0.9,0.9,0.9,0.91,0.93,0.93,0.93,0.93,0.93,0.91,0.9,0.9,0.1,0.1,0.1,0.1,0.1,0.1,0.1,0.1,0.1,0.1,0.1,0.1,0
A51595,1,0,1,1,0.3,2,0.07675,NA,2.5,2.5,2,0,4,0.9,0.9,0.9,0.91,0.93,0.93,0.93,0.93,0.93,0.91,0.9,0.9,0.1,0.1,0.1,0.1,0.1,0.1,0.1,0.1,0.1,0.1,0.1,0.1,0
A51600,1,0,1,1,0.497704,2,0.076750,NA,5.424657,2.488522,2,0,4,0.9,0.9,0.9,0.91,0.93,0.93,0.93,0.93,0.93,0.91,0.9,0.9,0.1,0.1,0.1,0.1,0.1,0.1,0.1,0.1,0.1,0.1,0.1,0.1,0
A51610,1,0,1,1,3.581031,2,0.076750,NA,5.424657,17.90515,2,0,4,0.9,0.9,0.9,0.91,0.93,0.93,0.93,0.93,0.93,0.91,0.9,0.9,0.1,0.1,0.1,0.1,0.1,0.1,0.1,0.1,0.1,0.1,0.1,0.1,0
A51620,1,0,1,1,0.3,2,0.07675,NA,2.5,2.5,2,0,4,0.9,0.9,0.9,0.91,0.93,0.93,0.93,0.93,0.93,0.91,0.9,0.9,0.1,0.1,0.1,0.1,0.1,0.1,0.1,0.1,0.1,0.1,0.1,0.1,0
A51630,1,0,1,1,0.362519,2,0.076750,NA,5.424657,1.812595,2,0,4,0.9,0.9,0.9,0.91,0.93,0.93,0.93,0.93,0.93,0.91,0.9,0.9,0.1,0.1,0.1,0.1,0.1,0.1,0.1,0.1,0.1,0.1,0.1,0.1,0
A51640,1,0,1,1,0.3,2,0.07675,NA,2.5,2.5,2,0,4,0.9,0.9,0.9,0.91,0.93,0.93,0.93,0.93,0.93,0.91,0.9,0.9,0.1,0.1,0.1,0.1,0.1,0.1,0.1,0.1,0.1,0.1,0.1,0.1,0
A51650,1,0,1,1,1.480191,2,0.076750,NA,5.424657,7.400954,2,0,4,0.9,0.9,0.9,0.91,0.93,0.93,0.93,0.93,0.93,0.91,0.9,0.9,0.1,0.1,0.1,0.1,0.1,0.1,0.1,0.1,0.1,0.1,0.1,0.1,0
A51660,1,0,1,1,1.110526,2,0.076750,NA,5.424657,5.552629,2,0,4,0.9,0.9,0.9,0.91,0.93,0.93,0.93,0.93,0.93,0.91,0.9,0.9,0.1,0.1,0.1,0.1,0.1,0.1,0.1,0.1,0.1,0.1,0.1,0.1,0
A51670,1,0,1,1,0.847101,2,0.076750,NA,5.424657,4.235507,2,0,4,0.9,0.9,0.9,0.91,0.93,0.93,0.93,0.93,0.93,0.91,0.9,0.9,0.1,0.1,0.1,0.1,0.1,0.1,0.1,0.1,0.1,0.1,0.1,0.1,0
A51678,1,0,1,1,0.441546,2,0.076750,NA,5.424657,2.207732,2,0,4,0.9,0.9,0.9,0.91,0.93,0.93,0.93,0.93,0.93,0.91,0.9,0.9,0.1,0.1,0.1,0.1,0.1,0.1,0.1,0.1,0.1,0.1,0.1,0.1,0
A51680,1,0,1,1,0.380396,2,0.076750,NA,5.424657,1.901982,2,0,4,0.9,0.9,0.9,0.91,0.93,0.93,0.93,0.93,0.93,0.91,0.9,0.9,0.1,0.1,0.1,0.1,0.1,0.1,0.1,0.1,0.1,0.1,0.1,0.1,0
A51683,1,0,1,1,0.454911,2,0.076750,NA,5.424657,2.274554,2,0,4,0.9,0.9,0.9,0.91,0.93,0.93,0.93,0.93,0.93,0.91,0.9,0.9,0.1,0.1,0.1,0.1,0.1,0.1,0.1,0.1,0.1,0.1,0.1,0.1,0
A51685,1,0,1,1,0.380139,2,0.076750,NA,5.424657,1.900693,2,0,4,0.9,0.9,0.9,0.91,0.93,0.93,0.93,0.93,0.93,0.91,0.9,0.9,0.1,0.1,0.1,0.1,0.1,0.1,0.1,0.1,0.1,0.1,0.1,0.1,0
A51690,1,0,1,1,0.3,2,0.07675,NA,2.5,2.5,2,0,4,0.9,0.9,0.9,0.91,0.93,0.93,0.93,0.93,0.93,0.91,0.9,0.9,0.1,0.1,0.1,0.1,0.1,0.1,0.1,0.1,0.1,0.1,0.1,0.1,0
A51700,1,0,1,1,2.322408,2,0.076750,NA,5.424657,11.61204,2,0,4,0.9,0.9,0.9,0.91,0.93,0.93,0.93,0.93,0.93,0.91,0.9,0.9,0.1,0.1,0.1,0.1,0.1,0.1,0.1,0.1,0.1,0.1,0.1,0.1,0
A51710,1,0,1,1,1.200973,2,0.076750,NA,5.424657,6.004866,2,0,4,0.9,0.9,0.9,0.91,0.93,0.93,0.93,0.93,0.93,0.91,0.9,0.9,0.1,0.1,0.1,0.1,0.1,0.1,0.1,0.1,0.1,0.1,0.1,0.1,0
A51720,1,0,1,1,0.3,2,0.07675,NA,2.5,2.5,2,0,4,0.9,0.9,0.9,0.91,0.93,0.93,0.93,0.93,0.93,0.91,0.9,0.9,0.1,0.1,0.1,0.1,0.1,0.1,0.1,0.1,0.1,0.1,0.1,0.1,0
A51730,1,0,1,1,1.313202,2,0.076750,NA,5.424657,6.566008,2,0,4,0.9,0.9,0.9,0.91,0.93,0.93,0.93,0.93,0.93,0.91,0.9,0.9,0.1,0.1,0.1,0.1,0.1,0.1,0.1,0.1,0.1,0.1,0.1,0.1,0
A51735,1,0,1,1,2.050146,2,0.076750,NA,5.424657,10.25073,2,0,4,0.9,0.9,0.9,0.91,0.93,0.93,0.93,0.93,0.93,0.91,0.9,0.9,0.1,0.1,0.1,0.1,0.1,0.1,0.1,0.1,0.1,0.1,0.1,0.1,0
A51740,1,0,1,1,1.641443,2,0.076750,NA,5.424657,8.207217,2,0,4,0.9,0.9,0.9,0.91,0.93,0.93,0.93,0.93,0.93,0.91,0.9,0.9,0.1,0.1,0.1,0.1,0.1,0.1,0.1,0.1,0.1,0.1,0.1,0.1,0
A51750,1,0,1,1,0.3,2,0.07675,NA,2.5,2.5,2,0,4,0.9,0.9,0.9,0.91,0.93,0.93,0.93,0.93,0.93,0.91,0.9,0.9,0.1,0.1,0.1,0.1,0.1,0.1,0.1,0.1,0.1,0.1,0.1,0.1,0
A51760,1,0,1,1,0.692022,2,0.076750,NA,5.424657,3.460112,2,0,4,0.9,0.9,0.9,0.91,0.93,0.93,0.93,0.93,0.93,0.91,0.9,0.9,0.1,0.1,0.1,0.1,0.1,0.1,0.1,0.1,0.1,0.1,0.1,0.1,0
A51770,1,0,1,1,0.3,2,0.07675,NA,2.5,2.5,2,0,4,0.9,0.9,0.9,0.91,0.93,0.93,0.93,0.93,0.93,0.91,0.9,0.9,0.1,0.1,0.1,0.1,0.1,0.1,0.1,0.1,0.1,0.1,0.1,0.1,0
A51775,1,0,1,1,0.3,2,0.07675,NA,2.5,2.5,2,0,4,0.9,0.9,0.9,0.91,0.93,0.93,0.93,0.93,0.93,0.91,0.9,0.9,0.1,0.1,0.1,0.1,0.1,0.1,0.1,0.1,0.1,0.1,0.1,0.1,0
A51790,1,0,1,1,0.346196,2,0.076750,NA,5.424657,1.730978,2,0,4,0.9,0.9,0.9,0.91,0.93,0.93,0.93,0.93,0.93,0.91,0.9,0.9,0.1,0.1,0.1,0.1,0.1,0.1,0.1,0.1,0.1,0.1,0.1,0.1,0
A51800,1,0,1,1,0.598622,2,0.076750,NA,7.808219,2.993109,2,0,4,0.9,0.9,0.9,0.91,0.93,0.93,0.93,0.93,0.93,0.91,0.9,0.9,0.1,0.1,0.1,0.1,0.1,0.1,0.1,0.1,0.1,0.1,0.1,0.1,0
A51810,1,0,1,1,1.475036,2,0.076750,NA,4.931507,7.375179,2,0,4,0.9,0.9,0.9,0.91,0.93,0.93,0.93,0.93,0.93,0.91,0.9,0.9,0.1,0.1,0.1,0.1,0.1,0.1,0.1,0.1,0.1,0.1,0.1,0.1,0
A51820,1,0,1,1,0.203663,2,0.076750,NA,4.931507,1.018317,2,0,4,0.9,0.9,0.9,0.91,0.93,0.93,0.93,0.93,0.93,0.91,0.9,0.9,0.1,0.1,0.1,0.1,0.1,0.1,0.1,0.1,0.1,0.1,0.1,0.1,0
A51830,1,0,1,1,0.693126,2,0.076750,NA,4.931507,3.465629,2,0,4,0.9,0.9,0.9,0.91,0.93,0.93,0.93,0.93,0.93,0.91,0.9,0.9,0.1,0.1,0.1,0.1,0.1,0.1,0.1,0.1,0.1,0.1,0.1,0.1,0
A51840,1,0,1,1,0.315606,2,0.076750,NA,4.931507,1.578029,2,0,4,0.9,0.9,0.9,0.91,0.93,0.93,0.93,0.93,0.93,0.91,0.9,0.9,0.1,0.1,0.1,0.1,0.1,0.1,0.1,0.1,0.1,0.1,0.1,0.1,0
A54003,1,0,1,1,0.820033,2,0.076750,NA,5.178082,4.100166,2,0,4,0.9,0.9,0.9,0.91,0.93,0.93,0.93,0.93,0.93,0.91,0.9,0.9,0.1,0.1,0.1,0.1,0.1,0.1,0.1,0.1,0.1,0.1,0.1,0.1,0
A54023,1,0,1,1,0.121560,2,0.076750,NA,1.808219,0.607802,2,0,4,0.9,0.9,0.9,0.91,0.93,0.93,0.93,0.93,0.93,0.91,0.9,0.9,0.1,0.1,0.1,0.1,0.1,0.1,0.1,0.1,0.1,0.1,0.1,0.1,0
A54027,1,0,1,1,0.186242,2,0.076750,NA,3.041096,0.931210,2,0,4,0.9,0.9,0.9,0.91,0.93,0.93,0.93,0.93,0.93,0.91,0.9,0.9,0.1,0.1,0.1,0.1,0.1,0.1,0.1,0.1,0.1,0.1,0.1,0.1,0
A54031,1,0,1,1,0.167873,2,0.076750,NA,3.945205,0.839363,2,0,4,0.9,0.9,0.9,0.91,0.93,0.93,0.93,0.93,0.93,0.91,0.9,0.9,0.1,0.1,0.1,0.1,0.1,0.1,0.1,0.1,0.1,0.1,0.1,0.1,0
A54037,1,0,1,1,0.954489,2,0.076750,NA,4.684931,4.772447,2,0,4,0.9,0.9,0.9,0.91,0.93,0.93,0.93,0.93,0.93,0.91,0.9,0.9,0.1,0.1,0.1,0.1,0.1,0.1,0.1,0.1,0.1,0.1,0.1,0.1,0
A54057,1,0,1,1,0.076277,2,0.076750,NA,1.479452,0.381386,2,0,4,0.9,0.9,0.9,0.91,0.93,0.93,0.93,0.93,0.93,0.91,0.9,0.9,0.1,0.1,0.1,0.1,0.1,0.1,0.1,0.1,0.1,0.1,0.1,0.1,0
A54063,1,0,1,1,0.671408,2,0.076750,NA,17.75343,3.357038,2,0,4,0.9,0.9,0.9,0.91,0.93,0.93,0.93,0.93,0.93,0.91,0.9,0.9,0.1,0.1,0.1,0.1,0.1,0.1,0.1,0.1,0.1,0.1,0.1,0.1,0
A54065,1,0,1,1,0.988598,2,0.076750,NA,22.10959,4.942988,2,0,4,0.9,0.9,0.9,0.91,0.93,0.93,0.93,0.93,0.93,0.91,0.9,0.9,0.1,0.1,0.1,0.1,0.1,0.1,0.1,0.1,0.1,0.1,0.1,0.1,0
A54071,1,0,1,1,0.229051,2,0.076750,NA,2.958904,1.145256,2,0,4,0.9,0.9,0.9,0.91,0.93,0.93,0.93,0.93,0.93,0.91,0.9,0.9,0.1,0.1,0.1,0.1,0.1,0.1,0.1,0.1,0.1,0.1,0.1,0.1,0
A54077,1,0,1,1,0.727055,2,0.076750,NA,16.76712,3.635276,2,0,4,0.9,0.9,0.9,0.91,0.93,0.93,0.93,0.93,0.93,0.91,0.9,0.9,0.1,0.1,0.1,0.1,0.1,0.1,0.1,0.1,0.1,0.1,0.1,0.1,0
A54093,1,0,1,1,0.020000,2,0.076750,NA,0.246575,0.100000,2,0,4,0.9,0.9,0.9,0.91,0.93,0.93,0.93,0.93,0.93,0.91,0.9,0.9,0.1,0.1,0.1,0.1,0.1,0.1,0.1,0.1,0.1,0.1,0.1,0.1,0
B24001,1,0,1,1,0.337500,2,0.076750,NA,8.547945,1.687502,2,0,4,0.9,0.9,0.9,0.91,0.93,0.93,0.93,0.93,0.93,0.91,0.9,0.9,0.1,0.1,0.1,0.1,0.1,0.1,0.1,0.1,0.1,0.1,0.1,0.1,0
B24021,1,0,1,1,2.342505,2,0.076750,NA,20.21918,11.71252,2,0,4,0.9,0.9,0.9,0.91,0.93,0.93,0.93,0.93,0.93,0.91,0.9,0.9,0.1,0.1,0.1,0.1,0.1,0.1,0.1,0.1,0.1,0.1,0.1,0.1,0
B37005,1,0,1,1,0.3,2,0.07675,NA,2.5,2.5,2,0,4,0.9,0.9,0.9,0.91,0.93,0.93,0.93,0.93,0.93,0.91,0.9,0.9,0.1,0.1,0.1,0.1,0.1,0.1,0.1,0.1,0.1,0.1,0.1,0.1,0
B37009,1,0,1,1,0.3,2,0.07675,NA,2.5,2.5,2,0,4,0.9,0.9,0.9,0.91,0.93,0.93,0.93,0.93,0.93,0.91,0.9,0.9,0.1,0.1,0.1,0.1,0.1,0.1,0.1,0.1,0.1,0.1,0.1,0.1,0
B42001,1,0,1,1,0.434296,2,0.076750,NA,11.83562,2.171479,2,0,4,0.9,0.9,0.9,0.91,0.93,0.93,0.93,0.93,0.93,0.91,0.9,0.9,0.1,0.1,0.1,0.1,0.1,0.1,0.1,0.1,0.1,0.1,0.1,0.1,0
B42009,1,0,1,1,0.575862,2,0.076750,NA,12.08219,2.879309,2,0,4,0.9,0.9,0.9,0.91,0.93,0.93,0.93,0.93,0.93,0.91,0.9,0.9,0.1,0.1,0.1,0.1,0.1,0.1,0.1,0.1,0.1,0.1,0.1,0.1,0
B42015,1,0,1,1,0.570856,2,0.076750,NA,12.16438,2.854282,2,0,4,0.9,0.9,0.9,0.91,0.93,0.93,0.93,0.93,0.93,0.91,0.9,0.9,0.1,0.1,0.1,0.1,0.1,0.1,0.1,0.1,0.1,0.1,0.1,0.1,0
B42027,1,0,1,1,1.878962,2,0.076750,NA,15.69863,9.394809,2,0,4,0.9,0.9,0.9,0.91,0.93,0.93,0.93,0.93,0.93,0.91,0.9,0.9,0.1,0.1,0.1,0.1,0.1,0.1,0.1,0.1,0.1,0.1,0.1,0.1,0
B42035,1,0,1,1,0.539494,2,0.076750,NA,7.397260,2.697472,2,0,4,0.9,0.9,0.9,0.91,0.93,0.93,0.93,0.93,0.93,0.91,0.9,0.9,0.1,0.1,0.1,0.1,0.1,0.1,0.1,0.1,0.1,0.1,0.1,0.1,0
B42041,1,0,1,1,4.909722,2,0.076750,NA,15.78082,24.54861,2,0,4,0.9,0.9,0.9,0.91,0.93,0.93,0.93,0.93,0.93,0.91,0.9,0.9,0.1,0.1,0.1,0.1,0.1,0.1,0.1,0.1,0.1,0.1,0.1,0.1,0
B42043,1,0,1,1,0.821836,2,0.076750,NA,11.09589,4.109181,2,0,4,0.9,0.9,0.9,0.91,0.93,0.93,0.93,0.93,0.93,0.91,0.9,0.9,0.1,0.1,0.1,0.1,0.1,0.1,0.1,0.1,0.1,0.1,0.1,0.1,0
B42055,1,0,1,1,3.136823,2,0.076750,NA,16.43836,15.68411,2,0,4,0.9,0.9,0.9,0.91,0.93,0.93,0.93,0.93,0.93,0.91,0.9,0.9,0.1,0.1,0.1,0.1,0.1,0.1,0.1,0.1,0.1,0.1,0.1,0.1,0
B42079,1,0,1,1,0.394280,2,0.076750,NA,7.232876,1.971402,2,0,4,0.9,0.9,0.9,0.91,0.93,0.93,0.93,0.93,0.93,0.91,0.9,0.9,0.1,0.1,0.1,0.1,0.1,0.1,0.1,0.1,0.1,0.1,0.1,0.1,0
B42081,1,0,1,1,3.157432,2,0.076750,NA,14.87671,15.78716,2,0,4,0.9,0.9,0.9,0.91,0.93,0.93,0.93,0.93,0.93,0.91,0.9,0.9,0.1,0.1,0.1,0.1,0.1,0.1,0.1,0.1,0.1,0.1,0.1,0.1,0
B42119,1,0,1,1,0.574825,2,0.076750,NA,11.75342,2.874127,2,0,4,0.9,0.9,0.9,0.91,0.93,0.93,0.93,0.93,0.93,0.91,0.9,0.9,0.1,0.1,0.1,0.1,0.1,0.1,0.1,0.1,0.1,0.1,0.1,0.1,0
B42131,1,0,1,1,0.551165,2,0.076750,NA,11.01370,2.755825,2,0,4,0.9,0.9,0.9,0.91,0.93,0.93,0.93,0.93,0.93,0.91,0.9,0.9,0.1,0.1,0.1,0.1,0.1,0.1,0.1,0.1,0.1,0.1,0.1,0.1,0
B51003,1,0,1,1,0.133973,2,0.076750,NA,2.219178,0.669867,2,0,4,0.9,0.9,0.9,0.91,0.93,0.93,0.93,0.93,0.93,0.91,0.9,0.9,0.1,0.1,0.1,0.1,0.1,0.1,0.1,0.1,0.1,0.1,0.1,0.1,0
B51009,1,0,1,1,0.248216,2,0.076750,NA,6.575343,1.241078,2,0,4,0.9,0.9,0.9,0.91,0.93,0.93,0.93,0.93,0.93,0.91,0.9,0.9,0.1,0.1,0.1,0.1,0.1,0.1,0.1,0.1,0.1,0.1,0.1,0.1,0
B51015,1,0,1,1,1.693342,2,0.076750,NA,26.38356,8.466712,2,0,4,0.9,0.9,0.9,0.91,0.93,0.93,0.93,0.93,0.93,0.91,0.9,0.9,0.1,0.1,0.1,0.1,0.1,0.1,0.1,0.1,0.1,0.1,0.1,0.1,0
B51017,1,0,1,1,0.060884,2,0.076750,NA,1.561644,0.304420,2,0,4,0.9,0.9,0.9,0.91,0.93,0.93,0.93,0.93,0.93,0.91,0.9,0.9,0.1,0.1,0.1,0.1,0.1,0.1,0.1,0.1,0.1,0.1,0.1,0.1,0
B51019,1,0,1,1,0.708785,2,0.076750,NA,7.315069,3.543924,2,0,4,0.9,0.9,0.9,0.91,0.93,0.93,0.93,0.93,0.93,0.91,0.9,0.9,0.1,0.1,0.1,0.1,0.1,0.1,0.1,0.1,0.1,0.1,0.1,0.1,0
B51023,1,0,1,1,0.848500,2,0.076750,NA,17.83562,4.242502,2,0,4,0.9,0.9,0.9,0.91,0.93,0.93,0.93,0.93,0.93,0.91,0.9,0.9,0.1,0.1,0.1,0.1,0.1,0.1,0.1,0.1,0.1,0.1,0.1,0.1,0
B51035,1,0,1,1,0.3,2,0.07675,NA,2.5,2.5,2,0,4,0.9,0.9,0.9,0.91,0.93,0.93,0.93,0.93,0.93,0.91,0.9,0.9,0.1,0.1,0.1,0.1,0.1,0.1,0.1,0.1,0.1,0.1,0.1,0.1,0
B51061,1,0,1,1,1.045338,2,0.076750,NA,10.02740,5.226688,2,0,4,0.9,0.9,0.9,0.91,0.93,0.93,0.93,0.93,0.93,0.91,0.9,0.9,0.1,0.1,0.1,0.1,0.1,0.1,0.1,0.1,0.1,0.1,0.1,0.1,0
B51067,1,0,1,1,0.3,2,0.07675,NA,2.5,2.5,2,0,4,0.9,0.9,0.9,0.91,0.93,0.93,0.93,0.93,0.93,0.91,0.9,0.9,0.1,0.1,0.1,0.1,0.1,0.1,0.1,0.1,0.1,0.1,0.1,0.1,0
B51071,1,0,1,1,0.3,2,0.07675,NA,2.5,2.5,2,0,4,0.9,0.9,0.9,0.91,0.93,0.93,0.93,0.93,0.93,0.91,0.9,0.9,0.1,0.1,0.1,0.1,0.1,0.1,0.1,0.1,0.1,0.1,0.1,0.1,0
B51077,1,0,1,1,0.3,2,0.07675,NA,2.5,2.5,2,0,4,0.9,0.9,0.9,0.91,0.93,0.93,0.93,0.93,0.93,0.91,0.9,0.9,0.1,0.1,0.1,0.1,0.1,0.1,0.1,0.1,0.1,0.1,0.1,0.1,0
B51079,1,0,1,1,0.302057,2,0.076750,NA,10.02740,1.510285,2,0,4,0.9,0.9,0.9,0.91,0.93,0.93,0.93,0.93,0.93,0.91,0.9,0.9,0.1,0.1,0.1,0.1,0.1,0.1,0.1,0.1,0.1,0.1,0.1,0.1,0
B51091,1,0,1,1,0.046416,2,0.076750,NA,0.904109,0.232080,2,0,4,0.9,0.9,0.9,0.91,0.93,0.93,0.93,0.93,0.93,0.91,0.9,0.9,0.1,0.1,0.1,0.1,0.1,0.1,0.1,0.1,0.1,0.1,0.1,0.1,0
B51105,1,0,1,1,0.3,2,0.07675,NA,2.5,2.5,2,0,4,0.9,0.9,0.9,0.91,0.93,0.93,0.93,0.93,0.93,0.91,0.9,0.9,0.1,0.1,0.1,0.1,0.1,0.1,0.1,0.1,0.1,0.1,0.1,0.1,0
B51113,1,0,1,1,0.891934,2,0.076750,NA,22.60274,4.459669,2,0,4,0.9,0.9,0.9,0.91,0.93,0.93,0.93,0.93,0.93,0.91,0.9,0.9,0.1,0.1,0.1,0.1,0.1,0.1,0.1,0.1,0.1,0.1,0.1,0.1,0
B51125,1,0,1,1,1.426005,2,0.076750,NA,16.52055,7.130027,2,0,4,0.9,0.9,0.9,0.91,0.93,0.93,0.93,0.93,0.93,0.91,0.9,0.9,0.1,0.1,0.1,0.1,0.1,0.1,0.1,0.1,0.1,0.1,0.1,0.1,0
B51139,1,0,1,1,1.012064,2,0.076750,NA,16.02740,5.060322,2,0,4,0.9,0.9,0.9,0.91,0.93,0.93,0.93,0.93,0.93,0.91,0.9,0.9,0.1,0.1,0.1,0.1,0.1,0.1,0.1,0.1,0.1,0.1,0.1,0.1,0
B51141,1,0,1,1,0.3,2,0.07675,NA,2.5,2.5,2,0,4,0.9,0.9,0.9,0.91,0.93,0.93,0.93,0.93,0.93,0.91,0.9,0.9,0.1,0.1,0.1,0.1,0.1,0.1,0.1,0.1,0.1,0.1,0.1,0.1,0
B51157,1,0,1,1,2.057487,2,0.076750,NA,31.31507,10.28744,2,0,4,0.9,0.9,0.9,0.91,0.93,0.93,0.93,0.93,0.93,0.91,0.9,0.9,0.1,0.1,0.1,0.1,0.1,0.1,0.1,0.1,0.1,0.1,0.1,0.1,0
B51161,1,0,1,1,0.3,2,0.07675,NA,2.5,2.5,2,0,4,0.9,0.9,0.9,0.91,0.93,0.93,0.93,0.93,0.93,0.91,0.9,0.9,0.1,0.1,0.1,0.1,0.1,0.1,0.1,0.1,0.1,0.1,0.1,0.1,0
B51163,1,0,1,1,1.083031,2,0.076750,NA,15.20548,5.415155,2,0,4,0.9,0.9,0.9,0.91,0.93,0.93,0.93,0.93,0.93,0.91,0.9,0.9,0.1,0.1,0.1,0.1,0.1,0.1,0.1,0.1,0.1,0.1,0.1,0.1,0
B51165,1,0,1,1,1.552773,2,0.076750,NA,23.26027,7.763867,2,0,4,0.9,0.9,0.9,0.91,0.93,0.93,0.93,0.93,0.93,0.91,0.9,0.9,0.1,0.1,0.1,0.1,0.1,0.1,0.1,0.1,0.1,0.1,0.1,0.1,0
B51167,1,0,1,1,0.3,2,0.07675,NA,2.5,2.5,2,0,4,0.9,0.9,0.9,0.91,0.93,0.93,0.93,0.93,0.93,0.91,0.9,0.9,0.1,0.1,0.1,0.1,0.1,0.1,0.1,0.1,0.1,0.1,0.1,0.1,0
B51169,1,0,1,1,0.3,2,0.07675,NA,2.5,2.5,2,0,4,0.9,0.9,0.9,0.91,0.93,0.93,0.93,0.93,0.93,0.91,0.9,0.9,0.1,0.1,0.1,0.1,0.1,0.1,0.1,0.1,0.1,0.1,0.1,0.1,0
B51171,1,0,1,1,0.941747,2,0.076750,NA,17.26027,4.708733,2,0,4,0.9,0.9,0.9,0.91,0.93,0.93,0.93,0.93,0.93,0.91,0.9,0.9,0.1,0.1,0.1,0.1,0.1,0.1,0.1,0.1,0.1,0.1,0.1,0.1,0
B51173,1,0,1,1,0.3,2,0.07675,NA,2.5,2.5,2,0,4,0.9,0.9,0.9,0.91,0.93,0.93,0.93,0.93,0.93,0.91,0.9,0.9,0.1,0.1,0.1,0.1,0.1,0.1,0.1,0.1,0.1,0.1,0.1,0.1,0
B51185,1,0,1,1,0.3,2,0.07675,NA,2.5,2.5,2,0,4,0.9,0.9,0.9,0.91,0.93,0.93,0.93,0.93,0.93,0.91,0.9,0.9,0.1,0.1,0.1,0.1,0.1,0.1,0.1,0.1,0.1,0.1,0.1,0.1,0
B51187,1,0,1,1,0.710229,2,0.076750,NA,15.78082,3.551144,2,0,4,0.9,0.9,0.9,0.91,0.93,0.93,0.93,0.93,0.93,0.91,0.9,0.9,0.1,0.1,0.1,0.1,0.1,0.1,0.1,0.1,0.1,0.1,0.1,0.1,0
B51191,1,0,1,1,0.3,2,0.07675,NA,2.5,2.5,2,0,4,0.9,0.9,0.9,0.91,0.93,0.93,0.93,0.93,0.93,0.91,0.9,0.9,0.1,0.1,0.1,0.1,0.1,0.1,0.1,0.1,0.1,0.1,0.1,0.1,0
B51195,1,0,1,1,0.3,2,0.07675,NA,2.5,2.5,2,0,4,0.9,0.9,0.9,0.91,0.93,0.93,0.93,0.93,0.93,0.91,0.9,0.9,0.1,0.1,0.1,0.1,0.1,0.1,0.1,0.1,0.1,0.1,0.1,0.1,0
B51197,1,0,1,1,0.3,2,0.07675,NA,2.5,2.5,2,0,4,0.9,0.9,0.9,0.91,0.93,0.93,0.93,0.93,0.93,0.91,0.9,0.9,0.1,0.1,0.1,0.1,0.1,0.1,0.1,0.1,0.1,0.1,0.1,0.1,0
B54023,1,0,1,1,0.157768,2,0.076750,NA,1.808219,0.788840,2,0,4,0.9,0.9,0.9,0.91,0.93,0.93,0.93,0.93,0.93,0.91,0.9,0.9,0.1,0.1,0.1,0.1,0.1,0.1,0.1,0.1,0.1,0.1,0.1,0.1,0
B54031,1,0,1,1,0.206631,2,0.076750,NA,3.945205,1.033153,2,0,4,0.9,0.9,0.9,0.91,0.93,0.93,0.93,0.93,0.93,0.91,0.9,0.9,0.1,0.1,0.1,0.1,0.1,0.1,0.1,0.1,0.1,0.1,0.1,0.1,0
B54057,1,0,1,1,0.135815,2,0.076750,NA,1.479452,0.679077,2,0,4,0.9,0.9,0.9,0.91,0.93,0.93,0.93,0.93,0.93,0.91,0.9,0.9,0.1,0.1,0.1,0.1,0.1,0.1,0.1,0.1,0.1,0.1,0.1,0.1,0
B54071,1,0,1,1,0.345054,2,0.076750,NA,2.958904,1.725269,2,0,4,0.9,0.9,0.9,0.91,0.93,0.93,0.93,0.93,0.93,0.91,0.9,0.9,0.1,0.1,0.1,0.1,0.1,0.1,0.1,0.1,0.1,0.1,0.1,0.1,0
C42009,1,0,1,1,0.501739,2,0.076750,NA,12.08219,2.508693,2,0,4,0.9,0.9,0.9,0.91,0.93,0.93,0.93,0.93,0.93,0.91,0.9,0.9,0.1,0.1,0.1,0.1,0.1,0.1,0.1,0.1,0.1,0.1,0.1,0.1,0
C51015,1,0,1,1,1.113651,2,0.076750,NA,26.38356,5.568254,2,0,4,0.9,0.9,0.9,0.91,0.93,0.93,0.93,0.93,0.93,0.91,0.9,0.9,0.1,0.1,0.1,0.1,0.1,0.1,0.1,0.1,0.1,0.1,0.1,0.1,0
C51071,1,0,1,1,0.3,2,0.07675,NA,2.5,2.5,2,0,4,0.9,0.9,0.9,0.91,0.93,0.93,0.93,0.93,0.93,0.91,0.9,0.9,0.1,0.1,0.1,0.1,0.1,0.1,0.1,0.1,0.1,0.1,0.1,0.1,0
C51165,1,0,1,1,0.943516,2,0.076750,NA,23.26027,4.717582,2,0,4,0.9,0.9,0.9,0.91,0.93,0.93,0.93,0.93,0.93,0.91,0.9,0.9,0.1,0.1,0.1,0.1,0.1,0.1,0.1,0.1,0.1,0.1,0.1,0.1,0
F10005,1,0,1,1,0.412547,2,0.076750,NA,2.630137,2.062737,2,0,4,0.9,0.9,0.9,0.91,0.93,0.93,0.93,0.93,0.93,0.91,0.9,0.9,0.1,0.1,0.1,0.1,0.1,0.1,0.1,0.1,0.1,0.1,0.1,0.1,0
F11001,1,0,1,1,0.683724,2,0.076750,NA,2.630137,3.418620,2,0,4,0.9,0.9,0.9,0.91,0.93,0.93,0.93,0.93,0.93,0.91,0.9,0.9,0.1,0.1,0.1,0.1,0.1,0.1,0.1,0.1,0.1,0.1,0.1,0.1,0
F24001,1,0,1,1,0.320236,2,0.076750,NA,8.547945,1.601179,2,0,4,0.9,0.9,0.9,0.91,0.93,0.93,0.93,0.93,0.93,0.91,0.9,0.9,0.1,0.1,0.1,0.1,0.1,0.1,0.1,0.1,0.1,0.1,0.1,0.1,0
F24003,1,0,1,1,2.477906,2,0.076750,NA,21.20548,12.38953,2,0,4,0.9,0.9,0.9,0.91,0.93,0.93,0.93,0.93,0.93,0.91,0.9,0.9,0.1,0.1,0.1,0.1,0.1,0.1,0.1,0.1,0.1,0.1,0.1,0.1,0
F24005,1,0,1,1,17.64740,2,0.076750,NA,26.13699,88.23701,2,0,4,0.9,0.9,0.9,0.91,0.93,0.93,0.93,0.93,0.93,0.91,0.9,0.9,0.1,0.1,0.1,0.1,0.1,0.1,0.1,0.1,0.1,0.1,0.1,0.1,0
F24009,1,0,1,1,5.615187,2,0.076750,NA,46.60274,28.07594,2,0,4,0.9,0.9,0.9,0.91,0.93,0.93,0.93,0.93,0.93,0.91,0.9,0.9,0.1,0.1,0.1,0.1,0.1,0.1,0.1,0.1,0.1,0.1,0.1,0.1,0
F24013,1,0,1,1,0.622703,2,0.076750,NA,8.630136,3.113514,2,0,4,0.9,0.9,0.9,0.91,0.93,0.93,0.93,0.93,0.93,0.91,0.9,0.9,0.1,0.1,0.1,0.1,0.1,0.1,0.1,0.1,0.1,0.1,0.1,0.1,0
F24015,1,0,1,1,0.960069,2,0.076750,NA,14.38356,4.800344,2,0,4,0.9,0.9,0.9,0.91,0.93,0.93,0.93,0.93,0.93,0.91,0.9,0.9,0.1,0.1,0.1,0.1,0.1,0.1,0.1,0.1,0.1,0.1,0.1,0.1,0
F24017,1,0,1,1,3.333007,2,0.076750,NA,30.32877,16.66504,2,0,4,0.9,0.9,0.9,0.91,0.93,0.93,0.93,0.93,0.93,0.91,0.9,0.9,0.1,0.1,0.1,0.1,0.1,0.1,0.1,0.1,0.1,0.1,0.1,0.1,0
F24019,1,0,1,1,0.502260,2,0.076750,NA,5.260274,2.511301,2,0,4,0.9,0.9,0.9,0.91,0.93,0.93,0.93,0.93,0.93,0.91,0.9,0.9,0.1,0.1,0.1,0.1,0.1,0.1,0.1,0.1,0.1,0.1,0.1,0.1,0
F24021,1,0,1,1,4.154532,2,0.076750,NA,20.21918,20.77266,2,0,4,0.9,0.9,0.9,0.91,0.93,0.93,0.93,0.93,0.93,0.91,0.9,0.9,0.1,0.1,0.1,0.1,0.1,0.1,0.1,0.1,0.1,0.1,0.1,0.1,0
F24023,1,0,1,1,0.429959,2,0.076750,NA,9.123287,2.149793,2,0,4,0.9,0.9,0.9,0.91,0.93,0.93,0.93,0.93,0.93,0.91,0.9,0.9,0.1,0.1,0.1,0.1,0.1,0.1,0.1,0.1,0.1,0.1,0.1,0.1,0
F24025,1,0,1,1,3.161882,2,0.076750,NA,14.46575,15.80941,2,0,4,0.9,0.9,0.9,0.91,0.93,0.93,0.93,0.93,0.93,0.91,0.9,0.9,0.1,0.1,0.1,0.1,0.1,0.1,0.1,0.1,0.1,0.1,0.1,0.1,0
F24027,1,0,1,1,6.220658,2,0.076750,NA,16.60274,31.10329,2,0,4,0.9,0.9,0.9,0.91,0.93,0.93,0.93,0.93,0.93,0.91,0.9,0.9,0.1,0.1,0.1,0.1,0.1,0.1,0.1,0.1,0.1,0.1,0.1,0.1,0
F24029,1,0,1,1,1.576812,2,0.076750,NA,11.75342,7.884058,2,0,4,0.9,0.9,0.9,0.91,0.93,0.93,0.93,0.93,0.93,0.91,0.9,0.9,0.1,0.1,0.1,0.1,0.1,0.1,0.1,0.1,0.1,0.1,0.1,0.1,0
F24031,1,0,1,1,10.71638,2,0.076750,NA,23.01370,53.58191,2,0,4,0.9,0.9,0.9,0.91,0.93,0.93,0.93,0.93,0.93,0.91,0.9,0.9,0.1,0.1,0.1,0.1,0.1,0.1,0.1,0.1,0.1,0.1,0.1,0.1,0
F24033,1,0,1,1,3.965511,2,0.076750,NA,46.84931,19.82755,2,0,4,0.9,0.9,0.9,0.91,0.93,0.93,0.93,0.93,0.93,0.91,0.9,0.9,0.1,0.1,0.1,0.1,0.1,0.1,0.1,0.1,0.1,0.1,0.1,0.1,0
F24035,1,0,1,1,1.817575,2,0.076750,NA,9.123287,9.087876,2,0,4,0.9,0.9,0.9,0.91,0.93,0.93,0.93,0.93,0.93,0.91,0.9,0.9,0.1,0.1,0.1,0.1,0.1,0.1,0.1,0.1,0.1,0.1,0.1,0.1,0
F24037,1,0,1,1,1.035740,2,0.076750,NA,16.43836,5.178701,2,0,4,0.9,0.9,0.9,0.91,0.93,0.93,0.93,0.93,0.93,0.91,0.9,0.9,0.1,0.1,0.1,0.1,0.1,0.1,0.1,0.1,0.1,0.1,0.1,0.1,0
F24039,1,0,1,1,0.282651,2,0.076750,NA,4.438356,1.413254,2,0,4,0.9,0.9,0.9,0.91,0.93,0.93,0.93,0.93,0.93,0.91,0.9,0.9,0.1,0.1,0.1,0.1,0.1,0.1,0.1,0.1,0.1,0.1,0.1,0.1,0
F24041,1,0,1,1,0.548988,2,0.076750,NA,4.602740,2.744941,2,0,4,0.9,0.9,0.9,0.91,0.93,0.93,0.93,0.93,0.93,0.91,0.9,0.9,0.1,0.1,0.1,0.1,0.1,0.1,0.1,0.1,0.1,0.1,0.1,0.1,0
F24043,1,0,1,1,3.747876,2,0.076750,NA,13.15069,18.73938,2,0,4,0.9,0.9,0.9,0.91,0.93,0.93,0.93,0.93,0.93,0.91,0.9,0.9,0.1,0.1,0.1,0.1,0.1,0.1,0.1,0.1,0.1,0.1,0.1,0.1,0
F24045,1,0,1,1,0.229964,2,0.076750,NA,5.917808,1.149822,2,0,4,0.9,0.9,0.9,0.91,0.93,0.93,0.93,0.93,0.93,0.91,0.9,0.9,0.1,0.1,0.1,0.1,0.1,0.1,0.1,0.1,0.1,0.1,0.1,0.1,0
F24510,1,0,1,1,0.980470,2,0.076750,NA,6.575343,4.902352,2,0,4,0.9,0.9,0.9,0.91,0.93,0.93,0.93,0.93,0.93,0.91,0.9,0.9,0.1,0.1,0.1,0.1,0.1,0.1,0.1,0.1,0.1,0.1,0.1,0.1,0
F36003,1,0,1,1,0.383846,2,0.076750,NA,5.506849,1.919228,2,0,4,0.9,0.9,0.9,0.91,0.93,0.93,0.93,0.93,0.93,0.91,0.9,0.9,0.1,0.1,0.1,0.1,0.1,0.1,0.1,0.1,0.1,0.1,0.1,0.1,0
F36007,1,0,1,1,1.572024,2,0.076750,NA,5.424657,7.860122,2,0,4,0.9,0.9,0.9,0.91,0.93,0.93,0.93,0.93,0.93,0.91,0.9,0.9,0.1,0.1,0.1,0.1,0.1,0.1,0.1,0.1,0.1,0.1,0.1,0.1,0
F36015,1,0,1,1,0.969177,2,0.076750,NA,8.630136,4.845883,2,0,4,0.9,0.9,0.9,0.91,0.93,0.93,0.93,0.93,0.93,0.91,0.9,0.9,0.1,0.1,0.1,0.1,0.1,0.1,0.1,0.1,0.1,0.1,0.1,0.1,0
F36025,1,0,1,1,1.236520,2,0.076750,NA,7.232876,6.182598,2,0,4,0.9,0.9,0.9,0.91,0.93,0.93,0.93,0.93,0.93,0.91,0.9,0.9,0.1,0.1,0.1,0.1,0.1,0.1,0.1,0.1,0.1,0.1,0.1,0.1,0
F36101,1,0,1,1,2.328190,2,0.076750,NA,8.054794,11.64095,2,0,4,0.9,0.9,0.9,0.91,0.93,0.93,0.93,0.93,0.93,0.91,0.9,0.9,0.1,0.1,0.1,0.1,0.1,0.1,0.1,0.1,0.1,0.1,0.1,0.1,0
F42001,1,0,1,1,0.413385,2,0.076750,NA,11.83562,2.066923,2,0,4,0.9,0.9,0.9,0.91,0.93,0.93,0.93,0.93,0.93,0.91,0.9,0.9,0.1,0.1,0.1,0.1,0.1,0.1,0.1,0.1,0.1,0.1,0.1,0.1,0
F42009,1,0,1,1,0.611263,2,0.076750,NA,12.08219,3.056317,2,0,4,0.9,0.9,0.9,0.91,0.93,0.93,0.93,0.93,0.93,0.91,0.9,0.9,0.1,0.1,0.1,0.1,0.1,0.1,0.1,0.1,0.1,0.1,0.1,0.1,0
F42011,1,0,1,1,0.503777,2,0.076750,NA,17.67123,2.518887,2,0,4,0.9,0.9,0.9,0.91,0.93,0.93,0.93,0.93,0.93,0.91,0.9,0.9,0.1,0.1,0.1,0.1,0.1,0.1,0.1,0.1,0.1,0.1,0.1,0.1,0
F42013,1,0,1,1,0.631771,2,0.076750,NA,9.123287,3.158856,2,0,4,0.9,0.9,0.9,0.91,0.93,0.93,0.93,0.93,0.93,0.91,0.9,0.9,0.1,0.1,0.1,0.1,0.1,0.1,0.1,0.1,0.1,0.1,0.1,0.1,0
F42021,1,0,1,1,1.452801,2,0.076750,NA,8.219178,7.264005,2,0,4,0.9,0.9,0.9,0.91,0.93,0.93,0.93,0.93,0.93,0.91,0.9,0.9,0.1,0.1,0.1,0.1,0.1,0.1,0.1,0.1,0.1,0.1,0.1,0.1,0
F42027,1,0,1,1,1.242881,2,0.076750,NA,15.69863,6.214407,2,0,4,0.9,0.9,0.9,0.91,0.93,0.93,0.93,0.93,0.93,0.91,0.9,0.9,0.1,0.1,0.1,0.1,0.1,0.1,0.1,0.1,0.1,0.1,0.1,0.1,0
F42033,1,0,1,1,0.268408,2,0.076750,NA,2.219178,1.342039,2,0,4,0.9,0.9,0.9,0.91,0.93,0.93,0.93,0.93,0.93,0.91,0.9,0.9,0.1,0.1,0.1,0.1,0.1,0.1,0.1,0.1,0.1,0.1,0.1,0.1,0
F42035,1,0,1,1,0.459040,2,0.076750,NA,7.397260,2.295202,2,0,4,0.9,0.9,0.9,0.91,0.93,0.93,0.93,0.93,0.93,0.91,0.9,0.9,0.1,0.1,0.1,0.1,0.1,0.1,0.1,0.1,0.1,0.1,0.1,0.1,0
F42041,1,0,1,1,4.552451,2,0.076750,NA,15.78082,22.76225,2,0,4,0.9,0.9,0.9,0.91,0.93,0.93,0.93,0.93,0.93,0.91,0.9,0.9,0.1,0.1,0.1,0.1,0.1,0.1,0.1,0.1,0.1,0.1,0.1,0.1,0
F42043,1,0,1,1,0.546060,2,0.076750,NA,11.09589,2.730298,2,0,4,0.9,0.9,0.9,0.91,0.93,0.93,0.93,0.93,0.93,0.91,0.9,0.9,0.1,0.1,0.1,0.1,0.1,0.1,0.1,0.1,0.1,0.1,0.1,0.1,0
F42055,1,0,1,1,1.901422,2,0.076750,NA,16.43836,9.507112,2,0,4,0.9,0.9,0.9,0.91,0.93,0.93,0.93,0.93,0.93,0.91,0.9,0.9,0.1,0.1,0.1,0.1,0.1,0.1,0.1,0.1,0.1,0.1,0.1,0.1,0
F42061,1,0,1,1,1.211162,2,0.076750,NA,15.12329,6.055811,2,0,4,0.9,0.9,0.9,0.91,0.93,0.93,0.93,0.93,0.93,0.91,0.9,0.9,0.1,0.1,0.1,0.1,0.1,0.1,0.1,0.1,0.1,0.1,0.1,0.1,0
F42069,1,0,1,1,1.180268,2,0.076750,NA,4.520548,5.901341,2,0,4,0.9,0.9,0.9,0.91,0.93,0.93,0.93,0.93,0.93,0.91,0.9,0.9,0.1,0.1,0.1,0.1,0.1,0.1,0.1,0.1,0.1,0.1,0.1,0.1,0
F42071,1,0,1,1,1.969226,2,0.076750,NA,21.12329,9.846129,2,0,4,0.9,0.9,0.9,0.91,0.93,0.93,0.93,0.93,0.93,0.91,0.9,0.9,0.1,0.1,0.1,0.1,0.1,0.1,0.1,0.1,0.1,0.1,0.1,0.1,0
F42075,1,0,1,1,0.663625,2,0.076750,NA,17.75343,3.318123,2,0,4,0.9,0.9,0.9,0.91,0.93,0.93,0.93,0.93,0.93,0.91,0.9,0.9,0.1,0.1,0.1,0.1,0.1,0.1,0.1,0.1,0.1,0.1,0.1,0.1,0
F42079,1,0,1,1,0.328861,2,0.076750,NA,7.232876,1.644304,2,0,4,0.9,0.9,0.9,0.91,0.93,0.93,0.93,0.93,0.93,0.91,0.9,0.9,0.1,0.1,0.1,0.1,0.1,0.1,0.1,0.1,0.1,0.1,0.1,0.1,0
F42081,1,0,1,1,2.485240,2,0.076750,NA,14.87671,12.42620,2,0,4,0.9,0.9,0.9,0.91,0.93,0.93,0.93,0.93,0.93,0.91,0.9,0.9,0.1,0.1,0.1,0.1,0.1,0.1,0.1,0.1,0.1,0.1,0.1,0.1,0
F42087,1,0,1,1,0.592453,2,0.076750,NA,13.64384,2.962265,2,0,4,0.9,0.9,0.9,0.91,0.93,0.93,0.93,0.93,0.93,0.91,0.9,0.9,0.1,0.1,0.1,0.1,0.1,0.1,0.1,0.1,0.1,0.1,0.1,0.1,0
F42097,1,0,1,1,2.511790,2,0.076750,NA,21.12329,12.55895,2,0,4,0.9,0.9,0.9,0.91,0.93,0.93,0.93,0.93,0.93,0.91,0.9,0.9,0.1,0.1,0.1,0.1,0.1,0.1,0.1,0.1,0.1,0.1,0.1,0.1,0
F42107,1,0,1,1,0.732865,2,0.076750,NA,14.54795,3.664327,2,0,4,0.9,0.9,0.9,0.91,0.93,0.93,0.93,0.93,0.93,0.91,0.9,0.9,0.1,0.1,0.1,0.1,0.1,0.1,0.1,0.1,0.1,0.1,0.1,0.1,0
F42115,1,0,1,1,0.077642,2,0.076750,NA,2.136986,0.388208,2,0,4,0.9,0.9,0.9,0.91,0.93,0.93,0.93,0.93,0.93,0.91,0.9,0.9,0.1,0.1,0.1,0.1,0.1,0.1,0.1,0.1,0.1,0.1,0.1,0.1,0
F42117,1,0,1,1,0.562612,2,0.076750,NA,9.041097,2.813058,2,0,4,0.9,0.9,0.9,0.91,0.93,0.93,0.93,0.93,0.93,0.91,0.9,0.9,0.1,0.1,0.1,0.1,0.1,0.1,0.1,0.1,0.1,0.1,0.1,0.1,0
F42119,1,0,1,1,0.535442,2,0.076750,NA,11.75342,2.677208,2,0,4,0.9,0.9,0.9,0.91,0.93,0.93,0.93,0.93,0.93,0.91,0.9,0.9,0.1,0.1,0.1,0.1,0.1,0.1,0.1,0.1,0.1,0.1,0.1,0.1,0
F42133,1,0,1,1,1.490571,2,0.076750,NA,23.75343,7.452857,2,0,4,0.9,0.9,0.9,0.91,0.93,0.93,0.93,0.93,0.93,0.91,0.9,0.9,0.1,0.1,0.1,0.1,0.1,0.1,0.1,0.1,0.1,0.1,0.1,0.1,0
F51001,1,0,1,1,0.258909,2,0.076750,NA,4.684931,1.294545,2,0,4,0.9,0.9,0.9,0.91,0.93,0.93,0.93,0.93,0.93,0.91,0.9,0.9,0.1,0.1,0.1,0.1,0.1,0.1,0.1,0.1,0.1,0.1,0.1,0.1,0
F51003,1,0,1,1,0.108147,2,0.076750,NA,2.219178,0.540735,2,0,4,0.9,0.9,0.9,0.91,0.93,0.93,0.93,0.93,0.93,0.91,0.9,0.9,0.1,0.1,0.1,0.1,0.1,0.1,0.1,0.1,0.1,0.1,0.1,0.1,0
F51005,1,0,1,1,0.020000,2,0.076750,NA,0.164384,0.100000,2,0,4,0.9,0.9,0.9,0.91,0.93,0.93,0.93,0.93,0.93,0.91,0.9,0.9,0.1,0.1,0.1,0.1,0.1,0.1,0.1,0.1,0.1,0.1,0.1,0.1,0
F51009,1,0,1,1,0.455341,2,0.076750,NA,6.575343,2.276706,2,0,4,0.9,0.9,0.9,0.91,0.93,0.93,0.93,0.93,0.93,0.91,0.9,0.9,0.1,0.1,0.1,0.1,0.1,0.1,0.1,0.1,0.1,0.1,0.1,0.1,0
F51011,1,0,1,1,0.508212,2,0.076750,NA,10.60274,2.541059,2,0,4,0.9,0.9,0.9,0.91,0.93,0.93,0.93,0.93,0.93,0.91,0.9,0.9,0.1,0.1,0.1,0.1,0.1,0.1,0.1,0.1,0.1,0.1,0.1,0.1,0
F51013,1,0,1,1,1.017522,2,0.076750,NA,10.60274,5.087610,2,0,4,0.9,0.9,0.9,0.91,0.93,0.93,0.93,0.93,0.93,0.91,0.9,0.9,0.1,0.1,0.1,0.1,0.1,0.1,0.1,0.1,0.1,0.1,0.1,0.1,0
F51015,1,0,1,1,0.948706,2,0.076750,NA,26.38356,4.743528,2,0,4,0.9,0.9,0.9,0.91,0.93,0.93,0.93,0.93,0.93,0.91,0.9,0.9,0.1,0.1,0.1,0.1,0.1,0.1,0.1,0.1,0.1,0.1,0.1,0.1,0
F51017,1,0,1,1,0.077960,2,0.076750,NA,1.561644,0.389802,2,0,4,0.9,0.9,0.9,0.91,0.93,0.93,0.93,0.93,0.93,0.91,0.9,0.9,0.1,0.1,0.1,0.1,0.1,0.1,0.1,0.1,0.1,0.1,0.1,0.1,0
F51019,1,0,1,1,0.458206,2,0.076750,NA,7.315069,2.291032,2,0,4,0.9,0.9,0.9,0.91,0.93,0.93,0.93,0.93,0.93,0.91,0.9,0.9,0.1,0.1,0.1,0.1,0.1,0.1,0.1,0.1,0.1,0.1,0.1,0.1,0
F51023,1,0,1,1,1.189045,2,0.076750,NA,17.83562,5.945224,2,0,4,0.9,0.9,0.9,0.91,0.93,0.93,0.93,0.93,0.93,0.91,0.9,0.9,0.1,0.1,0.1,0.1,0.1,0.1,0.1,0.1,0.1,0.1,0.1,0.1,0
F51033,1,0,1,1,1.488116,2,0.076750,NA,10.35616,7.440580,2,0,4,0.9,0.9,0.9,0.91,0.93,0.93,0.93,0.93,0.93,0.91,0.9,0.9,0.1,0.1,0.1,0.1,0.1,0.1,0.1,0.1,0.1,0.1,0.1,0.1,0
F51041,1,0,1,1,0.685564,2,0.076750,NA,12.41096,3.427821,2,0,4,0.9,0.9,0.9,0.91,0.93,0.93,0.93,0.93,0.93,0.91,0.9,0.9,0.1,0.1,0.1,0.1,0.1,0.1,0.1,0.1,0.1,0.1,0.1,0.1,0
F51043,1,0,1,1,0.230664,2,0.076750,NA,4.520548,1.153320,2,0,4,0.9,0.9,0.9,0.91,0.93,0.93,0.93,0.93,0.93,0.91,0.9,0.9,0.1,0.1,0.1,0.1,0.1,0.1,0.1,0.1,0.1,0.1,0.1,0.1,0
F51045,1,0,1,1,1.030875,2,0.076750,NA,7.972603,5.154375,2,0,4,0.9,0.9,0.9,0.91,0.93,0.93,0.93,0.93,0.93,0.91,0.9,0.9,0.1,0.1,0.1,0.1,0.1,0.1,0.1,0.1,0.1,0.1,0.1,0.1,0
F51053,1,0,1,1,0.645831,2,0.076750,NA,26.46575,3.229156,2,0,4,0.9,0.9,0.9,0.91,0.93,0.93,0.93,0.93,0.93,0.91,0.9,0.9,0.1,0.1,0.1,0.1,0.1,0.1,0.1,0.1,0.1,0.1,0.1,0.1,0
F51057,1,0,1,1,3.017967,2,0.076750,NA,13.06849,15.08984,2,0,4,0.9,0.9,0.9,0.91,0.93,0.93,0.93,0.93,0.93,0.91,0.9,0.9,0.1,0.1,0.1,0.1,0.1,0.1,0.1,0.1,0.1,0.1,0.1,0.1,0
F51059,1,0,1,1,0.673423,2,0.076750,NA,11.09589,3.367114,2,0,4,0.9,0.9,0.9,0.91,0.93,0.93,0.93,0.93,0.93,0.91,0.9,0.9,0.1,0.1,0.1,0.1,0.1,0.1,0.1,0.1,0.1,0.1,0.1,0.1,0
F51061,1,0,1,1,0.911129,2,0.076750,NA,10.02740,4.555644,2,0,4,0.9,0.9,0.9,0.91,0.93,0.93,0.93,0.93,0.93,0.91,0.9,0.9,0.1,0.1,0.1,0.1,0.1,0.1,0.1,0.1,0.1,0.1,0.1,0.1,0
F51069,1,0,1,1,0.390319,2,0.076750,NA,8.794520,1.951594,2,0,4,0.9,0.9,0.9,0.91,0.93,0.93,0.93,0.93,0.93,0.91,0.9,0.9,0.1,0.1,0.1,0.1,0.1,0.1,0.1,0.1,0.1,0.1,0.1,0.1,0
F51071,1,0,1,1,0.020000,2,0.076750,NA,0.246575,0.100000,2,0,4,0.9,0.9,0.9,0.91,0.93,0.93,0.93,0.93,0.93,0.91,0.9,0.9,0.1,0.1,0.1,0.1,0.1,0.1,0.1,0.1,0.1,0.1,0.1,0.1,0
F51079,1,0,1,1,0.305412,2,0.076750,NA,10.02740,1.527061,2,0,4,0.9,0.9,0.9,0.91,0.93,0.93,0.93,0.93,0.93,0.91,0.9,0.9,0.1,0.1,0.1,0.1,0.1,0.1,0.1,0.1,0.1,0.1,0.1,0.1,0
F51085,1,0,1,1,2.779037,2,0.076750,NA,14.87671,13.89519,2,0,4,0.9,0.9,0.9,0.91,0.93,0.93,0.93,0.93,0.93,0.91,0.9,0.9,0.1,0.1,0.1,0.1,0.1,0.1,0.1,0.1,0.1,0.1,0.1,0.1,0
F51087,1,0,1,1,2.673786,2,0.076750,NA,13.47945,13.36893,2,0,4,0.9,0.9,0.9,0.91,0.93,0.93,0.93,0.93,0.93,0.91,0.9,0.9,0.1,0.1,0.1,0.1,0.1,0.1,0.1,0.1,0.1,0.1,0.1,0.1,0
F51091,1,0,1,1,0.034416,2,0.076750,NA,0.904109,0.172081,2,0,4,0.9,0.9,0.9,0.91,0.93,0.93,0.93,0.93,0.93,0.91,0.9,0.9,0.1,0.1,0.1,0.1,0.1,0.1,0.1,0.1,0.1,0.1,0.1,0.1,0
F51095,1,0,1,1,2.293245,2,0.076750,NA,12.41096,11.46622,2,0,4,0.9,0.9,0.9,0.91,0.93,0.93,0.93,0.93,0.93,0.91,0.9,0.9,0.1,0.1,0.1,0.1,0.1,0.1,0.1,0.1,0.1,0.1,0.1,0.1,0
F51099,1,0,1,1,0.972804,2,0.076750,NA,5.178082,4.864019,2,0,4,0.9,0.9,0.9,0.91,0.93,0.93,0.93,0.93,0.93,0.91,0.9,0.9,0.1,0.1,0.1,0.1,0.1,0.1,0.1,0.1,0.1,0.1,0.1,0.1,0
F51101,1,0,1,1,0.994012,2,0.076750,NA,11.09589,4.970057,2,0,4,0.9,0.9,0.9,0.91,0.93,0.93,0.93,0.93,0.93,0.91,0.9,0.9,0.1,0.1,0.1,0.1,0.1,0.1,0.1,0.1,0.1,0.1,0.1,0.1,0
F51107,1,0,1,1,0.975180,2,0.076750,NA,10.93151,4.875900,2,0,4,0.9,0.9,0.9,0.91,0.93,0.93,0.93,0.93,0.93,0.91,0.9,0.9,0.1,0.1,0.1,0.1,0.1,0.1,0.1,0.1,0.1,0.1,0.1,0.1,0
F51113,1,0,1,1,0.962160,2,0.076750,NA,22.60274,4.810798,2,0,4,0.9,0.9,0.9,0.91,0.93,0.93,0.93,0.93,0.93,0.91,0.9,0.9,0.1,0.1,0.1,0.1,0.1,0.1,0.1,0.1,0.1,0.1,0.1,0.1,0
F51121,1,0,1,1,1.174399,2,0.076750,NA,17.75343,5.871997,2,0,4,0.9,0.9,0.9,0.91,0.93,0.93,0.93,0.93,0.93,0.91,0.9,0.9,0.1,0.1,0.1,0.1,0.1,0.1,0.1,0.1,0.1,0.1,0.1,0.1,0
F51125,1,0,1,1,0.909562,2,0.076750,NA,16.52055,4.547812,2,0,4,0.9,0.9,0.9,0.91,0.93,0.93,0.93,0.93,0.93,0.91,0.9,0.9,0.1,0.1,0.1,0.1,0.1,0.1,0.1,0.1,0.1,0.1,0.1,0.1,0
F51131,1,0,1,1,0.285977,2,0.076750,NA,4.767123,1.429885,2,0,4,0.9,0.9,0.9,0.91,0.93,0.93,0.93,0.93,0.93,0.91,0.9,0.9,0.1,0.1,0.1,0.1,0.1,0.1,0.1,0.1,0.1,0.1,0.1,0.1,0
F51137,1,0,1,1,0.678182,2,0.076750,NA,15.28767,3.390910,2,0,4,0.9,0.9,0.9,0.91,0.93,0.93,0.93,0.93,0.93,0.91,0.9,0.9,0.1,0.1,0.1,0.1,0.1,0.1,0.1,0.1,0.1,0.1,0.1,0.1,0
F51139,1,0,1,1,0.991396,2,0.076750,NA,16.02740,4.956980,2,0,4,0.9,0.9,0.9,0.91,0.93,0.93,0.93,0.93,0.93,0.91,0.9,0.9,0.1,0.1,0.1,0.1,0.1,0.1,0.1,0.1,0.1,0.1,0.1,0.1,0
F51145,1,0,1,1,0.210485,2,0.076750,NA,6.493151,1.052426,2,0,4,0.9,0.9,0.9,0.91,0.93,0.93,0.93,0.93,0.93,0.91,0.9,0.9,0.1,0.1,0.1,0.1,0.1,0.1,0.1,0.1,0.1,0.1,0.1,0.1,0
F51147,1,0,1,1,0.437992,2,0.076750,NA,9.534246,2.189959,2,0,4,0.9,0.9,0.9,0.91,0.93,0.93,0.93,0.93,0.93,0.91,0.9,0.9,0.1,0.1,0.1,0.1,0.1,0.1,0.1,0.1,0.1,0.1,0.1,0.1,0
F51149,1,0,1,1,4.458505,2,0.076750,NA,18.49315,22.29253,2,0,4,0.9,0.9,0.9,0.91,0.93,0.93,0.93,0.93,0.93,0.91,0.9,0.9,0.1,0.1,0.1,0.1,0.1,0.1,0.1,0.1,0.1,0.1,0.1,0.1,0
F51153,1,0,1,1,0.728280,2,0.076750,NA,7.561644,3.641398,2,0,4,0.9,0.9,0.9,0.91,0.93,0.93,0.93,0.93,0.93,0.91,0.9,0.9,0.1,0.1,0.1,0.1,0.1,0.1,0.1,0.1,0.1,0.1,0.1,0.1,0
F51157,1,0,1,1,2.453145,2,0.076750,NA,31.31507,12.26572,2,0,4,0.9,0.9,0.9,0.91,0.93,0.93,0.93,0.93,0.93,0.91,0.9,0.9,0.1,0.1,0.1,0.1,0.1,0.1,0.1,0.1,0.1,0.1,0.1,0.1,0
F51159,1,0,1,1,0.335440,2,0.076750,NA,1.972603,1.677199,2,0,4,0.9,0.9,0.9,0.91,0.93,0.93,0.93,0.93,0.93,0.91,0.9,0.9,0.1,0.1,0.1,0.1,0.1,0.1,0.1,0.1,0.1,0.1,0.1,0.1,0
F51161,1,0,1,1,0.919658,2,0.076750,NA,14.87671,4.598291,2,0,4,0.9,0.9,0.9,0.91,0.93,0.93,0.93,0.93,0.93,0.91,0.9,0.9,0.1,0.1,0.1,0.1,0.1,0.1,0.1,0.1,0.1,0.1,0.1,0.1,0
F51163,1,0,1,1,0.869043,2,0.076750,NA,15.20548,4.345217,2,0,4,0.9,0.9,0.9,0.91,0.93,0.93,0.93,0.93,0.93,0.91,0.9,0.9,0.1,0.1,0.1,0.1,0.1,0.1,0.1,0.1,0.1,0.1,0.1,0.1,0
F51165,1,0,1,1,1.203873,2,0.076750,NA,23.26027,6.019365,2,0,4,0.9,0.9,0.9,0.91,0.93,0.93,0.93,0.93,0.93,0.91,0.9,0.9,0.1,0.1,0.1,0.1,0.1,0.1,0.1,0.1,0.1,0.1,0.1,0.1,0
F51171,1,0,1,1,0.791091,2,0.076750,NA,17.26027,3.955455,2,0,4,0.9,0.9,0.9,0.91,0.93,0.93,0.93,0.93,0.93,0.91,0.9,0.9,0.1,0.1,0.1,0.1,0.1,0.1,0.1,0.1,0.1,0.1,0.1,0.1,0
F51177,1,0,1,1,0.529508,2,0.076750,NA,11.58904,2.647540,2,0,4,0.9,0.9,0.9,0.91,0.93,0.93,0.93,0.93,0.93,0.91,0.9,0.9,0.1,0.1,0.1,0.1,0.1,0.1,0.1,0.1,0.1,0.1,0.1,0.1,0
F51179,1,0,1,1,1.589788,2,0.076750,NA,26.30137,7.948938,2,0,4,0.9,0.9,0.9,0.91,0.93,0.93,0.93,0.93,0.93,0.91,0.9,0.9,0.1,0.1,0.1,0.1,0.1,0.1,0.1,0.1,0.1,0.1,0.1,0.1,0
F51181,1,0,1,1,1.748607,2,0.076750,NA,15.28767,8.743034,2,0,4,0.9,0.9,0.9,0.91,0.93,0.93,0.93,0.93,0.93,0.91,0.9,0.9,0.1,0.1,0.1,0.1,0.1,0.1,0.1,0.1,0.1,0.1,0.1,0.1,0
F51187,1,0,1,1,0.952601,2,0.076750,NA,15.78082,4.763007,2,0,4,0.9,0.9,0.9,0.91,0.93,0.93,0.93,0.93,0.93,0.91,0.9,0.9,0.1,0.1,0.1,0.1,0.1,0.1,0.1,0.1,0.1,0.1,0.1,0.1,0
F51193,1,0,1,1,0.366019,2,0.076750,NA,2.465754,1.830097,2,0,4,0.9,0.9,0.9,0.91,0.93,0.93,0.93,0.93,0.93,0.91,0.9,0.9,0.1,0.1,0.1,0.1,0.1,0.1,0.1,0.1,0.1,0.1,0.1,0.1,0
F51199,1,0,1,1,2.583560,2,0.076750,NA,7.808219,12.91780,2,0,4,0.9,0.9,0.9,0.91,0.93,0.93,0.93,0.93,0.93,0.91,0.9,0.9,0.1,0.1,0.1,0.1,0.1,0.1,0.1,0.1,0.1,0.1,0.1,0.1,0
F51510,1,0,1,1,3.406409,2,0.076750,NA,7.808219,17.03204,2,0,4,0.9,0.9,0.9,0.91,0.93,0.93,0.93,0.93,0.93,0.91,0.9,0.9,0.1,0.1,0.1,0.1,0.1,0.1,0.1,0.1,0.1,0.1,0.1,0.1,0
F51530,1,0,1,1,0.317839,2,0.076750,NA,7.808219,1.589195,2,0,4,0.9,0.9,0.9,0.91,0.93,0.93,0.93,0.93,0.93,0.91,0.9,0.9,0.1,0.1,0.1,0.1,0.1,0.1,0.1,0.1,0.1,0.1,0.1,0.1,0
F51540,1,0,1,1,0.148531,2,0.076750,NA,7.808219,0.742653,2,0,4,0.9,0.9,0.9,0.91,0.93,0.93,0.93,0.93,0.93,0.91,0.9,0.9,0.1,0.1,0.1,0.1,0.1,0.1,0.1,0.1,0.1,0.1,0.1,0.1,0
F51550,1,0,1,1,1.588926,2,0.076750,NA,5.424657,7.944632,2,0,4,0.9,0.9,0.9,0.91,0.93,0.93,0.93,0.93,0.93,0.91,0.9,0.9,0.1,0.1,0.1,0.1,0.1,0.1,0.1,0.1,0.1,0.1,0.1,0.1,0
F51580,1,0,1,1,0.177823,2,0.076750,NA,5.424657,0.889115,2,0,4,0.9,0.9,0.9,0.91,0.93,0.93,0.93,0.93,0.93,0.91,0.9,0.9,0.1,0.1,0.1,0.1,0.1,0.1,0.1,0.1,0.1,0.1,0.1,0.1,0
F51630,1,0,1,1,0.175546,2,0.076750,NA,5.424657,0.877730,2,0,4,0.9,0.9,0.9,0.91,0.93,0.93,0.93,0.93,0.93,0.91,0.9,0.9,0.1,0.1,0.1,0.1,0.1,0.1,0.1,0.1,0.1,0.1,0.1,0.1,0
F51650,1,0,1,1,1.677750,2,0.076750,NA,5.424657,8.388752,2,0,4,0.9,0.9,0.9,0.91,0.93,0.93,0.93,0.93,0.93,0.91,0.9,0.9,0.1,0.1,0.1,0.1,0.1,0.1,0.1,0.1,0.1,0.1,0.1,0.1,0
F51660,1,0,1,1,0.768644,2,0.076750,NA,5.424657,3.843221,2,0,4,0.9,0.9,0.9,0.91,0.93,0.93,0.93,0.93,0.93,0.91,0.9,0.9,0.1,0.1,0.1,0.1,0.1,0.1,0.1,0.1,0.1,0.1,0.1,0.1,0
F51670,1,0,1,1,0.779027,2,0.076750,NA,5.424657,3.895135,2,0,4,0.9,0.9,0.9,0.91,0.93,0.93,0.93,0.93,0.93,0.91,0.9,0.9,0.1,0.1,0.1,0.1,0.1,0.1,0.1,0.1,0.1,0.1,0.1,0.1,0
F51700,1,0,1,1,2.441019,2,0.076750,NA,5.424657,12.20509,2,0,4,0.9,0.9,0.9,0.91,0.93,0.93,0.93,0.93,0.93,0.91,0.9,0.9,0.1,0.1,0.1,0.1,0.1,0.1,0.1,0.1,0.1,0.1,0.1,0.1,0
F51710,1,0,1,1,1.579772,2,0.076750,NA,5.424657,7.898860,2,0,4,0.9,0.9,0.9,0.91,0.93,0.93,0.93,0.93,0.93,0.91,0.9,0.9,0.1,0.1,0.1,0.1,0.1,0.1,0.1,0.1,0.1,0.1,0.1,0.1,0
F51730,1,0,1,1,0.636561,2,0.076750,NA,5.424657,3.182803,2,0,4,0.9,0.9,0.9,0.91,0.93,0.93,0.93,0.93,0.93,0.91,0.9,0.9,0.1,0.1,0.1,0.1,0.1,0.1,0.1,0.1,0.1,0.1,0.1,0.1,0
F51735,1,0,1,1,1.196995,2,0.076750,NA,5.424657,5.984972,2,0,4,0.9,0.9,0.9,0.91,0.93,0.93,0.93,0.93,0.93,0.91,0.9,0.9,0.1,0.1,0.1,0.1,0.1,0.1,0.1,0.1,0.1,0.1,0.1,0.1,0
F51740,1,0,1,1,1.658866,2,0.076750,NA,5.424657,8.294330,2,0,4,0.9,0.9,0.9,0.91,0.93,0.93,0.93,0.93,0.93,0.91,0.9,0.9,0.1,0.1,0.1,0.1,0.1,0.1,0.1,0.1,0.1,0.1,0.1,0.1,0
F51760,1,0,1,1,0.456720,2,0.076750,NA,5.424657,2.283602,2,0,4,0.9,0.9,0.9,0.91,0.93,0.93,0.93,0.93,0.93,0.91,0.9,0.9,0.1,0.1,0.1,0.1,0.1,0.1,0.1,0.1,0.1,0.1,0.1,0.1,0
F51790,1,0,1,1,0.200438,2,0.076750,NA,5.424657,1.002191,2,0,4,0.9,0.9,0.9,0.91,0.93,0.93,0.93,0.93,0.93,0.91,0.9,0.9,0.1,0.1,0.1,0.1,0.1,0.1,0.1,0.1,0.1,0.1,0.1,0.1,0
F51800,1,0,1,1,0.367917,2,0.076750,NA,7.808219,1.839585,2,0,4,0.9,0.9,0.9,0.91,0.93,0.93,0.93,0.93,0.93,0.91,0.9,0.9,0.1,0.1,0.1,0.1,0.1,0.1,0.1,0.1,0.1,0.1,0.1,0.1,0
F51810,1,0,1,1,1.152566,2,0.076750,NA,4.931507,5.762832,2,0,4,0.9,0.9,0.9,0.91,0.93,0.93,0.93,0.93,0.93,0.91,0.9,0.9,0.1,0.1,0.1,0.1,0.1,0.1,0.1,0.1,0.1,0.1,0.1,0.1,0
F51820,1,0,1,1,0.190798,2,0.076750,NA,4.931507,0.953992,2,0,4,0.9,0.9,0.9,0.91,0.93,0.93,0.93,0.93,0.93,0.91,0.9,0.9,0.1,0.1,0.1,0.1,0.1,0.1,0.1,0.1,0.1,0.1,0.1,0.1,0
F51830,1,0,1,1,0.618704,2,0.076750,NA,4.931507,3.093521,2,0,4,0.9,0.9,0.9,0.91,0.93,0.93,0.93,0.93,0.93,0.91,0.9,0.9,0.1,0.1,0.1,0.1,0.1,0.1,0.1,0.1,0.1,0.1,0.1,0.1,0
F54003,1,0,1,1,0.457681,2,0.076750,NA,5.178082,2.288407,2,0,4,0.9,0.9,0.9,0.91,0.93,0.93,0.93,0.93,0.93,0.91,0.9,0.9,0.1,0.1,0.1,0.1,0.1,0.1,0.1,0.1,0.1,0.1,0.1,0.1,0
F54023,1,0,1,1,0.077630,2,0.076750,NA,1.808219,0.388152,2,0,4,0.9,0.9,0.9,0.91,0.93,0.93,0.93,0.93,0.93,0.91,0.9,0.9,0.1,0.1,0.1,0.1,0.1,0.1,0.1,0.1,0.1,0.1,0.1,0.1,0
F54027,1,0,1,1,0.234844,2,0.076750,NA,3.041096,1.174219,2,0,4,0.9,0.9,0.9,0.91,0.93,0.93,0.93,0.93,0.93,0.91,0.9,0.9,0.1,0.1,0.1,0.1,0.1,0.1,0.1,0.1,0.1,0.1,0.1,0.1,0
F54031,1,0,1,1,0.185086,2,0.076750,NA,3.945205,0.925431,2,0,4,0.9,0.9,0.9,0.91,0.93,0.93,0.93,0.93,0.93,0.91,0.9,0.9,0.1,0.1,0.1,0.1,0.1,0.1,0.1,0.1,0.1,0.1,0.1,0.1,0
F54037,1,0,1,1,0.273506,2,0.076750,NA,4.684931,1.367531,2,0,4,0.9,0.9,0.9,0.91,0.93,0.93,0.93,0.93,0.93,0.91,0.9,0.9,0.1,0.1,0.1,0.1,0.1,0.1,0.1,0.1,0.1,0.1,0.1,0.1,0
F54057,1,0,1,1,0.049050,2,0.076750,NA,1.479452,0.245250,2,0,4,0.9,0.9,0.9,0.91,0.93,0.93,0.93,0.93,0.93,0.91,0.9,0.9,0.1,0.1,0.1,0.1,0.1,0.1,0.1,0.1,0.1,0.1,0.1,0.1,0
F54063,1,0,1,1,1.266723,2,0.076750,NA,17.75343,6.333613,2,0,4,0.9,0.9,0.9,0.91,0.93,0.93,0.93,0.93,0.93,0.91,0.9,0.9,0.1,0.1,0.1,0.1,0.1,0.1,0.1,0.1,0.1,0.1,0.1,0.1,0
F54065,1,0,1,1,0.649567,2,0.076750,NA,22.10959,3.247833,2,0,4,0.9,0.9,0.9,0.91,0.93,0.93,0.93,0.93,0.93,0.91,0.9,0.9,0.1,0.1,0.1,0.1,0.1,0.1,0.1,0.1,0.1,0.1,0.1,0.1,0
F54071,1,0,1,1,0.149197,2,0.076750,NA,2.958904,0.745985,2,0,4,0.9,0.9,0.9,0.91,0.93,0.93,0.93,0.93,0.93,0.91,0.9,0.9,0.1,0.1,0.1,0.1,0.1,0.1,0.1,0.1,0.1,0.1,0.1,0.1,0
end,,,,,,,,,,,,,,,,,,,,,,,,,,,,,,,,,,,,,,
