TABLE->,NIT-STOR1#1,NIT-STOR1#1,NIT-STOR1#1,NIT-STOR1#1,NIT-STOR1#1,NIT-STOR1#1,NIT-STOR1#2,NIT-STOR1#2,NIT-STOR1#2,NIT-STOR1#2,NIT-STOR1#2,NIT-STOR1#2,NIT-STOR1#3,NIT-STOR1#3,NIT-STOR1#3,NIT-STOR1#3,NIT-STOR1#3,NIT-STOR1#3,NIT-STOR1#4,NIT-STOR1#4,NIT-STOR1#4,NIT-STOR1#4,NIT-STOR1#4,NIT-STOR1#4,NIT-STOR2,NIT-STOR2,NIT-STOR2,NIT-STOR2,NIT-STOR2,NIT-STOR2
VARS->,ORGN,AMAD,AMSU,NO3,PLTN,RORGN,ORGN,AMAD,AMSU,NO3,PLTN,RORGN,ORGN,AMAD,AMSU,NO3,PLTN,RORGN,ORGN,AMAD,AMSU,NO3,PLTN,RORGN,IAMSU,INO3,ISLON,ISRON,AGPLTN,LITTRN
A10001,5.885000,1,0.03,0.3,0,50,201.4925,5,0.5,2,0,550,71.90950,5,1,8,0,300,6.071500,6,0.5,1,0,100,0,0,0,0,na,na
A10003,3.805500,1,0.03,0.3,0,50,398.9970,5,0.5,2,0,550,30.19750,5,1,8,0,300,2.376500,6,0.5,1,0,100,0,0,0,0,na,na
A10005,8.641500,1,0.03,0.3,0,50,238.6750,5,0.5,2,0,550,134.2060,5,1,8,0,300,18.54150,6,0.5,1,0,100,0,0,0,0,na,na
A11001,6.305500,1,0.03,0.3,0,50,111.1270,5,0.5,2,0,550,132.1855,5,1,8,0,300,12.01900,6,0.5,1,0,100,0,0,0,0,na,na
A24001,6.082500,1,0.03,0.3,0,50,692.3450,5,0.5,2,0,550,23.69700,5,1,8,0,300,1.552500,6,0.5,1,0,100,0,0,0,0,na,na
A24003,1.880500,1,0.03,0.3,0,50,341.5945,5,0.5,2,0,550,47.82250,5,1,8,0,300,4.930500,6,0.5,1,0,100,0,0,0,0,na,na
A24005,2.504500,1,0.03,0.3,0,50,342.5220,5,0.5,2,0,550,121.2730,5,1,8,0,300,11.60000,6,0.5,1,0,100,0,0,0,0,na,na
A24009,1.096000,1,0.03,0.3,0,50,223.0070,5,0.5,2,0,550,54.91600,5,1,8,0,300,4.443500,6,0.5,1,0,100,0,0,0,0,na,na
A24011,3.761000,1,0.03,0.3,0,50,381.7755,5,0.5,2,0,550,33.76450,5,1,8,0,300,2.900000,6,0.5,1,0,100,0,0,0,0,na,na
A24013,5.353500,1,0.03,0.3,0,50,527.1370,5,0.5,2,0,550,68.40450,5,1,8,0,300,5.844000,6,0.5,1,0,100,0,0,0,0,na,na
A24015,2.448500,1,0.03,0.3,0,50,484.2900,5,0.5,2,0,550,74.27800,5,1,8,0,300,6.288000,6,0.5,1,0,100,0,0,0,0,na,na
A24017,1.406000,1,0.03,0.3,0,50,265.1010,5,0.5,2,0,550,70.03050,5,1,8,0,300,6.239500,6,0.5,1,0,100,0,0,0,0,na,na
A24019,1.935000,1,0.03,0.3,0,50,411.6815,5,0.5,2,0,550,60.78300,5,1,8,0,300,4.990500,6,0.5,1,0,100,0,0,0,0,na,na
A24021,2.639000,1,0.03,0.3,0,50,514.8310,5,0.5,2,0,550,66.77400,5,1,8,0,300,4.710500,6,0.5,1,0,100,0,0,0,0,na,na
A24023,5.652000,1,0.03,0.3,0,50,678.1890,5,0.5,2,0,550,82.79200,5,1,8,0,300,7.863500,6,0.5,1,0,100,0,0,0,0,na,na
A24025,2.944000,1,0.03,0.3,0,50,459.7090,5,0.5,2,0,550,114.1120,5,1,8,0,300,10.47700,6,0.5,1,0,100,0,0,0,0,na,na
A24027,2.619000,1,0.03,0.3,0,50,433.0115,5,0.5,2,0,550,96.11250,5,1,8,0,300,8.704000,6,0.5,1,0,100,0,0,0,0,na,na
A24029,3.100000,1,0.03,0.3,0,50,417.8845,5,0.5,2,0,550,32.71000,5,1,8,0,300,2.384500,6,0.5,1,0,100,0,0,0,0,na,na
A24031,2.302500,1,0.03,0.3,0,50,344.6690,5,0.5,2,0,550,99.18350,5,1,8,0,300,9.094000,6,0.5,1,0,100,0,0,0,0,na,na
A24033,1.265500,1,0.03,0.3,0,50,171.6505,5,0.5,2,0,550,64.32201,5,1,8,0,300,4.671000,6,0.5,1,0,100,0,0,0,0,na,na
A24035,4.972000,1,0.03,0.3,0,50,307.2120,5,0.5,2,0,550,63.69650,5,1,8,0,300,4.459500,6,0.5,1,0,100,0,0,0,0,na,na
A24037,2.614000,1,0.03,0.3,0,50,260.0515,5,0.5,2,0,550,40.70300,5,1,8,0,300,2.318000,6,0.5,1,0,100,0,0,0,0,na,na
A24039,3.201500,1,0.03,0.3,0,50,576.7780,5,0.5,2,0,550,31.87350,5,1,8,0,300,2.696500,6,0.5,1,0,100,0,0,0,0,na,na
A24041,5.600000,1,0.03,0.3,0,50,402.4115,5,0.5,2,0,550,62.28400,5,1,8,0,300,4.868500,6,0.5,1,0,100,0,0,0,0,na,na
A24043,3.127000,1,0.03,0.3,0,50,74.64800,5,0.5,2,0,550,207.2055,5,1,8,0,300,17.14050,6,0.5,1,0,100,0,0,0,0,na,na
A24045,4.084500,1,0.03,0.3,0,50,577.7330,5,0.5,2,0,550,63.32150,5,1,8,0,300,5.711500,6,0.5,1,0,100,0,0,0,0,na,na
A24047,2.634500,1,0.03,0.3,0,50,431.2855,5,0.5,2,0,550,76.70700,5,1,8,0,300,8.261500,6,0.5,1,0,100,0,0,0,0,na,na
A24510,3.217500,1,0.03,0.3,0,50,166.5390,5,0.5,2,0,550,134.5825,5,1,8,0,300,13.28350,6,0.5,1,0,100,0,0,0,0,na,na
A36003,3.182000,1,0.03,0.3,0,50,1393.967,5,0.5,2,0,550,20.27650,5,1,8,0,300,1.472500,6,0.5,1,0,100,0,0,0,0,na,na
A36007,1.988500,1,0.03,0.3,0,50,1437.175,5,0.5,2,0,550,74.08549,5,1,8,0,300,7.136500,6,0.5,1,0,100,0,0,0,0,na,na
A36015,1.556000,1,0.03,0.3,0,50,1139.820,5,0.5,2,0,550,24.41600,5,1,8,0,300,1.830000,6,0.5,1,0,100,0,0,0,0,na,na
A36017,0.927500,1,0.03,0.3,0,50,1573.207,5,0.5,2,0,550,72.36600,5,1,8,0,300,7.285500,6,0.5,1,0,100,0,0,0,0,na,na
A36023,2.980000,1,0.03,0.3,0,50,1583.686,5,0.5,2,0,550,92.25150,5,1,8,0,300,9.301001,6,0.5,1,0,100,0,0,0,0,na,na
A36025,4.686000,1,0.03,0.3,0,50,1664.092,5,0.5,2,0,550,80.70250,5,1,8,0,300,9.954000,6,0.5,1,0,100,0,0,0,0,na,na
A36043,1.410500,1,0.03,0.3,0,50,1541.656,5,0.5,2,0,550,62.33050,5,1,8,0,300,7.345000,6,0.5,1,0,100,0,0,0,0,na,na
A36051,4.653500,1,0.03,0.3,0,50,940.6240,5,0.5,2,0,550,127.7065,5,1,8,0,300,9.945000,6,0.5,1,0,100,0,0,0,0,na,na
A36053,4.669000,1,0.03,0.3,0,50,1387.401,5,0.5,2,0,550,101.9445,5,1,8,0,300,10.25250,6,0.5,1,0,100,0,0,0,0,na,na
A36065,4.130000,1,0.03,0.3,0,50,1241.043,5,0.5,2,0,550,72.09200,5,1,8,0,300,7.969500,6,0.5,1,0,100,0,0,0,0,na,na
A36067,5.703500,1,0.03,0.3,0,50,1074.130,5,0.5,2,0,550,100.4290,5,1,8,0,300,11.10800,6,0.5,1,0,100,0,0,0,0,na,na
A36069,7.016500,1,0.03,0.3,0,50,866.6520,5,0.5,2,0,550,104.1485,5,1,8,0,300,8.907499,6,0.5,1,0,100,0,0,0,0,na,na
A36077,3.271000,1,0.03,0.3,0,50,1361.610,5,0.5,2,0,550,61.38950,5,1,8,0,300,6.952000,6,0.5,1,0,100,0,0,0,0,na,na
A36095,5.272500,1,0.03,0.3,0,50,1276.085,5,0.5,2,0,550,74.21300,5,1,8,0,300,8.688499,6,0.5,1,0,100,0,0,0,0,na,na
A36097,9.228500,1,0.03,0.3,0,50,999.7630,5,0.5,2,0,550,57.35100,5,1,8,0,300,5.038500,6,0.5,1,0,100,0,0,0,0,na,na
A36101,4.491500,1,0.03,0.3,0,50,1040.698,5,0.5,2,0,550,43.60700,5,1,8,0,300,3.100500,6,0.5,1,0,100,0,0,0,0,na,na
A36107,1.914500,1,0.03,0.3,0,50,1355.306,5,0.5,2,0,550,39.03000,5,1,8,0,300,3.426000,6,0.5,1,0,100,0,0,0,0,na,na
A36109,2.894500,1,0.03,0.3,0,50,1110.152,5,0.5,2,0,550,39.52250,5,1,8,0,300,3.376500,6,0.5,1,0,100,0,0,0,0,na,na
A36123,5.288500,1,0.03,0.3,0,50,966.5095,5,0.5,2,0,550,75.68050,5,1,8,0,300,6.273500,6,0.5,1,0,100,0,0,0,0,na,na
A37001,15,1,0.03,0.3,0,50,300,5,0.5,2,0,550,200,5,1,8,0,300,100,6,0.5,1,0,100,0,0,0,0,na,na
A37005,15,1,0.03,0.3,0,50,300,5,0.5,2,0,550,200,5,1,8,0,300,100,6,0.5,1,0,100,0,0,0,0,na,na
A37009,15,1,0.03,0.3,0,50,300,5,0.5,2,0,550,200,5,1,8,0,300,100,6,0.5,1,0,100,0,0,0,0,na,na
A37033,15,1,0.03,0.3,0,50,300,5,0.5,2,0,550,200,5,1,8,0,300,100,6,0.5,1,0,100,0,0,0,0,na,na
A37067,15,1,0.03,0.3,0,50,300,5,0.5,2,0,550,200,5,1,8,0,300,100,6,0.5,1,0,100,0,0,0,0,na,na
A37077,15,1,0.03,0.3,0,50,300,5,0.5,2,0,550,200,5,1,8,0,300,100,6,0.5,1,0,100,0,0,0,0,na,na
A37081,15,1,0.03,0.3,0,50,300,5,0.5,2,0,550,200,5,1,8,0,300,100,6,0.5,1,0,100,0,0,0,0,na,na
A37131,15,1,0.03,0.3,0,50,300,5,0.5,2,0,550,200,5,1,8,0,300,100,6,0.5,1,0,100,0,0,0,0,na,na
A37135,15,1,0.03,0.3,0,50,300,5,0.5,2,0,550,200,5,1,8,0,300,100,6,0.5,1,0,100,0,0,0,0,na,na
A37145,15,1,0.03,0.3,0,50,300,5,0.5,2,0,550,200,5,1,8,0,300,100,6,0.5,1,0,100,0,0,0,0,na,na
A37157,15,1,0.03,0.3,0,50,300,5,0.5,2,0,550,200,5,1,8,0,300,100,6,0.5,1,0,100,0,0,0,0,na,na
A37169,15,1,0.03,0.3,0,50,300,5,0.5,2,0,550,200,5,1,8,0,300,100,6,0.5,1,0,100,0,0,0,0,na,na
A37171,15,1,0.03,0.3,0,50,300,5,0.5,2,0,550,200,5,1,8,0,300,100,6,0.5,1,0,100,0,0,0,0,na,na
A37181,15,1,0.03,0.3,0,50,300,5,0.5,2,0,550,200,5,1,8,0,300,100,6,0.5,1,0,100,0,0,0,0,na,na
A37185,15,1,0.03,0.3,0,50,300,5,0.5,2,0,550,200,5,1,8,0,300,100,6,0.5,1,0,100,0,0,0,0,na,na
A37189,15,1,0.03,0.3,0,50,300,5,0.5,2,0,550,200,5,1,8,0,300,100,6,0.5,1,0,100,0,0,0,0,na,na
A42001,3.250500,1,0.03,0.3,0,50,543.0195,5,0.5,2,0,550,61.07000,5,1,8,0,300,3.452500,6,0.5,1,0,100,0,0,0,0,na,na
A42009,4.556500,1,0.03,0.3,0,50,700.1770,5,0.5,2,0,550,51.16850,5,1,8,0,300,4.569000,6,0.5,1,0,100,0,0,0,0,na,na
A42011,1.637000,1,0.03,0.3,0,50,712.8165,5,0.5,2,0,550,65.65450,5,1,8,0,300,5.481000,6,0.5,1,0,100,0,0,0,0,na,na
A42013,4.990500,1,0.03,0.3,0,50,795.0805,5,0.5,2,0,550,63.06600,5,1,8,0,300,5.080500,6,0.5,1,0,100,0,0,0,0,na,na
A42015,3.269500,1,0.03,0.3,0,50,770.3585,5,0.5,2,0,550,33.95950,5,1,8,0,300,2.566000,6,0.5,1,0,100,0,0,0,0,na,na
A42021,5.952500,1,0.03,0.3,0,50,539.9210,5,0.5,2,0,550,48.93950,5,1,8,0,300,3.779000,6,0.5,1,0,100,0,0,0,0,na,na
A42023,3.089500,1,0.03,0.3,0,50,1951.965,5,0.5,2,0,550,36.73450,5,1,8,0,300,2.881000,6,0.5,1,0,100,0,0,0,0,na,na
A42025,3.045500,1,0.03,0.3,0,50,524.7255,5,0.5,2,0,550,35.93000,5,1,8,0,300,4.213500,6,0.5,1,0,100,0,0,0,0,na,na
A42027,4.583000,1,0.03,0.3,0,50,442.1470,5,0.5,2,0,550,127.4960,5,1,8,0,300,10.00650,6,0.5,1,0,100,0,0,0,0,na,na
A42029,2.249500,1,0.03,0.3,0,50,574.6855,5,0.5,2,0,550,106.5385,5,1,8,0,300,10.06400,6,0.5,1,0,100,0,0,0,0,na,na
A42033,13.39150,1,0.03,0.3,0,50,574.3560,5,0.5,2,0,550,47.14100,5,1,8,0,300,3.309000,6,0.5,1,0,100,0,0,0,0,na,na
A42035,6.526500,1,0.03,0.3,0,50,731.2510,5,0.5,2,0,550,84.83100,5,1,8,0,300,8.024000,6,0.5,1,0,100,0,0,0,0,na,na
A42037,4.051000,1,0.03,0.3,0,50,554.5155,5,0.5,2,0,550,76.30251,5,1,8,0,300,5.634500,6,0.5,1,0,100,0,0,0,0,na,na
A42041,3.612500,1,0.03,0.3,0,50,563.8325,5,0.5,2,0,550,91.50250,5,1,8,0,300,7.906500,6,0.5,1,0,100,0,0,0,0,na,na
A42043,3.988500,1,0.03,0.3,0,50,551.4690,5,0.5,2,0,550,101.3515,5,1,8,0,300,9.211500,6,0.5,1,0,100,0,0,0,0,na,na
A42047,14.65950,1,0.03,0.3,0,50,669.4405,5,0.5,2,0,550,35.46150,5,1,8,0,300,2.481000,6,0.5,1,0,100,0,0,0,0,na,na
A42055,3.151500,1,0.03,0.3,0,50,466.2880,5,0.5,2,0,550,121.7185,5,1,8,0,300,11.05900,6,0.5,1,0,100,0,0,0,0,na,na
A42057,5.992000,1,0.03,0.3,0,50,570.6060,5,0.5,2,0,550,14.08550,5,1,8,0,300,0.928500,6,0.5,1,0,100,0,0,0,0,na,na
A42061,2.980000,1,0.03,0.3,0,50,696.2165,5,0.5,2,0,550,33.03050,5,1,8,0,300,2.521500,6,0.5,1,0,100,0,0,0,0,na,na
A42063,8.257000,1,0.03,0.3,0,50,624.8425,5,0.5,2,0,550,62.22350,5,1,8,0,300,4.886000,6,0.5,1,0,100,0,0,0,0,na,na
A42065,4.648500,1,0.03,0.3,0,50,609.2665,5,0.5,2,0,550,31.68700,5,1,8,0,300,2.381500,6,0.5,1,0,100,0,0,0,0,na,na
A42067,1.660000,1,0.03,0.3,0,50,490.1915,5,0.5,2,0,550,73.80500,5,1,8,0,300,6.483500,6,0.5,1,0,100,0,0,0,0,na,na
A42069,6.695000,1,0.03,0.3,0,50,701.4385,5,0.5,2,0,550,66.95399,5,1,8,0,300,8.158501,6,0.5,1,0,100,0,0,0,0,na,na
A42071,1.230500,1,0.03,0.3,0,50,425.1315,5,0.5,2,0,550,134.6305,5,1,8,0,300,13.09100,6,0.5,1,0,100,0,0,0,0,na,na
A42075,1.827000,1,0.03,0.3,0,50,270.2890,5,0.5,2,0,550,186.1310,5,1,8,0,300,16.26750,6,0.5,1,0,100,0,0,0,0,na,na
A42079,5.403000,1,0.03,0.3,0,50,519.4115,5,0.5,2,0,550,83.49750,5,1,8,0,300,9.291500,6,0.5,1,0,100,0,0,0,0,na,na
A42081,3.409500,1,0.03,0.3,0,50,609.7450,5,0.5,2,0,550,65.76900,5,1,8,0,300,6.100500,6,0.5,1,0,100,0,0,0,0,na,na
A42083,10.23150,1,0.03,0.3,0,50,867.9525,5,0.5,2,0,550,45.22750,5,1,8,0,300,3.190000,6,0.5,1,0,100,0,0,0,0,na,na
A42087,1.992500,1,0.03,0.3,0,50,720.9575,5,0.5,2,0,550,57.38250,5,1,8,0,300,5.031000,6,0.5,1,0,100,0,0,0,0,na,na
A42093,2.115000,1,0.03,0.3,0,50,501.7460,5,0.5,2,0,550,46.98750,5,1,8,0,300,2.926500,6,0.5,1,0,100,0,0,0,0,na,na
A42097,2.534000,1,0.03,0.3,0,50,312.8200,5,0.5,2,0,550,116.1255,5,1,8,0,300,9.573000,6,0.5,1,0,100,0,0,0,0,na,na
A42099,4.393000,1,0.03,0.3,0,50,517.4210,5,0.5,2,0,550,51.30100,5,1,8,0,300,3.908500,6,0.5,1,0,100,0,0,0,0,na,na
A42105,6.120000,1,0.03,0.3,0,50,827.3315,5,0.5,2,0,550,57.87100,5,1,8,0,300,4.158000,6,0.5,1,0,100,0,0,0,0,na,na
A42107,2.587000,1,0.03,0.3,0,50,568.8480,5,0.5,2,0,550,68.83900,5,1,8,0,300,5.238500,6,0.5,1,0,100,0,0,0,0,na,na
A42109,1.421500,1,0.03,0.3,0,50,518.6730,5,0.5,2,0,550,63.52300,5,1,8,0,300,5.502500,6,0.5,1,0,100,0,0,0,0,na,na
A42111,5.890000,1,0.03,0.3,0,50,658.7970,5,0.5,2,0,550,38.67200,5,1,8,0,300,3.437000,6,0.5,1,0,100,0,0,0,0,na,na
A42113,8.237000,1,0.03,0.3,0,50,904.0625,5,0.5,2,0,550,42.70050,5,1,8,0,300,5.384500,6,0.5,1,0,100,0,0,0,0,na,na
A42115,11.42050,1,0.03,0.3,0,50,873.4155,5,0.5,2,0,550,45.25900,5,1,8,0,300,4.687500,6,0.5,1,0,100,0,0,0,0,na,na
A42117,4.672000,1,0.03,0.3,0,50,764.7150,5,0.5,2,0,550,49.16900,5,1,8,0,300,3.913500,6,0.5,1,0,100,0,0,0,0,na,na
A42119,2.257000,1,0.03,0.3,0,50,647.9325,5,0.5,2,0,550,76.73200,5,1,8,0,300,6.241000,6,0.5,1,0,100,0,0,0,0,na,na
A42127,9.274000,1,0.03,0.3,0,50,1004.150,5,0.5,2,0,550,41.76650,5,1,8,0,300,4.214000,6,0.5,1,0,100,0,0,0,0,na,na
A42131,3.808000,1,0.03,0.3,0,50,634.2290,5,0.5,2,0,550,44.50350,5,1,8,0,300,4.185500,6,0.5,1,0,100,0,0,0,0,na,na
A42133,2.504000,1,0.03,0.3,0,50,486.3115,5,0.5,2,0,550,84.93000,5,1,8,0,300,6.334000,6,0.5,1,0,100,0,0,0,0,na,na
A47091,15,1,0.03,0.3,0,50,300,5,0.5,2,0,550,200,5,1,8,0,300,100,6,0.5,1,0,100,0,0,0,0,na,na
A47163,15,1,0.03,0.3,0,50,300,5,0.5,2,0,550,200,5,1,8,0,300,100,6,0.5,1,0,100,0,0,0,0,na,na
A51001,0.646000,1,0.03,0.3,0,50,293.3285,5,0.5,2,0,550,46.55550,5,1,8,0,300,3.733500,6,0.5,1,0,100,0,0,0,0,na,na
A51003,14.67050,1,0.03,0.3,0,50,396.6095,5,0.5,2,0,550,112.7660,5,1,8,0,300,8.563000,6,0.5,1,0,100,0,0,0,0,na,na
A51005,101.3260,1,0.03,0.3,0,50,858.5565,5,0.5,2,0,550,136.9945,5,1,8,0,300,16.11550,6,0.5,1,0,100,0,0,0,0,na,na
A51007,3.067000,1,0.03,0.3,0,50,453.1560,5,0.5,2,0,550,41.46400,5,1,8,0,300,1.869500,6,0.5,1,0,100,0,0,0,0,na,na
A51009,5.128500,1,0.03,0.3,0,50,411.9180,5,0.5,2,0,550,170.6335,5,1,8,0,300,15.34350,6,0.5,1,0,100,0,0,0,0,na,na
A51011,4.048500,1,0.03,0.3,0,50,319.1460,5,0.5,2,0,550,56.61400,5,1,8,0,300,2.910000,6,0.5,1,0,100,0,0,0,0,na,na
A51013,3.085500,1,0.03,0.3,0,50,213.8815,5,0.5,2,0,550,70.24300,5,1,8,0,300,6.142000,6,0.5,1,0,100,0,0,0,0,na,na
A51015,5.161000,1,0.03,0.3,0,50,646.2325,5,0.5,2,0,550,153.3285,5,1,8,0,300,18.96650,6,0.5,1,0,100,0,0,0,0,na,na
A51017,25.28050,1,0.03,0.3,0,50,903.1430,5,0.5,2,0,550,93.85049,5,1,8,0,300,9.275499,6,0.5,1,0,100,0,0,0,0,na,na
A51019,8.260500,1,0.03,0.3,0,50,557.9305,5,0.5,2,0,550,126.8570,5,1,8,0,300,8.357000,6,0.5,1,0,100,0,0,0,0,na,na
A51021,15,1,0.03,0.3,0,50,300,5,0.5,2,0,550,200,5,1,8,0,300,100,6,0.5,1,0,100,0,0,0,0,na,na
A51023,2.622500,1,0.03,0.3,0,50,921.7305,5,0.5,2,0,550,91.22450,5,1,8,0,300,8.975000,6,0.5,1,0,100,0,0,0,0,na,na
A51025,15,1,0.03,0.3,0,50,300,5,0.5,2,0,550,200,5,1,8,0,300,100,6,0.5,1,0,100,0,0,0,0,na,na
A51027,15,1,0.03,0.3,0,50,300,5,0.5,2,0,550,200,5,1,8,0,300,100,6,0.5,1,0,100,0,0,0,0,na,na
A51029,6.726500,1,0.03,0.3,0,50,419.8030,5,0.5,2,0,550,19.47950,5,1,8,0,300,0.825500,6,0.5,1,0,100,0,0,0,0,na,na
A51031,4.776000,1,0.03,0.3,0,50,326.9455,5,0.5,2,0,550,55.00050,5,1,8,0,300,2.633000,6,0.5,1,0,100,0,0,0,0,na,na
A51033,2.569000,1,0.03,0.3,0,50,223.5915,5,0.5,2,0,550,71.15350,5,1,8,0,300,4.612000,6,0.5,1,0,100,0,0,0,0,na,na
A51035,15,1,0.03,0.3,0,50,300,5,0.5,2,0,550,200,5,1,8,0,300,100,6,0.5,1,0,100,0,0,0,0,na,na
A51036,4.109500,1,0.03,0.3,0,50,327.5710,5,0.5,2,0,550,76.52200,5,1,8,0,300,5.808000,6,0.5,1,0,100,0,0,0,0,na,na
A51037,15,1,0.03,0.3,0,50,300,5,0.5,2,0,550,200,5,1,8,0,300,100,6,0.5,1,0,100,0,0,0,0,na,na
A51041,3.336000,1,0.03,0.3,0,50,246.7800,5,0.5,2,0,550,106.9940,5,1,8,0,300,9.359500,6,0.5,1,0,100,0,0,0,0,na,na
A51043,8.775000,1,0.03,0.3,0,50,609.0360,5,0.5,2,0,550,91.78650,5,1,8,0,300,8.824500,6,0.5,1,0,100,0,0,0,0,na,na
A51045,6.269000,1,0.03,0.3,0,50,734.5275,5,0.5,2,0,550,97.52700,5,1,8,0,300,11.64050,6,0.5,1,0,100,0,0,0,0,na,na
A51047,3.163000,1,0.03,0.3,0,50,387.2610,5,0.5,2,0,550,85.69450,5,1,8,0,300,5.762500,6,0.5,1,0,100,0,0,0,0,na,na
A51049,7.935000,1,0.03,0.3,0,50,646.2965,5,0.5,2,0,550,46.97450,5,1,8,0,300,2.449000,6,0.5,1,0,100,0,0,0,0,na,na
A51051,15,1,0.03,0.3,0,50,300,5,0.5,2,0,550,200,5,1,8,0,300,100,6,0.5,1,0,100,0,0,0,0,na,na
A51053,1.315000,1,0.03,0.3,0,50,180.3305,5,0.5,2,0,550,39.15250,5,1,8,0,300,1.806500,6,0.5,1,0,100,0,0,0,0,na,na
A51057,3.084500,1,0.03,0.3,0,50,173.3075,5,0.5,2,0,550,56.08300,5,1,8,0,300,3.397500,6,0.5,1,0,100,0,0,0,0,na,na
A51059,7.082500,1,0.03,0.3,0,50,563.5229,5,0.5,2,0,550,86.70950,5,1,8,0,300,6.397000,6,0.5,1,0,100,0,0,0,0,na,na
A51061,5.231000,1,0.03,0.3,0,50,445.3265,5,0.5,2,0,550,77.92850,5,1,8,0,300,5.969500,6,0.5,1,0,100,0,0,0,0,na,na
A51063,15,1,0.03,0.3,0,50,300,5,0.5,2,0,550,200,5,1,8,0,300,100,6,0.5,1,0,100,0,0,0,0,na,na
A51065,5.278500,1,0.03,0.3,0,50,232.5520,5,0.5,2,0,550,63.85000,5,1,8,0,300,3.424000,6,0.5,1,0,100,0,0,0,0,na,na
A51067,15,1,0.03,0.3,0,50,300,5,0.5,2,0,550,200,5,1,8,0,300,100,6,0.5,1,0,100,0,0,0,0,na,na
A51069,6.376500,1,0.03,0.3,0,50,505.3410,5,0.5,2,0,550,67.11050,5,1,8,0,300,5.413500,6,0.5,1,0,100,0,0,0,0,na,na
A51071,103.9990,1,0.03,0.3,0,50,928.5250,5,0.5,2,0,550,126.6790,5,1,8,0,300,15.82750,6,0.5,1,0,100,0,0,0,0,na,na
A51073,2.743500,1,0.03,0.3,0,50,214.5555,5,0.5,2,0,550,37.80050,5,1,8,0,300,2.563500,6,0.5,1,0,100,0,0,0,0,na,na
A51075,10.82350,1,0.03,0.3,0,50,374.2600,5,0.5,2,0,550,57.86200,5,1,8,0,300,3.174000,6,0.5,1,0,100,0,0,0,0,na,na
A51077,15,1,0.03,0.3,0,50,300,5,0.5,2,0,550,200,5,1,8,0,300,100,6,0.5,1,0,100,0,0,0,0,na,na
A51079,6.643000,1,0.03,0.3,0,50,546.0845,5,0.5,2,0,550,91.47749,5,1,8,0,300,7.204000,6,0.5,1,0,100,0,0,0,0,na,na
A51081,15,1,0.03,0.3,0,50,300,5,0.5,2,0,550,200,5,1,8,0,300,100,6,0.5,1,0,100,0,0,0,0,na,na
A51083,15,1,0.03,0.3,0,50,300,5,0.5,2,0,550,200,5,1,8,0,300,100,6,0.5,1,0,100,0,0,0,0,na,na
A51085,2.816500,1,0.03,0.3,0,50,251.0715,5,0.5,2,0,550,50.75750,5,1,8,0,300,2.874500,6,0.5,1,0,100,0,0,0,0,na,na
A51087,2.785000,1,0.03,0.3,0,50,255.5265,5,0.5,2,0,550,86.62900,5,1,8,0,300,7.663000,6,0.5,1,0,100,0,0,0,0,na,na
A51089,15,1,0.03,0.3,0,50,300,5,0.5,2,0,550,200,5,1,8,0,300,100,6,0.5,1,0,100,0,0,0,0,na,na
A51091,27.49550,1,0.03,0.3,0,50,1019.747,5,0.5,2,0,550,156.8230,5,1,8,0,300,19.52650,6,0.5,1,0,100,0,0,0,0,na,na
A51093,4.034500,1,0.03,0.3,0,50,46.80350,5,0.5,2,0,550,170.9495,5,1,8,0,300,15.03800,6,0.5,1,0,100,0,0,0,0,na,na
A51095,2.824500,1,0.03,0.3,0,50,289.0480,5,0.5,2,0,550,41.61150,5,1,8,0,300,3.296500,6,0.5,1,0,100,0,0,0,0,na,na
A51097,2.941000,1,0.03,0.3,0,50,153.6320,5,0.5,2,0,550,67.62100,5,1,8,0,300,4.283500,6,0.5,1,0,100,0,0,0,0,na,na
A51099,7.505500,1,0.03,0.3,0,50,241.8005,5,0.5,2,0,550,29.51750,5,1,8,0,300,1.968500,6,0.5,1,0,100,0,0,0,0,na,na
A51101,3.709000,1,0.03,0.3,0,50,209.4340,5,0.5,2,0,550,60.74250,5,1,8,0,300,3.779500,6,0.5,1,0,100,0,0,0,0,na,na
A51103,7.846500,1,0.03,0.3,0,50,283.5690,5,0.5,2,0,550,23.87500,5,1,8,0,300,1.327500,6,0.5,1,0,100,0,0,0,0,na,na
A51105,15,1,0.03,0.3,0,50,300,5,0.5,2,0,550,200,5,1,8,0,300,100,6,0.5,1,0,100,0,0,0,0,na,na
A51107,4.053500,1,0.03,0.3,0,50,267.8465,5,0.5,2,0,550,67.56150,5,1,8,0,300,4.132000,6,0.5,1,0,100,0,0,0,0,na,na
A51109,5.614500,1,0.03,0.3,0,50,440.7215,5,0.5,2,0,550,45.98100,5,1,8,0,300,2.276500,6,0.5,1,0,100,0,0,0,0,na,na
A51111,15,1,0.03,0.3,0,50,300,5,0.5,2,0,550,200,5,1,8,0,300,100,6,0.5,1,0,100,0,0,0,0,na,na
A51113,2.579500,1,0.03,0.3,0,50,454.6505,5,0.5,2,0,550,111.0895,5,1,8,0,300,8.574500,6,0.5,1,0,100,0,0,0,0,na,na
A51115,5.632500,1,0.03,0.3,0,50,158.3890,5,0.5,2,0,550,44.56900,5,1,8,0,300,3.004000,6,0.5,1,0,100,0,0,0,0,na,na
A51117,15,1,0.03,0.3,0,50,300,5,0.5,2,0,550,200,5,1,8,0,300,100,6,0.5,1,0,100,0,0,0,0,na,na
A51119,2.429000,1,0.03,0.3,0,50,278.9940,5,0.5,2,0,550,27.38700,5,1,8,0,300,1.584000,6,0.5,1,0,100,0,0,0,0,na,na
A51121,4.152500,1,0.03,0.3,0,50,868.9610,5,0.5,2,0,550,144.9630,5,1,8,0,300,18.27850,6,0.5,1,0,100,0,0,0,0,na,na
A51125,2.146000,1,0.03,0.3,0,50,309.8180,5,0.5,2,0,550,86.03000,5,1,8,0,300,6.607000,6,0.5,1,0,100,0,0,0,0,na,na
A51127,2.516500,1,0.03,0.3,0,50,237.6950,5,0.5,2,0,550,77.29000,5,1,8,0,300,6.644000,6,0.5,1,0,100,0,0,0,0,na,na
A51131,1.808500,1,0.03,0.3,0,50,239.5810,5,0.5,2,0,550,50.49150,5,1,8,0,300,4.247000,6,0.5,1,0,100,0,0,0,0,na,na
A51133,2.232000,1,0.03,0.3,0,50,357.5775,5,0.5,2,0,550,26.86700,5,1,8,0,300,1.454500,6,0.5,1,0,100,0,0,0,0,na,na
A51135,4.644000,1,0.03,0.3,0,50,482.3560,5,0.5,2,0,550,58.88500,5,1,8,0,300,3.121500,6,0.5,1,0,100,0,0,0,0,na,na
A51137,3.759500,1,0.03,0.3,0,50,480.8445,5,0.5,2,0,550,91.43650,5,1,8,0,300,5.946000,6,0.5,1,0,100,0,0,0,0,na,na
A51139,9.552000,1,0.03,0.3,0,50,444.6325,5,0.5,2,0,550,98.91600,5,1,8,0,300,11.08200,6,0.5,1,0,100,0,0,0,0,na,na
A51141,15,1,0.03,0.3,0,50,300,5,0.5,2,0,550,200,5,1,8,0,300,100,6,0.5,1,0,100,0,0,0,0,na,na
A51143,15,1,0.03,0.3,0,50,300,5,0.5,2,0,550,200,5,1,8,0,300,100,6,0.5,1,0,100,0,0,0,0,na,na
A51145,8.042500,1,0.03,0.3,0,50,504.2635,5,0.5,2,0,550,95.10851,5,1,8,0,300,6.575000,6,0.5,1,0,100,0,0,0,0,na,na
A51147,6.556000,1,0.03,0.3,0,50,424.8205,5,0.5,2,0,550,65.58350,5,1,8,0,300,3.206500,6,0.5,1,0,100,0,0,0,0,na,na
A51149,2.618000,1,0.03,0.3,0,50,171.3035,5,0.5,2,0,550,104.0155,5,1,8,0,300,10.62300,6,0.5,1,0,100,0,0,0,0,na,na
A51153,4.799000,1,0.03,0.3,0,50,446.3350,5,0.5,2,0,550,36.82100,5,1,8,0,300,2.206000,6,0.5,1,0,100,0,0,0,0,na,na
A51155,15,1,0.03,0.3,0,50,300,5,0.5,2,0,550,200,5,1,8,0,300,100,6,0.5,1,0,100,0,0,0,0,na,na
A51157,1.578500,1,0.03,0.3,0,50,499.3075,5,0.5,2,0,550,83.57150,5,1,8,0,300,5.496500,6,0.5,1,0,100,0,0,0,0,na,na
A51159,10.49850,1,0.03,0.3,0,50,248.8390,5,0.5,2,0,550,35.61250,5,1,8,0,300,2.001500,6,0.5,1,0,100,0,0,0,0,na,na
A51161,7.478500,1,0.03,0.3,0,50,907.5190,5,0.5,2,0,550,95.13850,5,1,8,0,300,9.784500,6,0.5,1,0,100,0,0,0,0,na,na
A51163,3.773000,1,0.03,0.3,0,50,754.4535,5,0.5,2,0,550,120.5675,5,1,8,0,300,13.89650,6,0.5,1,0,100,0,0,0,0,na,na
A51165,19.22450,1,0.03,0.3,0,50,550.3745,5,0.5,2,0,550,129.4910,5,1,8,0,300,15.55850,6,0.5,1,0,100,0,0,0,0,na,na
A51167,15,1,0.03,0.3,0,50,300,5,0.5,2,0,550,200,5,1,8,0,300,100,6,0.5,1,0,100,0,0,0,0,na,na
A51169,15,1,0.03,0.3,0,50,300,5,0.5,2,0,550,200,5,1,8,0,300,100,6,0.5,1,0,100,0,0,0,0,na,na
A51171,5.028000,1,0.03,0.3,0,50,538.1385,5,0.5,2,0,550,101.3855,5,1,8,0,300,11.11950,6,0.5,1,0,100,0,0,0,0,na,na
A51173,15,1,0.03,0.3,0,50,300,5,0.5,2,0,550,200,5,1,8,0,300,100,6,0.5,1,0,100,0,0,0,0,na,na
A51175,15,1,0.03,0.3,0,50,300,5,0.5,2,0,550,200,5,1,8,0,300,100,6,0.5,1,0,100,0,0,0,0,na,na
A51177,3.900000,1,0.03,0.3,0,50,354.9235,5,0.5,2,0,550,65.64750,5,1,8,0,300,4.268000,6,0.5,1,0,100,0,0,0,0,na,na
A51179,1.205500,1,0.03,0.3,0,50,283.0080,5,0.5,2,0,550,33.89000,5,1,8,0,300,1.874000,6,0.5,1,0,100,0,0,0,0,na,na
A51181,3.430500,1,0.03,0.3,0,50,180.1140,5,0.5,2,0,550,86.51400,5,1,8,0,300,8.932000,6,0.5,1,0,100,0,0,0,0,na,na
A51183,15,1,0.03,0.3,0,50,300,5,0.5,2,0,550,200,5,1,8,0,300,100,6,0.5,1,0,100,0,0,0,0,na,na
A51185,15,1,0.03,0.3,0,50,300,5,0.5,2,0,550,200,5,1,8,0,300,100,6,0.5,1,0,100,0,0,0,0,na,na
A51187,2.770000,1,0.03,0.3,0,50,477.4275,5,0.5,2,0,550,73.44901,5,1,8,0,300,6.748500,6,0.5,1,0,100,0,0,0,0,na,na
A51191,15,1,0.03,0.3,0,50,300,5,0.5,2,0,550,200,5,1,8,0,300,100,6,0.5,1,0,100,0,0,0,0,na,na
A51193,12.07400,1,0.03,0.3,0,50,236.0595,5,0.5,2,0,550,33.55250,5,1,8,0,300,1.935000,6,0.5,1,0,100,0,0,0,0,na,na
A51195,15,1,0.03,0.3,0,50,300,5,0.5,2,0,550,200,5,1,8,0,300,100,6,0.5,1,0,100,0,0,0,0,na,na
A51197,15,1,0.03,0.3,0,50,300,5,0.5,2,0,550,200,5,1,8,0,300,100,6,0.5,1,0,100,0,0,0,0,na,na
A51199,6.636000,1,0.03,0.3,0,50,164.7415,5,0.5,2,0,550,88.69300,5,1,8,0,300,8.888500,6,0.5,1,0,100,0,0,0,0,na,na
A51510,1.148500,1,0.03,0.3,0,50,32.50000,5,0.5,2,0,550,126.1645,5,1,8,0,300,10.72800,6,0.5,1,0,100,0,0,0,0,na,na
A51515,15,1,0.03,0.3,0,50,300,5,0.5,2,0,550,200,5,1,8,0,300,100,6,0.5,1,0,100,0,0,0,0,na,na
A51520,15,1,0.03,0.3,0,50,300,5,0.5,2,0,550,200,5,1,8,0,300,100,6,0.5,1,0,100,0,0,0,0,na,na
A51530,3.811500,1,0.03,0.3,0,50,193.5535,5,0.5,2,0,550,139.6965,5,1,8,0,300,13.81150,6,0.5,1,0,100,0,0,0,0,na,na
A51540,3.393000,1,0.03,0.3,0,50,154.7505,5,0.5,2,0,550,71.12250,5,1,8,0,300,8.537500,6,0.5,1,0,100,0,0,0,0,na,na
A51550,4.042000,1,0.03,0.3,0,50,235.6335,5,0.5,2,0,550,78.95000,5,1,8,0,300,5.654500,6,0.5,1,0,100,0,0,0,0,na,na
A51570,5.678000,1,0.03,0.3,0,50,125.4395,5,0.5,2,0,550,51.57450,5,1,8,0,300,6.746000,6,0.5,1,0,100,0,0,0,0,na,na
A51580,6.231000,1,0.03,0.3,0,50,247.2520,5,0.5,2,0,550,98.79750,5,1,8,0,300,7.678500,6,0.5,1,0,100,0,0,0,0,na,na
A51590,15,1,0.03,0.3,0,50,300,5,0.5,2,0,550,200,5,1,8,0,300,100,6,0.5,1,0,100,0,0,0,0,na,na
A51595,15,1,0.03,0.3,0,50,300,5,0.5,2,0,550,200,5,1,8,0,300,100,6,0.5,1,0,100,0,0,0,0,na,na
A51600,4.185500,1,0.03,0.3,0,50,209.5285,5,0.5,2,0,550,96.05050,5,1,8,0,300,8.950001,6,0.5,1,0,100,0,0,0,0,na,na
A51610,3.746000,1,0.03,0.3,0,50,90.00900,5,0.5,2,0,550,148.7015,5,1,8,0,300,13.41900,6,0.5,1,0,100,0,0,0,0,na,na
A51620,15,1,0.03,0.3,0,50,300,5,0.5,2,0,550,200,5,1,8,0,300,100,6,0.5,1,0,100,0,0,0,0,na,na
A51630,5.032000,1,0.03,0.3,0,50,115.2645,5,0.5,2,0,550,102.4505,5,1,8,0,300,10.62850,6,0.5,1,0,100,0,0,0,0,na,na
A51640,15,1,0.03,0.3,0,50,300,5,0.5,2,0,550,200,5,1,8,0,300,100,6,0.5,1,0,100,0,0,0,0,na,na
A51650,4.122000,1,0.03,0.3,0,50,128.9435,5,0.5,2,0,550,80.44300,5,1,8,0,300,8.413000,6,0.5,1,0,100,0,0,0,0,na,na
A51660,9.396000,1,0.03,0.3,0,50,150.6625,5,0.5,2,0,550,180.8010,5,1,8,0,300,20.21150,6,0.5,1,0,100,0,0,0,0,na,na
A51670,6.285500,1,0.03,0.3,0,50,100.2955,5,0.5,2,0,550,144.7595,5,1,8,0,300,15.68650,6,0.5,1,0,100,0,0,0,0,na,na
A51678,5.828000,1,0.03,0.3,0,50,85.55299,5,0.5,2,0,550,105.4640,5,1,8,0,300,14.45700,6,0.5,1,0,100,0,0,0,0,na,na
A51680,4.116000,1,0.03,0.3,0,50,170.3210,5,0.5,2,0,550,108.4560,5,1,8,0,300,9.718000,6,0.5,1,0,100,0,0,0,0,na,na
A51683,3.871500,1,0.03,0.3,0,50,249.4665,5,0.5,2,0,550,71.07150,5,1,8,0,300,6.041500,6,0.5,1,0,100,0,0,0,0,na,na
A51685,3.995500,1,0.03,0.3,0,50,249.6530,5,0.5,2,0,550,72.90750,5,1,8,0,300,5.885500,6,0.5,1,0,100,0,0,0,0,na,na
A51690,15,1,0.03,0.3,0,50,300,5,0.5,2,0,550,200,5,1,8,0,300,100,6,0.5,1,0,100,0,0,0,0,na,na
A51700,4.226000,1,0.03,0.3,0,50,109.9295,5,0.5,2,0,550,122.7915,5,1,8,0,300,11.94250,6,0.5,1,0,100,0,0,0,0,na,na
A51710,4.285000,1,0.03,0.3,0,50,140.2570,5,0.5,2,0,550,67.63450,5,1,8,0,300,7.680500,6,0.5,1,0,100,0,0,0,0,na,na
A51720,15,1,0.03,0.3,0,50,300,5,0.5,2,0,550,200,5,1,8,0,300,100,6,0.5,1,0,100,0,0,0,0,na,na
A51730,5.788000,1,0.03,0.3,0,50,66.68150,5,0.5,2,0,550,92.61300,5,1,8,0,300,11.39500,6,0.5,1,0,100,0,0,0,0,na,na
A51735,4.591000,1,0.03,0.3,0,50,74.31100,5,0.5,2,0,550,150.3315,5,1,8,0,300,15.84800,6,0.5,1,0,100,0,0,0,0,na,na
A51740,4.227500,1,0.03,0.3,0,50,138.2810,5,0.5,2,0,550,87.53200,5,1,8,0,300,9.456500,6,0.5,1,0,100,0,0,0,0,na,na
A51750,15,1,0.03,0.3,0,50,300,5,0.5,2,0,550,200,5,1,8,0,300,100,6,0.5,1,0,100,0,0,0,0,na,na
A51760,4.835500,1,0.03,0.3,0,50,90.13400,5,0.5,2,0,550,79.86000,5,1,8,0,300,10.63050,6,0.5,1,0,100,0,0,0,0,na,na
A51770,15,1,0.03,0.3,0,50,300,5,0.5,2,0,550,200,5,1,8,0,300,100,6,0.5,1,0,100,0,0,0,0,na,na
A51775,15,1,0.03,0.3,0,50,300,5,0.5,2,0,550,200,5,1,8,0,300,100,6,0.5,1,0,100,0,0,0,0,na,na
A51790,5.950500,1,0.03,0.3,0,50,117.5650,5,0.5,2,0,550,89.29601,5,1,8,0,300,11.61100,6,0.5,1,0,100,0,0,0,0,na,na
A51800,3.510500,1,0.03,0.3,0,50,228.1285,5,0.5,2,0,550,48.49950,5,1,8,0,300,3.718000,6,0.5,1,0,100,0,0,0,0,na,na
A51810,7.345000,1,0.03,0.3,0,50,288.8095,5,0.5,2,0,550,74.08500,5,1,8,0,300,5.074000,6,0.5,1,0,100,0,0,0,0,na,na
A51820,5.758000,1,0.03,0.3,0,50,162.9105,5,0.5,2,0,550,170.5495,5,1,8,0,300,19.33350,6,0.5,1,0,100,0,0,0,0,na,na
A51830,4.922500,1,0.03,0.3,0,50,104.2210,5,0.5,2,0,550,123.6510,5,1,8,0,300,12.55400,6,0.5,1,0,100,0,0,0,0,na,na
A51840,5.891000,1,0.03,0.3,0,50,94.25300,5,0.5,2,0,550,107.8445,5,1,8,0,300,14.24050,6,0.5,1,0,100,0,0,0,0,na,na
A54003,9.249001,1,0.03,0.3,0,50,272.6215,5,0.5,2,0,550,68.45450,5,1,8,0,300,6.032500,6,0.5,1,0,100,0,0,0,0,na,na
A54023,18.92800,1,0.03,0.3,0,50,957.5240,5,0.5,2,0,550,33.53050,5,1,8,0,300,3.023000,6,0.5,1,0,100,0,0,0,0,na,na
A54027,12.40450,1,0.03,0.3,0,50,451.9590,5,0.5,2,0,550,34.79600,5,1,8,0,300,2.734000,6,0.5,1,0,100,0,0,0,0,na,na
A54031,5.363000,1,0.03,0.3,0,50,692.0160,5,0.5,2,0,550,35.40400,5,1,8,0,300,3.775000,6,0.5,1,0,100,0,0,0,0,na,na
A54037,9.257500,1,0.03,0.3,0,50,293.6660,5,0.5,2,0,550,94.13350,5,1,8,0,300,9.056499,6,0.5,1,0,100,0,0,0,0,na,na
A54057,21.78850,1,0.03,0.3,0,50,559.2300,5,0.5,2,0,550,44.76850,5,1,8,0,300,3.779000,6,0.5,1,0,100,0,0,0,0,na,na
A54063,2.888000,1,0.03,0.3,0,50,680.6570,5,0.5,2,0,550,23.19500,5,1,8,0,300,2.044500,6,0.5,1,0,100,0,0,0,0,na,na
A54065,2.421000,1,0.03,0.3,0,50,477.5790,5,0.5,2,0,550,23.60400,5,1,8,0,300,1.645000,6,0.5,1,0,100,0,0,0,0,na,na
A54071,9.133500,1,0.03,0.3,0,50,524.2235,5,0.5,2,0,550,71.76550,5,1,8,0,300,6.148000,6,0.5,1,0,100,0,0,0,0,na,na
A54077,2.051500,1,0.03,0.3,0,50,801.2195,5,0.5,2,0,550,14.88200,5,1,8,0,300,1.178000,6,0.5,1,0,100,0,0,0,0,na,na
A54093,1.888000,1,0.03,0.3,0,50,915.5190,5,0.5,2,0,550,13.32000,5,1,8,0,300,1.015000,6,0.5,1,0,100,0,0,0,0,na,na
B24001,7.031500,1,0.03,0.3,0,50,693.4680,5,0.5,2,0,550,63.84850,5,1,8,0,300,6.031000,6,0.5,1,0,100,0,0,0,0,na,na
B24021,2.704000,1,0.03,0.3,0,50,557.9745,5,0.5,2,0,550,91.02750,5,1,8,0,300,7.001000,6,0.5,1,0,100,0,0,0,0,na,na
B37005,15,1,0.03,0.3,0,50,300,5,0.5,2,0,550,200,5,1,8,0,300,100,6,0.5,1,0,100,0,0,0,0,na,na
B37009,15,1,0.03,0.3,0,50,300,5,0.5,2,0,550,200,5,1,8,0,300,100,6,0.5,1,0,100,0,0,0,0,na,na
B42001,4.096000,1,0.03,0.3,0,50,669.5385,5,0.5,2,0,550,55.99700,5,1,8,0,300,3.280000,6,0.5,1,0,100,0,0,0,0,na,na
B42009,3.733000,1,0.03,0.3,0,50,743.3695,5,0.5,2,0,550,39.48200,5,1,8,0,300,3.298000,6,0.5,1,0,100,0,0,0,0,na,na
B42015,3.196500,1,0.03,0.3,0,50,817.0535,5,0.5,2,0,550,33.34050,5,1,8,0,300,2.668000,6,0.5,1,0,100,0,0,0,0,na,na
B42027,3.727000,1,0.03,0.3,0,50,623.5815,5,0.5,2,0,550,108.5325,5,1,8,0,300,9.694000,6,0.5,1,0,100,0,0,0,0,na,na
B42035,6.230500,1,0.03,0.3,0,50,630.2685,5,0.5,2,0,550,86.98250,5,1,8,0,300,7.635500,6,0.5,1,0,100,0,0,0,0,na,na
B42041,3.928500,1,0.03,0.3,0,50,418.3155,5,0.5,2,0,550,146.3750,5,1,8,0,300,15.13250,6,0.5,1,0,100,0,0,0,0,na,na
B42043,4.050000,1,0.03,0.3,0,50,537.4020,5,0.5,2,0,550,93.63750,5,1,8,0,300,7.886000,6,0.5,1,0,100,0,0,0,0,na,na
B42055,3.050000,1,0.03,0.3,0,50,668.5290,5,0.5,2,0,550,78.25050,5,1,8,0,300,6.546500,6,0.5,1,0,100,0,0,0,0,na,na
B42079,4.397500,1,0.03,0.3,0,50,604.9530,5,0.5,2,0,550,63.91450,5,1,8,0,300,6.542500,6,0.5,1,0,100,0,0,0,0,na,na
B42081,3.541000,1,0.03,0.3,0,50,462.1720,5,0.5,2,0,550,87.04200,5,1,8,0,300,8.763000,6,0.5,1,0,100,0,0,0,0,na,na
B42119,2.573500,1,0.03,0.3,0,50,520.3570,5,0.5,2,0,550,96.79449,5,1,8,0,300,9.019501,6,0.5,1,0,100,0,0,0,0,na,na
B42131,3.334000,1,0.03,0.3,0,50,806.1540,5,0.5,2,0,550,28.04750,5,1,8,0,300,2.822500,6,0.5,1,0,100,0,0,0,0,na,na
B51003,15.34450,1,0.03,0.3,0,50,477.8520,5,0.5,2,0,550,114.6290,5,1,8,0,300,9.096001,6,0.5,1,0,100,0,0,0,0,na,na
B51009,4.815000,1,0.03,0.3,0,50,533.1285,5,0.5,2,0,550,146.7620,5,1,8,0,300,12.54300,6,0.5,1,0,100,0,0,0,0,na,na
B51015,4.307000,1,0.03,0.3,0,50,1126.685,5,0.5,2,0,550,95.86349,5,1,8,0,300,11.63150,6,0.5,1,0,100,0,0,0,0,na,na
B51017,20.21700,1,0.03,0.3,0,50,784.5870,5,0.5,2,0,550,72.62350,5,1,8,0,300,8.252000,6,0.5,1,0,100,0,0,0,0,na,na
B51019,8.249500,1,0.03,0.3,0,50,498.1700,5,0.5,2,0,550,126.7730,5,1,8,0,300,8.448500,6,0.5,1,0,100,0,0,0,0,na,na
B51023,2.571500,1,0.03,0.3,0,50,943.1795,5,0.5,2,0,550,86.36850,5,1,8,0,300,9.764500,6,0.5,1,0,100,0,0,0,0,na,na
B51035,15,1,0.03,0.3,0,50,300,5,0.5,2,0,550,200,5,1,8,0,300,100,6,0.5,1,0,100,0,0,0,0,na,na
B51061,6.457500,1,0.03,0.3,0,50,482.5790,5,0.5,2,0,550,91.60600,5,1,8,0,300,6.706500,6,0.5,1,0,100,0,0,0,0,na,na
B51067,15,1,0.03,0.3,0,50,300,5,0.5,2,0,550,200,5,1,8,0,300,100,6,0.5,1,0,100,0,0,0,0,na,na
B51071,15,1,0.03,0.3,0,50,300,5,0.5,2,0,550,200,5,1,8,0,300,100,6,0.5,1,0,100,0,0,0,0,na,na
B51077,15,1,0.03,0.3,0,50,300,5,0.5,2,0,550,200,5,1,8,0,300,100,6,0.5,1,0,100,0,0,0,0,na,na
B51079,6.625500,1,0.03,0.3,0,50,700.1675,5,0.5,2,0,550,63.79000,5,1,8,0,300,4.511000,6,0.5,1,0,100,0,0,0,0,na,na
B51091,39.04850,1,0.03,0.3,0,50,1040.485,5,0.5,2,0,550,169.6275,5,1,8,0,300,19.39650,6,0.5,1,0,100,0,0,0,0,na,na
B51105,15,1,0.03,0.3,0,50,300,5,0.5,2,0,550,200,5,1,8,0,300,100,6,0.5,1,0,100,0,0,0,0,na,na
B51113,2.600000,1,0.03,0.3,0,50,635.7745,5,0.5,2,0,550,83.18750,5,1,8,0,300,5.883500,6,0.5,1,0,100,0,0,0,0,na,na
B51125,2.268500,1,0.03,0.3,0,50,429.2535,5,0.5,2,0,550,68.69950,5,1,8,0,300,4.795500,6,0.5,1,0,100,0,0,0,0,na,na
B51139,9.383500,1,0.03,0.3,0,50,552.9595,5,0.5,2,0,550,64.31850,5,1,8,0,300,7.236000,6,0.5,1,0,100,0,0,0,0,na,na
B51141,15,1,0.03,0.3,0,50,300,5,0.5,2,0,550,200,5,1,8,0,300,100,6,0.5,1,0,100,0,0,0,0,na,na
B51157,1.553500,1,0.03,0.3,0,50,584.8920,5,0.5,2,0,550,70.13850,5,1,8,0,300,4.624500,6,0.5,1,0,100,0,0,0,0,na,na
B51161,15,1,0.03,0.3,0,50,300,5,0.5,2,0,550,200,5,1,8,0,300,100,6,0.5,1,0,100,0,0,0,0,na,na
B51163,4.185500,1,0.03,0.3,0,50,794.3125,5,0.5,2,0,550,123.7520,5,1,8,0,300,14.45950,6,0.5,1,0,100,0,0,0,0,na,na
B51165,13.12350,1,0.03,0.3,0,50,1563.780,5,0.5,2,0,550,23.32600,5,1,8,0,300,2.297500,6,0.5,1,0,100,0,0,0,0,na,na
B51167,15,1,0.03,0.3,0,50,300,5,0.5,2,0,550,200,5,1,8,0,300,100,6,0.5,1,0,100,0,0,0,0,na,na
B51169,15,1,0.03,0.3,0,50,300,5,0.5,2,0,550,200,5,1,8,0,300,100,6,0.5,1,0,100,0,0,0,0,na,na
B51171,3.954500,1,0.03,0.3,0,50,932.4105,5,0.5,2,0,550,55.97950,5,1,8,0,300,6.699500,6,0.5,1,0,100,0,0,0,0,na,na
B51173,15,1,0.03,0.3,0,50,300,5,0.5,2,0,550,200,5,1,8,0,300,100,6,0.5,1,0,100,0,0,0,0,na,na
B51185,15,1,0.03,0.3,0,50,300,5,0.5,2,0,550,200,5,1,8,0,300,100,6,0.5,1,0,100,0,0,0,0,na,na
B51187,2.282500,1,0.03,0.3,0,50,599.1505,5,0.5,2,0,550,66.11750,5,1,8,0,300,6.448000,6,0.5,1,0,100,0,0,0,0,na,na
B51191,15,1,0.03,0.3,0,50,300,5,0.5,2,0,550,200,5,1,8,0,300,100,6,0.5,1,0,100,0,0,0,0,na,na
B51195,15,1,0.03,0.3,0,50,300,5,0.5,2,0,550,200,5,1,8,0,300,100,6,0.5,1,0,100,0,0,0,0,na,na
B51197,15,1,0.03,0.3,0,50,300,5,0.5,2,0,550,200,5,1,8,0,300,100,6,0.5,1,0,100,0,0,0,0,na,na
B54023,23.79850,1,0.03,0.3,0,50,441.0580,5,0.5,2,0,550,93.42250,5,1,8,0,300,8.337000,6,0.5,1,0,100,0,0,0,0,na,na
B54031,5.901500,1,0.03,0.3,0,50,534.6300,5,0.5,2,0,550,43.90100,5,1,8,0,300,4.350000,6,0.5,1,0,100,0,0,0,0,na,na
B54057,20.58150,1,0.03,0.3,0,50,332.8165,5,0.5,2,0,550,77.84300,5,1,8,0,300,6.646500,6,0.5,1,0,100,0,0,0,0,na,na
B54071,10.97200,1,0.03,0.3,0,50,536.7505,5,0.5,2,0,550,105.1955,5,1,8,0,300,11.05400,6,0.5,1,0,100,0,0,0,0,na,na
C42009,3.664500,1,0.03,0.3,0,50,780.5300,5,0.5,2,0,550,18.45850,5,1,8,0,300,1.131500,6,0.5,1,0,100,0,0,0,0,na,na
C51015,3.637500,1,0.03,0.3,0,50,1145.091,5,0.5,2,0,550,67.56250,5,1,8,0,300,6.833000,6,0.5,1,0,100,0,0,0,0,na,na
C51071,15,1,0.03,0.3,0,50,300,5,0.5,2,0,550,200,5,1,8,0,300,100,6,0.5,1,0,100,0,0,0,0,na,na
C51165,15.57250,1,0.03,0.3,0,50,1278.578,5,0.5,2,0,550,59.02000,5,1,8,0,300,8.143000,6,0.5,1,0,100,0,0,0,0,na,na
F10005,6.997500,1,0.03,0.3,0,50,343.9805,5,0.5,2,0,550,81.63450,5,1,8,0,300,11.85200,6,0.5,1,0,100,0,0,0,0,na,na
F11001,5.475500,1,0.03,0.3,0,50,74.75050,5,0.5,2,0,550,157.4645,5,1,8,0,300,14.23650,6,0.5,1,0,100,0,0,0,0,na,na
F24001,5.912000,1,0.03,0.3,0,50,674.0980,5,0.5,2,0,550,37.31400,5,1,8,0,300,2.785500,6,0.5,1,0,100,0,0,0,0,na,na
F24003,1.911500,1,0.03,0.3,0,50,343.0805,5,0.5,2,0,550,47.64050,5,1,8,0,300,4.919500,6,0.5,1,0,100,0,0,0,0,na,na
F24005,2.614000,1,0.03,0.3,0,50,333.8285,5,0.5,2,0,550,125.3120,5,1,8,0,300,12.14300,6,0.5,1,0,100,0,0,0,0,na,na
F24009,1.154500,1,0.03,0.3,0,50,217.9050,5,0.5,2,0,550,55.23100,5,1,8,0,300,4.450000,6,0.5,1,0,100,0,0,0,0,na,na
F24013,3.929000,1,0.03,0.3,0,50,581.5495,5,0.5,2,0,550,39.09250,5,1,8,0,300,3.576000,6,0.5,1,0,100,0,0,0,0,na,na
F24015,1.365500,1,0.03,0.3,0,50,581.1360,5,0.5,2,0,550,40.02000,5,1,8,0,300,3.697000,6,0.5,1,0,100,0,0,0,0,na,na
F24017,1.354500,1,0.03,0.3,0,50,297.8050,5,0.5,2,0,550,47.35700,5,1,8,0,300,3.614500,6,0.5,1,0,100,0,0,0,0,na,na
F24019,2.698500,1,0.03,0.3,0,50,415.5205,5,0.5,2,0,550,60.19150,5,1,8,0,300,4.967500,6,0.5,1,0,100,0,0,0,0,na,na
F24021,2.729000,1,0.03,0.3,0,50,492.5665,5,0.5,2,0,550,76.34350,5,1,8,0,300,5.309500,6,0.5,1,0,100,0,0,0,0,na,na
F24023,4.986000,1,0.03,0.3,0,50,698.7065,5,0.5,2,0,550,61.62900,5,1,8,0,300,5.480000,6,0.5,1,0,100,0,0,0,0,na,na
F24025,2.515000,1,0.03,0.3,0,50,498.0285,5,0.5,2,0,550,86.12199,5,1,8,0,300,7.983500,6,0.5,1,0,100,0,0,0,0,na,na
F24027,2.629000,1,0.03,0.3,0,50,397.4325,5,0.5,2,0,550,106.6050,5,1,8,0,300,9.754499,6,0.5,1,0,100,0,0,0,0,na,na
F24029,3.121000,1,0.03,0.3,0,50,417.8635,5,0.5,2,0,550,32.68750,5,1,8,0,300,2.383500,6,0.5,1,0,100,0,0,0,0,na,na
F24031,2.283000,1,0.03,0.3,0,50,234.3655,5,0.5,2,0,550,132.7000,5,1,8,0,300,12.93600,6,0.5,1,0,100,0,0,0,0,na,na
F24033,1.173500,1,0.03,0.3,0,50,247.3745,5,0.5,2,0,550,46.60750,5,1,8,0,300,3.696000,6,0.5,1,0,100,0,0,0,0,na,na
F24035,4.472500,1,0.03,0.3,0,50,406.0065,5,0.5,2,0,550,42.26800,5,1,8,0,300,3.012000,6,0.5,1,0,100,0,0,0,0,na,na
F24037,2.122000,1,0.03,0.3,0,50,318.1275,5,0.5,2,0,550,24.17100,5,1,8,0,300,1.491000,6,0.5,1,0,100,0,0,0,0,na,na
F24039,4.706500,1,0.03,0.3,0,50,589.9525,5,0.5,2,0,550,30.54550,5,1,8,0,300,2.654000,6,0.5,1,0,100,0,0,0,0,na,na
F24041,6.617000,1,0.03,0.3,0,50,403.0725,5,0.5,2,0,550,61.60400,5,1,8,0,300,4.807000,6,0.5,1,0,100,0,0,0,0,na,na
F24043,4.226500,1,0.03,0.3,0,50,421.3580,5,0.5,2,0,550,81.14450,5,1,8,0,300,6.337500,6,0.5,1,0,100,0,0,0,0,na,na
F24045,3.030500,1,0.03,0.3,0,50,653.8320,5,0.5,2,0,550,25.44200,5,1,8,0,300,2.277000,6,0.5,1,0,100,0,0,0,0,na,na
F24510,3.195500,1,0.03,0.3,0,50,168.9070,5,0.5,2,0,550,133.6965,5,1,8,0,300,13.20300,6,0.5,1,0,100,0,0,0,0,na,na
F36003,3.754000,1,0.03,0.3,0,50,1394.088,5,0.5,2,0,550,19.91600,5,1,8,0,300,1.427000,6,0.5,1,0,100,0,0,0,0,na,na
F36007,4.602000,1,0.03,0.3,0,50,1380.128,5,0.5,2,0,550,100.7490,5,1,8,0,300,9.708000,6,0.5,1,0,100,0,0,0,0,na,na
F36015,1.174500,1,0.03,0.3,0,50,1149.985,5,0.5,2,0,550,23.02550,5,1,8,0,300,1.752500,6,0.5,1,0,100,0,0,0,0,na,na
F36025,4.445500,1,0.03,0.3,0,50,1660.339,5,0.5,2,0,550,83.02900,5,1,8,0,300,10.12900,6,0.5,1,0,100,0,0,0,0,na,na
F36101,4.220500,1,0.03,0.3,0,50,1051.346,5,0.5,2,0,550,39.17850,5,1,8,0,300,2.715000,6,0.5,1,0,100,0,0,0,0,na,na
F42001,3.171000,1,0.03,0.3,0,50,551.8820,5,0.5,2,0,550,50.96450,5,1,8,0,300,2.753500,6,0.5,1,0,100,0,0,0,0,na,na
F42009,3.786000,1,0.03,0.3,0,50,759.0195,5,0.5,2,0,550,27.61700,5,1,8,0,300,2.455000,6,0.5,1,0,100,0,0,0,0,na,na
F42011,1.664000,1,0.03,0.3,0,50,716.6160,5,0.5,2,0,550,45.09150,5,1,8,0,300,3.573000,6,0.5,1,0,100,0,0,0,0,na,na
F42013,4.062000,1,0.03,0.3,0,50,814.4235,5,0.5,2,0,550,62.85950,5,1,8,0,300,5.097500,6,0.5,1,0,100,0,0,0,0,na,na
F42021,6.117500,1,0.03,0.3,0,50,534.3440,5,0.5,2,0,550,49.42300,5,1,8,0,300,3.875000,6,0.5,1,0,100,0,0,0,0,na,na
F42027,3.574500,1,0.03,0.3,0,50,590.7700,5,0.5,2,0,550,102.8730,5,1,8,0,300,9.844000,6,0.5,1,0,100,0,0,0,0,na,na
F42033,11.93200,1,0.03,0.3,0,50,591.2540,5,0.5,2,0,550,40.72850,5,1,8,0,300,2.921000,6,0.5,1,0,100,0,0,0,0,na,na
F42035,5.122500,1,0.03,0.3,0,50,813.0840,5,0.5,2,0,550,42.48300,5,1,8,0,300,3.193000,6,0.5,1,0,100,0,0,0,0,na,na
F42041,3.676500,1,0.03,0.3,0,50,277.0285,5,0.5,2,0,550,171.1445,5,1,8,0,300,16.16800,6,0.5,1,0,100,0,0,0,0,na,na
F42043,3.747000,1,0.03,0.3,0,50,597.1360,5,0.5,2,0,550,78.98250,5,1,8,0,300,6.189000,6,0.5,1,0,100,0,0,0,0,na,na
F42055,2.617500,1,0.03,0.3,0,50,641.9220,5,0.5,2,0,550,72.67550,5,1,8,0,300,5.752000,6,0.5,1,0,100,0,0,0,0,na,na
F42061,3.249000,1,0.03,0.3,0,50,632.6435,5,0.5,2,0,550,66.86750,5,1,8,0,300,5.354000,6,0.5,1,0,100,0,0,0,0,na,na
F42069,6.595500,1,0.03,0.3,0,50,701.0125,5,0.5,2,0,550,66.93100,5,1,8,0,300,8.328501,6,0.5,1,0,100,0,0,0,0,na,na
F42071,0.565500,1,0.03,0.3,0,50,939.6510,5,0.5,2,0,550,47.22700,5,1,8,0,300,4.865000,6,0.5,1,0,100,0,0,0,0,na,na
F42075,0.280500,1,0.03,0.3,0,50,815.8625,5,0.5,2,0,550,62.60550,5,1,8,0,300,5.811000,6,0.5,1,0,100,0,0,0,0,na,na
F42079,3.850500,1,0.03,0.3,0,50,602.6035,5,0.5,2,0,550,43.51000,5,1,8,0,300,4.143500,6,0.5,1,0,100,0,0,0,0,na,na
F42081,2.996000,1,0.03,0.3,0,50,669.3420,5,0.5,2,0,550,45.62800,5,1,8,0,300,3.965500,6,0.5,1,0,100,0,0,0,0,na,na
F42087,1.529000,1,0.03,0.3,0,50,767.7880,5,0.5,2,0,550,34.73450,5,1,8,0,300,2.933000,6,0.5,1,0,100,0,0,0,0,na,na
F42097,2.214500,1,0.03,0.3,0,50,478.8145,5,0.5,2,0,550,81.22450,5,1,8,0,300,6.338500,6,0.5,1,0,100,0,0,0,0,na,na
F42107,2.568000,1,0.03,0.3,0,50,609.1455,5,0.5,2,0,550,54.82450,5,1,8,0,300,4.042500,6,0.5,1,0,100,0,0,0,0,na,na
F42115,7.694000,1,0.03,0.3,0,50,926.8145,5,0.5,2,0,550,22.02850,5,1,8,0,300,2.182000,6,0.5,1,0,100,0,0,0,0,na,na
F42117,3.986000,1,0.03,0.3,0,50,826.0215,5,0.5,2,0,550,18.63550,5,1,8,0,300,1.205000,6,0.5,1,0,100,0,0,0,0,na,na
F42119,2.098500,1,0.03,0.3,0,50,667.0740,5,0.5,2,0,550,68.84750,5,1,8,0,300,5.405500,6,0.5,1,0,100,0,0,0,0,na,na
F42133,2.072000,1,0.03,0.3,0,50,538.1265,5,0.5,2,0,550,100.8470,5,1,8,0,300,9.589500,6,0.5,1,0,100,0,0,0,0,na,na
F51001,0.649000,1,0.03,0.3,0,50,293.4010,5,0.5,2,0,550,46.52000,5,1,8,0,300,3.730500,6,0.5,1,0,100,0,0,0,0,na,na
F51003,14.79350,1,0.03,0.3,0,50,406.4790,5,0.5,2,0,550,108.1890,5,1,8,0,300,9.080999,6,0.5,1,0,100,0,0,0,0,na,na
F51005,102.2695,1,0.03,0.3,0,50,860.4965,5,0.5,2,0,550,135.9990,5,1,8,0,300,15.98700,6,0.5,1,0,100,0,0,0,0,na,na
F51009,4.909500,1,0.03,0.3,0,50,448.0175,5,0.5,2,0,550,169.9115,5,1,8,0,300,15.29500,6,0.5,1,0,100,0,0,0,0,na,na
F51011,4.099500,1,0.03,0.3,0,50,327.9305,5,0.5,2,0,550,58.96750,5,1,8,0,300,2.823500,6,0.5,1,0,100,0,0,0,0,na,na
F51013,3.181500,1,0.03,0.3,0,50,213.7435,5,0.5,2,0,550,72.26151,5,1,8,0,300,6.355000,6,0.5,1,0,100,0,0,0,0,na,na
F51015,3.603500,1,0.03,0.3,0,50,1073.574,5,0.5,2,0,550,65.89000,5,1,8,0,300,7.350500,6,0.5,1,0,100,0,0,0,0,na,na
F51017,15.11600,1,0.03,0.3,0,50,905.8495,5,0.5,2,0,550,61.28150,5,1,8,0,300,5.507500,6,0.5,1,0,100,0,0,0,0,na,na
F51019,8.082001,1,0.03,0.3,0,50,562.6630,5,0.5,2,0,550,106.7495,5,1,8,0,300,7.281000,6,0.5,1,0,100,0,0,0,0,na,na
F51023,2.446500,1,0.03,0.3,0,50,916.2490,5,0.5,2,0,550,90.04750,5,1,8,0,300,8.911500,6,0.5,1,0,100,0,0,0,0,na,na
F51033,2.701000,1,0.03,0.3,0,50,270.7475,5,0.5,2,0,550,74.86100,5,1,8,0,300,5.089500,6,0.5,1,0,100,0,0,0,0,na,na
F51041,1.749000,1,0.03,0.3,0,50,326.6400,5,0.5,2,0,550,69.64799,5,1,8,0,300,4.662500,6,0.5,1,0,100,0,0,0,0,na,na
F51043,7.338000,1,0.03,0.3,0,50,623.0830,5,0.5,2,0,550,83.09900,5,1,8,0,300,8.504499,6,0.5,1,0,100,0,0,0,0,na,na
F51045,6.217000,1,0.03,0.3,0,50,733.4420,5,0.5,2,0,550,97.27400,5,1,8,0,300,11.55850,6,0.5,1,0,100,0,0,0,0,na,na
F51053,0.751500,1,0.03,0.3,0,50,278.0000,5,0.5,2,0,550,18.47200,5,1,8,0,300,1.011000,6,0.5,1,0,100,0,0,0,0,na,na
F51057,3.271500,1,0.03,0.3,0,50,259.8090,5,0.5,2,0,550,31.68100,5,1,8,0,300,1.915500,6,0.5,1,0,100,0,0,0,0,na,na
F51059,3.076500,1,0.03,0.3,0,50,648.5735,5,0.5,2,0,550,44.94000,5,1,8,0,300,3.753000,6,0.5,1,0,100,0,0,0,0,na,na
F51061,5.077000,1,0.03,0.3,0,50,445.9970,5,0.5,2,0,550,57.61000,5,1,8,0,300,3.587000,6,0.5,1,0,100,0,0,0,0,na,na
F51069,5.055500,1,0.03,0.3,0,50,607.7605,5,0.5,2,0,550,41.45400,5,1,8,0,300,3.944000,6,0.5,1,0,100,0,0,0,0,na,na
F51071,105.9185,1,0.03,0.3,0,50,928.2650,5,0.5,2,0,550,125.7715,5,1,8,0,300,15.71450,6,0.5,1,0,100,0,0,0,0,na,na
F51079,6.390000,1,0.03,0.3,0,50,567.3585,5,0.5,2,0,550,79.60150,5,1,8,0,300,5.726000,6,0.5,1,0,100,0,0,0,0,na,na
F51085,2.935000,1,0.03,0.3,0,50,312.0665,5,0.5,2,0,550,88.88100,5,1,8,0,300,7.336000,6,0.5,1,0,100,0,0,0,0,na,na
F51087,2.786500,1,0.03,0.3,0,50,255.4835,5,0.5,2,0,550,86.64750,5,1,8,0,300,7.657000,6,0.5,1,0,100,0,0,0,0,na,na
F51091,11.04950,1,0.03,0.3,0,50,1047.655,5,0.5,2,0,550,70.97200,5,1,8,0,300,7.713500,6,0.5,1,0,100,0,0,0,0,na,na
F51095,2.801000,1,0.03,0.3,0,50,289.2050,5,0.5,2,0,550,41.59800,5,1,8,0,300,3.293500,6,0.5,1,0,100,0,0,0,0,na,na
F51099,7.301500,1,0.03,0.3,0,50,246.3090,5,0.5,2,0,550,29.22050,5,1,8,0,300,1.948500,6,0.5,1,0,100,0,0,0,0,na,na
F51101,3.460500,1,0.03,0.3,0,50,312.8285,5,0.5,2,0,550,28.45250,5,1,8,0,300,1.726500,6,0.5,1,0,100,0,0,0,0,na,na
F51107,3.510000,1,0.03,0.3,0,50,341.3350,5,0.5,2,0,550,59.30600,5,1,8,0,300,4.128000,6,0.5,1,0,100,0,0,0,0,na,na
F51113,2.535000,1,0.03,0.3,0,50,514.7240,5,0.5,2,0,550,90.08650,5,1,8,0,300,6.524500,6,0.5,1,0,100,0,0,0,0,na,na
F51121,2.746000,1,0.03,0.3,0,50,936.9195,5,0.5,2,0,550,115.9005,5,1,8,0,300,13.69500,6,0.5,1,0,100,0,0,0,0,na,na
F51125,2.287000,1,0.03,0.3,0,50,321.6510,5,0.5,2,0,550,79.99300,5,1,8,0,300,5.835500,6,0.5,1,0,100,0,0,0,0,na,na
F51131,1.809000,1,0.03,0.3,0,50,239.7350,5,0.5,2,0,550,50.54550,5,1,8,0,300,4.246000,6,0.5,1,0,100,0,0,0,0,na,na
F51137,3.718500,1,0.03,0.3,0,50,472.0970,5,0.5,2,0,550,79.70250,5,1,8,0,300,4.823000,6,0.5,1,0,100,0,0,0,0,na,na
F51139,9.728500,1,0.03,0.3,0,50,437.9590,5,0.5,2,0,550,101.8345,5,1,8,0,300,11.41200,6,0.5,1,0,100,0,0,0,0,na,na
F51145,6.807000,1,0.03,0.3,0,50,529.4845,5,0.5,2,0,550,67.12100,5,1,8,0,300,4.672000,6,0.5,1,0,100,0,0,0,0,na,na
F51147,3.885500,1,0.03,0.3,0,50,493.4375,5,0.5,2,0,550,35.86950,5,1,8,0,300,2.247000,6,0.5,1,0,100,0,0,0,0,na,na
F51149,2.402000,1,0.03,0.3,0,50,249.1440,5,0.5,2,0,550,59.39350,5,1,8,0,300,5.226500,6,0.5,1,0,100,0,0,0,0,na,na
F51153,4.899000,1,0.03,0.3,0,50,445.1730,5,0.5,2,0,550,36.91650,5,1,8,0,300,2.200500,6,0.5,1,0,100,0,0,0,0,na,na
F51157,1.601000,1,0.03,0.3,0,50,512.1410,5,0.5,2,0,550,71.64149,5,1,8,0,300,4.640000,6,0.5,1,0,100,0,0,0,0,na,na
F51159,10.10200,1,0.03,0.3,0,50,312.1535,5,0.5,2,0,550,22.03550,5,1,8,0,300,1.255000,6,0.5,1,0,100,0,0,0,0,na,na
F51161,5.465500,1,0.03,0.3,0,50,982.0755,5,0.5,2,0,550,60.30100,5,1,8,0,300,5.344000,6,0.5,1,0,100,0,0,0,0,na,na
F51163,2.442000,1,0.03,0.3,0,50,807.3405,5,0.5,2,0,550,107.9780,5,1,8,0,300,12.17050,6,0.5,1,0,100,0,0,0,0,na,na
F51165,15.25350,1,0.03,0.3,0,50,878.7810,5,0.5,2,0,550,37.70950,5,1,8,0,300,3.491500,6,0.5,1,0,100,0,0,0,0,na,na
F51171,3.772000,1,0.03,0.3,0,50,741.4695,5,0.5,2,0,550,56.47000,5,1,8,0,300,6.879000,6,0.5,1,0,100,0,0,0,0,na,na
F51177,3.890000,1,0.03,0.3,0,50,355.2860,5,0.5,2,0,550,65.57899,5,1,8,0,300,4.259500,6,0.5,1,0,100,0,0,0,0,na,na
F51179,1.205500,1,0.03,0.3,0,50,284.0820,5,0.5,2,0,550,33.70550,5,1,8,0,300,1.857500,6,0.5,1,0,100,0,0,0,0,na,na
F51181,2.992000,1,0.03,0.3,0,50,260.8400,5,0.5,2,0,550,42.56400,5,1,8,0,300,3.756500,6,0.5,1,0,100,0,0,0,0,na,na
F51187,3.260000,1,0.03,0.3,0,50,407.7335,5,0.5,2,0,550,86.47000,5,1,8,0,300,8.290000,6,0.5,1,0,100,0,0,0,0,na,na
F51193,11.94850,1,0.03,0.3,0,50,312.3795,5,0.5,2,0,550,19.67850,5,1,8,0,300,1.128500,6,0.5,1,0,100,0,0,0,0,na,na
F51199,6.660000,1,0.03,0.3,0,50,164.6665,5,0.5,2,0,550,88.72900,5,1,8,0,300,8.890500,6,0.5,1,0,100,0,0,0,0,na,na
F51510,2.605000,1,0.03,0.3,0,50,157.1505,5,0.5,2,0,550,108.2445,5,1,8,0,300,7.870500,6,0.5,1,0,100,0,0,0,0,na,na
F51530,3.958000,1,0.03,0.3,0,50,193.8350,5,0.5,2,0,550,138.1445,5,1,8,0,300,13.57650,6,0.5,1,0,100,0,0,0,0,na,na
F51540,3.033000,1,0.03,0.3,0,50,227.5260,5,0.5,2,0,550,73.65649,5,1,8,0,300,5.699500,6,0.5,1,0,100,0,0,0,0,na,na
F51550,3.896000,1,0.03,0.3,0,50,235.4275,5,0.5,2,0,550,79.11450,5,1,8,0,300,5.671500,6,0.5,1,0,100,0,0,0,0,na,na
F51580,6.238000,1,0.03,0.3,0,50,282.1045,5,0.5,2,0,550,73.27100,5,1,8,0,300,5.524500,6,0.5,1,0,100,0,0,0,0,na,na
F51630,4.343500,1,0.03,0.3,0,50,196.8395,5,0.5,2,0,550,77.78200,5,1,8,0,300,5.794500,6,0.5,1,0,100,0,0,0,0,na,na
F51650,4.147000,1,0.03,0.3,0,50,129.4660,5,0.5,2,0,550,80.55850,5,1,8,0,300,8.421499,6,0.5,1,0,100,0,0,0,0,na,na
F51660,7.217000,1,0.03,0.3,0,50,233.3915,5,0.5,2,0,550,155.8325,5,1,8,0,300,17.53600,6,0.5,1,0,100,0,0,0,0,na,na
F51670,6.224000,1,0.03,0.3,0,50,99.99350,5,0.5,2,0,550,144.9675,5,1,8,0,300,15.70350,6,0.5,1,0,100,0,0,0,0,na,na
F51700,4.208000,1,0.03,0.3,0,50,110.0290,5,0.5,2,0,550,122.6815,5,1,8,0,300,11.93750,6,0.5,1,0,100,0,0,0,0,na,na
F51710,4.306000,1,0.03,0.3,0,50,141.1340,5,0.5,2,0,550,67.84100,5,1,8,0,300,7.695000,6,0.5,1,0,100,0,0,0,0,na,na
F51730,5.027500,1,0.03,0.3,0,50,106.8220,5,0.5,2,0,550,120.1010,5,1,8,0,300,12.51800,6,0.5,1,0,100,0,0,0,0,na,na
F51735,4.512500,1,0.03,0.3,0,50,72.82950,5,0.5,2,0,550,151.7685,5,1,8,0,300,15.96950,6,0.5,1,0,100,0,0,0,0,na,na
F51740,4.232500,1,0.03,0.3,0,50,138.2960,5,0.5,2,0,550,87.52350,5,1,8,0,300,9.456500,6,0.5,1,0,100,0,0,0,0,na,na
F51760,4.305000,1,0.03,0.3,0,50,138.4120,5,0.5,2,0,550,94.71600,5,1,8,0,300,10.70000,6,0.5,1,0,100,0,0,0,0,na,na
F51790,5.098500,1,0.03,0.3,0,50,219.1930,5,0.5,2,0,550,141.9600,5,1,8,0,300,14.41450,6,0.5,1,0,100,0,0,0,0,na,na
F51800,2.090500,1,0.03,0.3,0,50,275.4615,5,0.5,2,0,550,24.27000,5,1,8,0,300,1.695000,6,0.5,1,0,100,0,0,0,0,na,na
F51810,7.097500,1,0.03,0.3,0,50,288.6720,5,0.5,2,0,550,74.18850,5,1,8,0,300,5.085000,6,0.5,1,0,100,0,0,0,0,na,na
F51820,5.767500,1,0.03,0.3,0,50,170.8930,5,0.5,2,0,550,167.8630,5,1,8,0,300,19.29850,6,0.5,1,0,100,0,0,0,0,na,na
F51830,5.008500,1,0.03,0.3,0,50,104.0815,5,0.5,2,0,550,123.8220,5,1,8,0,300,12.57650,6,0.5,1,0,100,0,0,0,0,na,na
F54003,9.380501,1,0.03,0.3,0,50,430.1870,5,0.5,2,0,550,26.94600,5,1,8,0,300,2.580000,6,0.5,1,0,100,0,0,0,0,na,na
F54023,15.79000,1,0.03,0.3,0,50,999.1200,5,0.5,2,0,550,21.83300,5,1,8,0,300,2.098500,6,0.5,1,0,100,0,0,0,0,na,na
F54027,12.73250,1,0.03,0.3,0,50,433.4915,5,0.5,2,0,550,37.94700,5,1,8,0,300,3.213000,6,0.5,1,0,100,0,0,0,0,na,na
F54031,6.195500,1,0.03,0.3,0,50,645.5630,5,0.5,2,0,550,47.11950,5,1,8,0,300,4.650500,6,0.5,1,0,100,0,0,0,0,na,na
F54037,7.707000,1,0.03,0.3,0,50,453.2640,5,0.5,2,0,550,40.84100,5,1,8,0,300,3.275500,6,0.5,1,0,100,0,0,0,0,na,na
F54057,12.73900,1,0.03,0.3,0,50,740.2300,5,0.5,2,0,550,11.68450,5,1,8,0,300,0.983000,6,0.5,1,0,100,0,0,0,0,na,na
F54063,3.003000,1,0.03,0.3,0,50,608.3140,5,0.5,2,0,550,26.32550,5,1,8,0,300,2.311000,6,0.5,1,0,100,0,0,0,0,na,na
F54065,2.348500,1,0.03,0.3,0,50,572.8055,5,0.5,2,0,550,10.62150,5,1,8,0,300,0.883000,6,0.5,1,0,100,0,0,0,0,na,na
F54071,5.443500,1,0.03,0.3,0,50,703.2695,5,0.5,2,0,550,32.03850,5,1,8,0,300,3.003000,6,0.5,1,0,100,0,0,0,0,na,na
end,,,,,,,,,,,,,,,,,,,,,,,,,,,,,,
