river,land,HGMR
BS0_8441_0000,A51027,PCRN
BS0_8441_0000,A51051,PCRN
BS1_8140_0000,A51027,PCRN
BS1_8730_8540,A51051,PCRN
BS1_8730_8540,A51195,PCRN
BS2_8590_8440,A51027,PCRN
BS2_8590_8440,A51051,PCRN
BS3_8330_0000,A51027,PCRN
BS3_8350_8330,A51027,PCRN
BS3_8580_8440,A51051,PCRN
BS3_8580_8440,A51195,PCRN
BS4_8060_0000,A51027,PCRN
BS4_8440_8441,A51027,PCRN
BS4_8440_8441,A51051,PCRN
BS4_8540_8441,A51051,PCRN
BS4_8540_8441,A51195,PCRN
DE0_2590_0000,A10003,PCRN
DE0_2600_0000,A10003,PCRN
DE0_2610_0000,A10003,CPUN
DE0_2640_0000,A10003,PCRN
DE0_2690_0000,A10003,PCRN
DE0_2710_0000,A10003,CPDN
DE0_2710_0000,A24015,CPDN
DE0_2800_0000,A10003,CPUN
DE0_2850_0000,A10003,CPUN
DE0_2870_0000,A10003,CPUN
DE0_2920_0000,A10003,CPUN
DE0_2960_0000,A10003,CPUN
DE0_2990_0000,A10003,CPDN
DE0_3110_0000,A10003,CPDN
DE0_3260_0000,A10003,CPUN
DE0_3280_0000,A10003,CPUN
DE0_3310_0000,A10003,CPUN
DE0_3380_0000,A10001,CPUN
DE0_3380_0000,A10003,CPUN
DE0_3410_0000,A10001,CPUN
DE0_3790_0000,A10001,CPUN
DE0_3791_0001,A10001,CPUN
DE0_3840_0000,A10001,CPUN
DE0_4140_0000,A10001,CPUN
DE0_4141_0001,A10001,CPUN
DE0_4230_0000,A10001,CPUN
DE0_4230_0000,A10005,CPUN
DE0_4231_0001,A10001,CPUN
DE0_4350_0000,A10005,CPUN
DE0_4520_0000,A10005,CPUN
DE0_4570_0000,A10005,CPUN
DE0_4680_0000,A10005,CPUN
DE0_4800_0000,A10005,CPUN
DE0_4850_0000,A10005,CPLN
DE0_4990_0000,A10005,CPDN
DE0_5020_0000,A10005,CPUN
DE0_5020_0000,A24047,CPUT
DE0_5021_0000,A10005,CPUN
DE0_5170_0000,A10005,CPLN
DE0_5170_0000,A24047,CPDN
DE0_5410_0000,A24047,CPDN
DE0_5420_0000,A24047,CPDN
DE0_5650_0000,A24047,CPDT
DE0_5650_0000,A51001,CPUN
DE0_6210_0000,A51001,CPUN
DE0_6310_0000,A51001,CPUN
DE0_6630_0000,A51001,CPUN
DE0_6630_0000,A51131,CPDN
DE0_6980_0000,A51131,CPDN
DE0_7130_0000,A51131,CPDN
EL0_4560_4562,A10001,CPUN
EL0_4560_4562,A10005,CPUN
EL0_4561_4562,A10005,CPUN
EL0_4562_0001,A10005,CPDN
EL0_4591_0000,A10005,CPUN
EL0_4591_0000,A24011,CPUN
EL0_4591_0000,A24019,CPDN
EL0_4592_0000,A24019,CPLN
EL0_4593_0000,A24019,CPLN
EL0_4593_0000,A24045,CPLN
EL0_4594_0000,A10005,CPUN
EL0_4594_0000,A24045,CPUN
EL0_4595_0000,A24045,CPLN
EL0_4596_0000,A24045,CPLN
EL0_4597_0000,A10005,CPDN
EL0_4597_0000,A24045,CPLN
EL0_4598_0000,A24019,CPLN
EL0_4598_0000,A24045,CPLN
EL0_4631_0000,A10005,CPUN
EL0_4632_0000,A10005,CPUN
EL0_4633_0000,A10005,CPUN
EL0_4633_0000,A24045,CPUN
EL0_4892_0000,A24019,CPLN
EL0_5040_0000,A24045,CPLN
EL0_5151_0000,A24019,CPLN
EL0_5262_0000,A24019,CPLN
EL0_5271_0000,A24047,CPDT
EL0_5280_0000,A24019,CPLN
EL0_5281_0000,A24019,CPLN
EL0_5282_0000,A24019,CPLN
EL0_5283_0000,A24019,CPLN
EL0_5284_0000,A24019,CPLN
EL0_5285_0000,A24019,CPLN
EL0_5400_0001,A10005,CPUN
EL0_5400_0001,A24045,CPUN
EL0_5590_0000,A24019,CPLN
EL0_5760_0000,A24045,CPDN
EL0_5761_0000,A24039,CPLT
EL0_5761_0000,A24045,CPLN
EL0_5762_0000,A24039,CPLN
EL0_5762_0000,A24045,CPLN
EL0_5763_0000,A24039,CPLN
EL0_5764_0000,A24045,CPLN
EL0_5765_0000,A24039,CPLN
EL0_5766_0000,A24019,CPLN
EL0_5890_0000,A24019,CPLN
EL0_5890_0000,A24039,CPLN
EL0_5891_0000,A24039,CPLN
EL0_5892_0000,A24039,CPLN
EL0_5893_0000,A24039,CPLT
EL0_5894_0000,A24039,CPLN
EL0_5895_0000,A51001,CPLN
EL0_5896_0000,A51001,CPLN
EL0_5973_0000,A51001,CPLN
EL0_6001_0000,A24039,CPLN
EL0_6002_0000,A24039,CPLN
EL0_6003_0000,A24039,CPLN
EL0_6004_0000,A24039,CPLN
EL0_6010_0000,A24039,CPLN
EL0_6011_0000,A24039,CPLN
EL0_6190_0000,A51001,CPLN
EL0_6191_0000,A51001,CPLN
EL0_6480_0000,A51001,CPLN
EL0_6550_0000,A51001,CPUN
EL0_6610_0000,A51001,CPDN
EL0_6610_0000,A51131,CPDN
EL0_6920_0000,A51131,CPDN
EL0_7060_0000,A51131,CPDN
EL0_7220_0000,A51131,CPDN
EL1_5150_0001,A24019,CPLN
EL1_5430_0001,A24045,CPUN
EL1_5430_0001,A24047,CPDN
EL1_5570_0001,A24039,CPDN
EL1_5570_0001,A24045,CPUN
EL1_5570_0001,A24047,CPDN
EL1_5660_0000,A24047,CPDN
EL1_6000_0001,A24039,CPLN
EL2_4400_4590,A10001,CPUN
EL2_4590_0001,A10001,CPUN
EL2_4590_0001,A10005,CPUN
EL2_4590_0001,A24011,CPUN
EL2_4630_0000,A10005,CPDN
EL2_4630_0000,A24011,CPUN
EL2_4630_0000,A24019,CPUN
EL2_4630_0000,A24045,CPLN
EL2_4634_0000,A10005,CPDN
EL2_4634_0000,A24019,CPUN
EL2_4634_0000,A24045,CPLN
EL2_5110_5270,A10005,CPUN
EL2_5110_5270,A24045,CPUN
EL2_5110_5270,A24047,CPDN
EL2_5270_0001,A24045,CPUN
EL2_5270_0001,A24047,CPDN
EL3_5870_0000,A24047,CPDN
EL3_5970_0000,A24039,CPLT
EL3_5970_0000,A24047,CPLN
EL3_5970_0000,A51001,CPLN
EL3_5971_0000,A24039,CPLT
EL3_5971_0000,A24047,CPLN
EL3_5972_0000,A24047,CPLN
EL3_5972_0000,A51001,CPLN
EL3_5974_0000,A24039,CPLN
EM0_4322_0000,A24011,CPDN
EM0_4322_0000,A24019,CPDN
EM0_4323_0000,A24011,CPDN
EM0_4324_0000,A24011,CPDT
EM0_4324_0000,A24041,CPDN
EM0_4327_0000,A24011,CPDT
EM0_4551_0000,A24041,CPLN
EM0_4870_0000,A24041,CPLN
EM0_4871_0000,A24041,CPLN
EM0_4874_0000,A24041,CPLN
EM0_4875_0000,A24041,CPLN
EM0_4876_0000,A24041,CPLN
EM0_4880_0000,A24019,CPDT
EM0_4881_0000,A24019,CPLT
EM0_4882_0000,A24041,CPDT
EM0_4883_0000,A24019,CPLN
EM0_4884_0000,A24019,CPLN
EM0_4885_0000,A24019,CPLN
EM0_4886_0000,A24019,CPLN
EM0_4887_0000,A24019,CPLT
EM0_4888_0000,A24019,CPLN
EM0_4889_0000,A24019,CPLN
EM0_4890_0000,A24019,CPDT
EM0_4891_0000,A24019,CPLT
EM0_5260_0000,A24019,CPLN
EM0_5261_0000,A24019,CPLT
EM0_5263_0000,A24019,CPLN
EM2_3980_0001,A10001,CPUN
EM2_3980_0001,A24011,CPUN
EM2_3980_0001,A24035,CPUN
EM2_4100_0001,A24011,CPUN
EM2_4100_0001,A24035,CPDN
EM2_4101_0000,A24011,CPDN
EM2_4101_0000,A24035,CPDN
EM2_4101_0000,A24041,CPDN
EM3_4320_0000,A24011,CPUN
EM3_4321_0000,A24011,CPDN
EM3_4325_0000,A24011,CPDN
EM3_4326_0000,A10001,CPUN
EM4_4740_0000,A24011,CPDT
EM4_4740_0000,A24041,CPDN
EU0_2940_0000,A24015,PCRN
EU0_2941_0000,A24015,CPUN
EU0_2985_0000,A24015,CPDN
EU0_3010_0000,A10003,CPDN
EU0_3010_0000,A24015,CPDN
EU0_3011_0000,A10003,CPDN
EU0_3011_0000,A24015,CPDN
EU0_3050_0000,A24015,CPDN
EU0_3130_0000,A24015,CPDN
EU0_3131_0000,A24015,CPDN
EU0_3200_0000,A24015,CPDN
EU0_3201_0000,A10003,CPDN
EU0_3201_0000,A24015,CPDN
EU0_3202_0000,A24015,CPDN
EU0_3203_0000,A24015,CPDT
EU0_3300_0000,A24015,CPDT
EU0_3301_0000,A24015,CPDT
EU0_3302_0000,A24015,CPDN
EU0_3360_0000,A24015,CPDN
EU0_3360_0000,A24029,CPDN
EU0_3361_0000,A10003,CPDN
EU0_3361_0000,A24015,CPDN
EU0_3361_0000,A24029,CPDN
EU0_3362_0000,A24015,CPDN
EU0_3362_0000,A24029,CPDN
EU0_3363_0000,A24015,CPDN
EU0_3363_0000,A24029,CPDN
EU0_3364_0000,A24015,CPDT
EU0_3570_0000,A24029,CPDN
EU0_3571_0000,A24029,CPLT
EU0_3572_0000,A24029,CPDN
EU0_3573_0000,A24029,CPDN
EU0_3700_0000,A24029,CPDN
EU0_3700_0000,A24035,CPDT
EU0_3720_0000,A24029,CPDN
EU0_3720_0000,A24035,CPDN
EU0_3721_0000,A24035,CPDN
EU0_3722_0000,A24035,CPDN
EU0_3724_0000,A24029,CPDN
EU0_3725_0000,A24029,CPDN
EU0_3830_0001,A24035,CPDN
EU0_4010_0000,A24029,CPDN
EU0_4011_0000,A24029,CPLN
EU0_4012_0000,A24029,CPDN
EU0_4013_0000,A24029,CPLN
EU0_4014_0000,A24029,CPLN
EU0_4015_0000,A24029,CPLN
EU0_4016_0000,A24029,CPLN
EU0_4030_0000,A24035,CPDN
EU0_4120_0000,A24029,CPLN
EU0_4120_0000,A24035,CPLT
EU0_4121_0000,A24035,CPLT
EU0_4122_0000,A24029,CPLN
EU0_4122_0000,A24035,CPLT
EU0_4123_0000,A24029,CPLN
EU0_4124_0000,A24035,CPLT
EU0_4125_0000,A24029,CPLN
EU0_4260_0000,A24035,CPDN
EU0_4470_0000,A24035,CPDN
EU0_4470_0000,A24041,CPDN
EU0_4471_0000,A24035,CPDN
EU0_4472_0000,A24035,CPDN
EU0_4473_0000,A24035,CPLN
EU0_4474_0000,A24035,CPLN
EU0_4474_0000,A24041,CPLT
EU0_4475_0000,A24035,CPDN
EU0_4475_0000,A24041,CPDN
EU0_4490_0000,A24035,CPLT
EU0_4491_0000,A24035,CPLT
EU0_4550_0000,A24041,CPLT
EU0_4610_0000,A24035,CPLT
EU0_4700_0000,A24041,CPLN
EU0_4872_0000,A24035,CPLN
EU0_4872_0000,A24041,CPLN
EU0_4873_0000,A24041,CPLN
EU1_2650_0001,A24015,PCRN
EU1_2650_0001,A42029,PCRN
EU1_2810_0001,A24015,PCRN
EU1_2810_0001,A42029,PCRN
EU1_2980_0000,A24015,PCRN
EU1_2980_0000,A42029,PCRN
EU1_2981_0000,A10003,CPDN
EU1_2981_0000,A24015,CPDN
EU1_2982_0000,A24015,CPDN
EU1_2983_0000,A10003,CPDN
EU1_2983_0000,A24015,CPDN
EU1_2984_0000,A24015,CPDN
EU2_3520_0001,A10001,CPUN
EU2_3520_0001,A10003,CPUN
EU2_3520_0001,A24029,CPDN
EU2_3520_0001,A24035,CPDN
GY0_3800_3801,A24023,APSN
GY0_3800_3801,A42111,APSN
GY0_3801_0000,A24023,APSN
GY0_3950_3952,A24023,APSN
GY0_3951_3952,A24023,APSN
GY0_3951_3952,A54077,VRSN
GY0_3952_0000,A24023,APSN
GY0_3952_0000,A54077,APSN
GY0_4240_3951,A24023,APSN
GY0_4530_4532,A24023,APSN
GY0_4531_4532,A24023,APSN
GY0_4531_4532,A54077,APSN
GY0_4532_3951,A24023,APSN
GY0_4532_3951,A54077,APSN
JA0_7291_7290,A51041,ML_N
JA0_7291_7290,A51145,ML_N
JA1_7600_7570,A51007,PCRN
JA1_7600_7570,A51135,PCRN
JA1_7640_7280,A51147,PCRN
JA2_7290_0001,A51041,CPUN
JA2_7290_0001,A51570,CPLN
JA2_7410_7470,A51007,PCRN
JA2_7410_7470,A51135,PCRN
JA2_7410_7470,A51147,PCRN
JA2_7550_7280,A51011,PCRN
JA2_7550_7280,A51029,PCRN
JA2_7550_7280,A51049,ML_N
JA2_7550_7280,A51147,PCRN
JA2_7570_7480,A51007,PCRN
JA2_7570_7480,A51135,PCRN
JA4_7280_7340,A51007,PCRN
JA4_7280_7340,A51049,PCRN
JA4_7280_7340,A51135,PCRN
JA4_7280_7340,A51145,PCRN
JA4_7280_7340,A51147,PCRN
JA4_7340_7470,A51007,PCRN
JA4_7340_7470,A51041,ML_N
JA4_7340_7470,A51145,ML_N
JA4_7340_7470,A51147,PCRN
JA4_7470_7480,A51007,PCRN
JA4_7470_7480,A51041,ML_N
JA5_7460_0000,A51041,CPLN
JA5_7460_0000,A51149,CPUN
JA5_7460_0000,A51670,CPUN
JA5_7480_0001,A51007,PCRN
JA5_7480_0001,A51041,PCRN
JA5_7480_0001,A51053,PCRN
JA5_7480_0001,A51135,PCRN
JA5_7520_0000,A51041,CPUN
JA5_7520_0000,A51053,CPUN
JA5_7520_0000,A51149,CPLN
JA5_7520_0000,A51570,CPLN
JA5_7520_0000,A51730,CPLN
JB0_7050_0000,A51036,CPLN
JB0_7050_0000,A51095,CPLN
JB0_7050_0000,A51127,CPLN
JB0_7051_0001,A51095,CPDN
JB0_7052_0001,A51095,CPDN
JB0_7052_0001,A51127,CPDN
JB0_7071_0000,A51041,CPDN
JB0_7071_0000,A51087,CPUN
JB0_7071_0000,A51760,CPUN
JB0_7072_0000,A51095,CPLN
JB0_7072_0000,A51181,CPLN
JB0_7072_0000,A51199,CPDN
JB0_7072_0000,A51830,CPDN
JB0_7073_0000,A51036,CPUN
JB0_7073_0000,A51041,CPLN
JB0_7073_0000,A51087,CPUN
JB0_7074_0000,A51036,CPLN
JB0_7074_0000,A51041,CPLN
JB0_7074_0000,A51149,CPDN
JB0_7074_0000,A51670,CPLN
JB0_7075_0000,A51670,CPLN
JB0_7076_0000,A51041,CPLN
JB0_7270_0000,A51036,CPLN
JB0_7270_0000,A51149,CPLN
JB0_7270_0000,A51181,CPUN
JB0_7271_0000,A51036,CPLN
JB0_7271_0000,A51181,CPUN
JB0_7381_0000,A51550,CPLN
JB0_7381_0000,A51710,CPLN
JB0_7381_0000,A51810,CPLN
JB0_7382_0000,A51550,CPLN
JB0_7382_0000,A51710,CPLN
JB0_7382_0000,A51740,CPLN
JB0_7383_0000,A51550,CPLN
JB0_7383_0000,A51740,CPLN
JB0_7383_0000,A51800,CPLN
JB0_7390_0000,A51093,CPLN
JB0_7390_0000,A51095,CPLN
JB0_7390_0000,A51181,CPLN
JB0_7390_0000,A51199,CPLN
JB0_7390_0000,A51650,CPLN
JB0_7390_0000,A51700,CPLN
JB0_7390_0000,A51740,CPLN
JB0_7390_0000,A51800,CPLN
JB0_7390_0000,A51830,CPLN
JB0_7391_0000,A51095,CPLN
JB0_7391_0000,A51199,CPLN
JB0_7392_0000,A51181,CPLN
JB0_7393_0000,A51710,CPLN
JB0_7394_0000,A51710,CPLN
JB0_7395_0000,A51740,CPLN
JB0_7396_0000,A51710,CPLN
JB0_7397_0000,A51740,CPLN
JB0_7397_0000,A51550,CPLN
JB0_7397_0000,A51710,CPLN
JB0_7398_0000,A51710,CPLN
JB0_7399_0000,A51740,CPLN
JB0_7580_0000,A51650,CPLN
JB0_7580_0000,A51700,CPLN
JB0_7580_0000,A51710,CPLN
JB0_7580_0000,A51740,CPLN
JB0_7580_0000,A51800,CPLN
JB0_7580_0000,A51550,CPLN
JB0_7660_0000,A51810,CPLN
JB0_7661_0000,A51710,CPLN
JB0_7661_0000,A51810,CPLN
JB0_7662_0000,A51810,CPLN
JB0_7760_0000,A51800,CPLN
JB1_8090_0001,A51093,CPUN
JB1_8090_0001,A51800,CPLN
JB2_7800_0001,A51093,CPUN
JB2_7800_0001,A51800,CPLN
JB3_6820_7053,A51036,CPUN
JB3_6820_7053,A51085,CPUN
JB3_6820_7053,A51087,CPUN
JB3_6820_7053,A51127,CPUN
JB3_6820_7053,A51760,CPUN
JB3_7053_0001,A51036,CPUN
JB3_7053_0001,A51127,CPLN
JL1_6560_6440,A51003,BR_N
JL1_6560_6440,A51125,PCRN
JL1_6560_6440,B51003,BR_N
JL1_6760_6910,A51003,PCRN
JL1_6760_6910,A51065,PCRN
JL1_6770_6850,A51003,PCRN
JL1_6770_6850,A51125,PCRN
JL1_6770_6850,B51003,BR_N
JL1_6770_6850,B51125,BR_N
JL1_6910_6960,A51065,PCRN
JL1_6940_7200,A51125,BR_N
JL1_6940_7200,B51125,BR_N
JL1_7080_7190,A51009,BR_N
JL1_7080_7190,A51125,BR_N
JL1_7080_7190,B51009,BR_N
JL1_7080_7190,B51125,BR_N
JL1_7170_6800,A51049,PCRN
JL1_7170_6800,A51145,PCRN
JL1_7190_7250,A51009,PCRN
JL1_7190_7250,A51125,BR_N
JL1_7200_7250,A51125,PCRN
JL1_7530_7430,A51011,PCRN
JL1_7530_7430,A51031,PCRN
JL2_6240_6520,A51003,PCRN
JL2_6240_6520,A51079,BR_N
JL2_6240_6520,A51137,PCRN
JL2_6240_6520,B51003,BR_N
JL2_6240_6520,B51079,BR_N
JL2_6440_6441,A51003,BR_N
JL2_6440_6441,B51003,BR_N
JL2_6441_6520,A51003,PCRN
JL2_6850_6890,A51003,PCRN
JL2_6850_6890,A51125,PCRN
JL2_7110_7120,A51011,PCRN
JL2_7110_7120,A51029,PCRN
JL2_7120_6970,A51029,PCRN
JL2_7240_7350,A51009,PCRN
JL2_7240_7350,A51125,PCRN
JL2_7240_7350,B51009,BR_N
JL2_7250_7090,A51009,PCRN
JL2_7250_7090,A51125,PCRN
JL2_7350_7090,A51009,PCRN
JL2_7350_7090,A51125,PCRN
JL3_7020_7100,A51029,PCRN
JL3_7020_7100,A51049,PCRN
JL3_7090_7150,A51125,PCRN
JL4_6520_6710,A51003,PCRN
JL4_6520_6710,A51065,PCRN
JL4_6520_6710,A51109,PCRN
JL4_6520_6710,A51540,PCRN
JL4_6710_6740,A51065,PCRN
JL4_6710_6740,A51109,PCRN
JL6_6740_7100,A51049,PCRN
JL6_6740_7100,A51065,PCRN
JL6_6740_7100,A51075,PCRN
JL6_6740_7100,A51109,PCRN
JL6_6890_6990,A51003,PCRN
JL6_6890_6990,A51029,PCRN
JL6_6960_6970,A51029,PCRN
JL6_6960_6970,A51065,PCRN
JL6_6970_6740,A51029,PCRN
JL6_6970_6740,A51049,PCRN
JL6_6970_6740,A51065,PCRN
JL6_6990_6960,A51029,PCRN
JL6_6990_6960,A51065,PCRN
JL6_7150_6890,A51029,PCRN
JL6_7150_6890,A51125,PCRN
JL6_7160_7440,A51009,BR_N
JL6_7160_7440,A51019,BR_N
JL6_7160_7440,B51009,BR_N
JL6_7160_7440,B51019,BR_N
JL6_7320_7150,A51011,PCRN
JL6_7320_7150,A51029,PCRN
JL6_7320_7150,A51125,PCRN
JL6_7430_7320,A51009,PCRN
JL6_7430_7320,A51011,PCRN
JL6_7430_7320,A51125,PCRN
JL6_7440_7430,A51009,PCRN
JL6_7440_7430,A51011,PCRN
JL6_7440_7430,A51031,PCRN
JL6_7440_7430,A51680,PCRN
JL6_7440_7430,B51019,PCRN
JL7_6800_7070,A51041,ML_N
JL7_6800_7070,A51075,PCRN
JL7_6800_7070,A51085,PCRN
JL7_6800_7070,A51087,PCRN
JL7_6800_7070,A51109,PCRN
JL7_6800_7070,A51145,PCRN
JL7_6800_7070,A51760,PCRN
JL7_7030_6800,A51049,PCRN
JL7_7030_6800,A51075,PCRN
JL7_7030_6800,A51145,PCRN
JL7_7070_0001,A51041,CPDN
JL7_7070_0001,A51087,PCRN
JL7_7070_0001,A51760,CPUN
JL7_7100_7030,A51049,PCRN
JL7_7100_7030,A51075,PCRN
JU1_6290_6590,A51017,VRSN
JU1_6290_6590,A51091,VRSN
JU1_6300_6650,A51017,VRSN
JU1_6300_6650,A51091,VRSN
JU1_6300_6650,B51017,VRCN
JU1_6300_6650,B51091,VRCN
JU1_6340_6650,B51017,VRSN
JU1_6340_6650,B51091,VRSN
JU1_6590_6600,A51017,VRSN
JU1_6880_7260,A51015,VRCN
JU1_6880_7260,A51163,VRCN
JU1_6880_7260,B51015,BR_N
JU1_6880_7260,B51163,BR_N
JU1_7560_7500,A51023,VRCN
JU1_7560_7500,A51045,VRSN
JU1_7630_7490,A51045,VRSN
JU1_7630_7490,A51071,VRSN
JU1_7690_7490,A51045,VRSN
JU1_7690_7490,A51121,VRSN
JU1_7690_7490,A51161,VRSN
JU1_7750_7560,A51023,VRCN
JU1_7750_7560,A51161,VRCN
JU2_6410_6640,A51163,VRSN
JU2_6410_6640,C51015,VRSN
JU2_6600_6810,A51017,VRSN
JU2_6810_6900,A51017,VRCN
JU2_7140_7330,A51005,VRSN
JU2_7140_7330,A54063,VRSN
JU2_7180_7380,A51023,VRSN
JU2_7180_7380,A51163,VRSN
JU2_7360_7000,A51005,VRSN
JU2_7450_7360,A51005,VRCN
JU2_7450_7360,A51045,VRSN
JU2_7450_7360,A51071,VRSN
JU2_7450_7360,A54063,VRSN
JU3_6380_6900,A51017,VRCN
JU3_6380_6900,A51091,VRSN
JU3_6640_6790,A51163,VRSN
JU3_6640_6790,B51017,VRCN
JU3_6640_6790,C51015,VRSN
JU3_6650_7300,A51005,VRSN
JU3_6650_7300,A51017,VRSN
JU3_6650_7300,A51023,VRSN
JU3_6650_7300,A51163,VRCN
JU3_6650_7300,B51017,VRSN
JU3_6790_7260,A51015,VRCN
JU3_6790_7260,A51163,VRCN
JU3_6790_7260,A51678,VRSN
JU3_6790_7260,C51015,VRSN
JU3_6900_6950,A51005,VRSN
JU3_6900_6950,A51017,VRSN
JU3_6950_7330,A51005,VRSN
JU3_6950_7330,A51017,VRSN
JU3_6950_7330,A51580,VRCN
JU3_7400_7510,A51005,VRSN
JU3_7400_7510,A51023,VRSN
JU3_7490_7400,A51023,VRSN
JU3_7490_7400,A51045,VRSN
JU4_7000_7300,A51005,VRSN
JU4_7000_7300,A51017,VRSN
JU4_7000_7300,A51023,VRCN
JU4_7000_7300,A51580,VRCN
JU4_7000_7300,B51017,VRSN
JU4_7260_7380,A51163,VRCN
JU4_7260_7380,A51530,VRCN
JU4_7260_7380,B51163,BR_N
JU4_7330_7000,A51005,VRSN
JU4_7330_7000,A51580,VRCN
JU4_7380_7160,A51163,VRSN
JU4_7380_7160,B51163,BR_N
JU5_7300_7510,A51005,VRCN
JU5_7300_7510,A51023,VRSN
JU5_7300_7510,A51163,VRSN
JU5_7420_7160,A51023,VRSN
JU5_7420_7160,A51163,VRCN
JU5_7420_7160,B51023,BR_N
JU5_7420_7160,B51163,BR_N
JU5_7500_7420,A51023,VRCN
JU5_7500_7420,B51023,BR_N
JU5_7510_7500,A51023,VRCN
KU0_8980_0000,A51035,VRSN
KU0_8980_0000,A51141,PCRN
KU0_8980_0000,B51035,VRSN
KU0_8980_0000,B51141,PCRN
MN0_7790_0000,A51810,CPLN
MN0_7870_0000,A51810,CPLN
MN0_8040_0000,A51550,CPLN
MN0_8040_0000,A51800,CPLN
MN0_8300_0001,A51800,CPLN
MN1_7590_7860,A51093,CPUN
MN1_7590_7860,A51181,CPUN
MN1_7620_7710,A51053,CPDN
MN1_7620_7710,A51149,CPUN
MN1_7620_7710,A51183,CPUN
MN1_7620_7710,A51730,CPUN
MN1_7730_8160,A51175,CPUN
MN1_7730_8160,A51183,CPUN
MN1_7990_8100,A51037,PCRN
MN1_7990_8100,A51111,PCRN
MN1_8240_0000,A51800,CPLN
MN2_7720_7830,A51053,PCRN
MN2_7720_7830,A51135,PCRN
MN2_7830_7950,A51053,VRSN
MN2_7830_7950,A51183,VRSN
MN2_7850_0000,A51550,CPLN
MN2_7850_0000,A51810,CPLN
MN2_8100_8190,A51037,PCRN
MN2_8100_8190,A51111,PCRN
MN2_8250_8190,A51037,PCRN
MN2_8250_8190,A51111,PCRN
MN2_8250_8190,A51117,PCRN
MN2_8530_8510,A37131,PCRN
MN2_8530_8510,A51025,PCRN
MN2_8530_8510,A51081,PCRN
MN3_7540_7680,A51053,CPLN
MN3_7540_7680,A51149,CPUN
MN3_7540_7680,A51181,CPUN
MN3_7540_7680,A51183,CPLN
MN3_7540_7680,A51730,CPDN
MN3_7680_7860,A51093,CPLN
MN3_7680_7860,A51175,CPLN
MN3_7680_7860,A51181,CPLN
MN3_7680_7860,A51183,CPLN
MN3_7770_7930,A51025,PCRN
MN3_7770_7930,A51053,PCRN
MN3_7770_7930,A51111,PCRN
MN3_7770_7930,A51135,PCRN
MN3_7770_7930,A51147,PCRN
MN3_7860_8080,A51093,CPUN
MN3_7860_8080,A51175,CPLN
MN3_7930_8010,A51025,PCRN
MN3_7930_8010,A51053,PCRN
MN3_7930_8010,A51081,PCRN
MN3_7930_8010,A51111,PCRN
MN3_7930_8010,A51183,PCRN
MN3_8010_7950,A51183,PCRN
MN3_8150_0000,A51550,CPLN
MN3_8150_0000,A51810,CPLN
MN3_8190_8260,A51025,PCRN
MN3_8190_8260,A51111,PCRN
MN3_8190_8260,A51117,PCRN
MN4_7710_8161,A51053,PCRN
MN4_7710_8161,A51149,PCRN
MN4_7710_8161,A51175,PCRN
MN4_7710_8161,A51183,PCRN
MN4_7810_8080,A51175,CPLN
MN4_7810_8080,A51181,CPUN
MN4_7810_8080,A51183,PCRN
MN4_7950_7710,A51183,PCRN
MN4_8080_8110,A51093,CPUN
MN4_8080_8110,A51175,CPLN
MN4_8080_8110,A51800,CPUN
MN4_8110_0000,A51093,CPLN
MN4_8110_0000,A51175,CPLN
MN4_8110_0000,A51620,CPLN
MN4_8110_0000,A51800,CPLN
MN4_8260_8400,A51025,PCRN
MN4_8260_8400,A51081,PCRN
MN4_8260_8400,A51111,PCRN
MN4_8260_8400,A51595,PCRN
MN4_8380_0000,A51081,PCRN
MN4_8380_0000,A51175,CPLN
MN4_8400_8380,A51081,PCRN
MN4_8400_8380,A51175,CPLN
MN4_8400_8380,A51595,PCRN
MN4_8510_8380,A37131,PCRN
MN4_8510_8380,A51025,PCRN
MN4_8510_8380,A51081,PCRN
MN5_8160_0000,A51175,PCRN
MN5_8160_0000,A51620,PCRN
MN5_8161_8160,A51175,PCRN
MN5_8230_8161,A51025,PCRN
MN5_8230_8161,A51081,PCRN
MN5_8230_8161,A51175,PCRN
MN5_8230_8161,A51183,PCRN
MN5_8230_8161,A51595,PCRN
NR0_8310_0000,A51185,PCRN
NR0_8310_0000,B51185,PCRN
NR1_7880_8050,A51071,VRSN
NR1_7880_8050,A54063,VRSN
NR1_7880_8050,B51071,VRSN
NR1_8030_8051,A51071,VRSN
NR1_8030_8051,A54063,APSN
NR1_8030_8051,B51071,VRSN
NR1_8820_8760,A51173,PCRN
NR1_8820_8760,A51197,PCRN
NR1_8820_8760,B51077,PCRN
NR1_8820_8760,B51173,PCRN
NR1_8820_8760,B51197,PCRN
NR1_8960_8870,A51077,PCRN
NR1_8960_8870,B51077,PCRN
NR1_9030_9080,A51077,PCRN
NR1_9030_9080,B51077,PCRN
NR1_9150_9050,A37005,BR_N
NR1_9150_9050,A51077,PCRN
NR1_9150_9050,B37005,BR_N
NR2_8210_8180,A51021,PCRN
NR2_8210_8180,A51185,PCRN
NR2_8210_8180,B51071,VRSN
NR2_8210_8180,C51071,VRSN
NR2_8600_8700,A51173,PCRN
NR2_8600_8700,A51197,PCRN
NR2_9250_9170,A37009,BR_N
NR2_9250_9170,A37189,BR_N
NR2_9250_9170,B37009,BR_N
NR3_8290_8170,A51021,PCRN
NR3_8290_8170,A51155,PCRN
NR3_8290_8170,B51071,PCRN
NR3_8290_8170,C51071,PCRN
NR3_8420_8430,A51063,PCRN
NR3_8420_8430,A51121,PCRN
NR3_8420_8430,A51155,PCRN
NR3_8430_7820,A51121,PCRN
NR3_8430_7820,A51155,PCRN
NR3_8690_8500,A51035,PCRN
NR3_8690_8500,A51063,PCRN
NR3_8690_8500,A51155,PCRN
NR3_8690_8500,A51197,PCRN
NR3_8690_8500,B51141,PCRN
NR3_8740_8500,A51035,PCRN
NR3_8740_8500,A51155,PCRN
NR3_8740_8500,A51197,PCRN
NR3_9170_9130,A37009,BR_N
NR3_9170_9130,A51077,PCRN
NR3_9170_9130,B37009,BR_N
NR3_9170_9130,B51077,PCRN
NR3_9190_9170,A37009,BR_N
NR3_9190_9170,B37009,BR_N
NR3_9190_9170,B51077,PCRN
NR3_9240_9130,A37005,BR_N
NR3_9240_9130,A37009,BR_N
NR3_9240_9130,B37005,BR_N
NR3_9240_9130,B37009,BR_N
NR3_9310_9240,A37009,BR_N
NR3_9310_9240,A37189,BR_N
NR3_9310_9240,B37009,BR_N
NR4_9130_9080,A51077,VRSN
NR4_9130_9080,B37005,BR_N
NR4_9130_9080,B37009,BR_N
NR4_9130_9080,B51077,VRSN
NR5_8700_8640,A51197,VRSN
NR5_8760_8640,A51035,VRSN
NR5_8760_8640,A51197,VRSN
NR5_8870_8760,A51035,VRSN
NR5_8870_8760,A51077,VRSN
NR5_8870_8760,A51197,VRSN
NR5_8870_8760,A51640,VRSN
NR5_8870_8760,B37005,BR_N
NR5_8870_8760,B51077,VRSN
NR5_8870_8760,B51197,VRSN
NR5_9050_8870,A51077,VRSN
NR5_9050_8870,B51077,VRSN
NR5_9080_9050,A37005,BR_N
NR5_9080_9050,A51077,VRSN
NR5_9080_9050,B37005,BR_N
NR5_9080_9050,B51077,VRSN
NR6_7820_7960,A51045,VRSN
NR6_7820_7960,A51071,VRSN
NR6_7820_7960,A51121,VRSN
NR6_7820_7960,A51155,VRSN
NR6_7820_7960,A51750,VRSN
NR6_7820_7960,B51071,VRSN
NR6_7960_8050,A51071,VRSN
NR6_7960_8050,B51071,VRSN
NR6_8000_0000,B51071,VRSN
NR6_8050_8051,A51071,VRSN
NR6_8050_8051,B51071,VRSN
NR6_8050_8051,C51071,VRSN
NR6_8051_8000,A51071,VRSN
NR6_8051_8000,B51071,VRSN
NR6_8051_8000,C51071,VRSN
NR6_8170_7960,B51071,VRSN
NR6_8170_7960,C51071,VRSN
NR6_8180_8051,B51071,VRSN
NR6_8180_8051,C51071,VRSN
NR6_8500_7820,A51155,VRSN
NR6_8500_7820,A51197,VRSN
NR6_8640_8500,A51155,VRSN
NR6_8640_8500,A51197,VRSN
OD1_8910_8930,A37169,PCRN
OD1_8910_8930,A51141,PCRN
OD1_8910_8930,B51141,PCRN
OD1_9270_9110,A37067,PCRN
OD1_9270_9110,A37169,PCRN
OD2_8560_8630,A51063,PCRN
OD2_8560_8630,A51067,CPLN
OD2_8560_8630,A51089,PCRN
OD2_8560_8630,A51141,PCRN
OD2_8560_8630,B51067,CPLN
OD2_8560_8630,B51141,PCRN
OD2_8670_8890,A51089,PCRN
OD2_8670_8890,A51143,VRCN
OD2_8830_8710,A37145,PCRN
OD2_8830_8710,A51083,VRCN
OD2_8840_9020,A37169,PCRN
OD2_8840_9020,A37171,PCRN
OD2_8840_9020,A51141,PCRN
OD2_8840_9020,B51141,PCRN
OD2_8920_8830,A37001,PCRN
OD2_8920_8830,A37033,PCRN
OD2_8920_8830,A37135,PCRN
OD2_8920_8830,A37145,PCRN
OD3_8340_8520,A51083,VRCN
OD3_8340_8520,A51143,VRCN
OD3_8520_8621,A51083,VRCN
OD3_8630_8720,A51067,CPLN
OD3_8630_8720,A51089,PCRN
OD3_8630_8720,A51141,PCRN
OD3_8630_8720,A51690,PCRN
OD3_8710_8470,A37077,PCRN
OD3_8710_8470,A37145,PCRN
OD3_8710_8470,A51083,VRCN
OD3_8720_8900,A37157,PCRN
OD3_8720_8900,A51089,PCRN
OD3_8720_8900,A51690,PCRN
OD3_8850_8931,A51089,PCRN
OD3_8850_8931,A51141,PCRN
OD3_8930_8931,A37157,PCRN
OD3_8930_8931,A37169,PCRN
OD3_8930_8931,A51089,PCRN
OD3_8930_8931,A51141,PCRN
OD3_8931_9140,A37157,PCRN
OD3_8931_9140,A37169,PCRN
OD3_8931_9140,A51089,PCRN
OD3_9020_9110,A37169,PCRN
OD3_9020_9110,A37171,PCRN
OD3_9020_9110,A51141,PCRN
OD4_8990_8900,A37157,PCRN
OD4_8990_8900,A51089,VRCN
OD4_9110_9140,A37067,PCRN
OD4_9110_9140,A37081,PCRN
OD4_9110_9140,A37157,PCRN
OD4_9110_9140,A37169,PCRN
OD4_9140_8990,A37081,PCRN
OD4_9140_8990,A37157,PCRN
OD5_8770_8780,A37033,PCRN
OD5_8770_8780,A37157,PCRN
OD5_8770_8780,A51143,VRCN
OD5_8770_8780,A51590,VRCN
OD5_8780_8660,A37033,PCRN
OD5_8780_8660,A37145,PCRN
OD5_8780_8660,A51083,VRCN
OD5_8780_8660,A51143,VRCN
OD5_8890_8770,A51143,VRCN
OD5_8890_8770,A51590,VRCN
OD5_8900_8770,A37033,PCRN
OD5_8900_8770,A37157,PCRN
OD5_8900_8770,A51089,VRCN
OD5_8900_8770,A51143,VRCN
OD5_8900_8770,A51590,VRCN
OD5_8940_8780,A37033,PCRN
OD5_8940_8780,A37157,PCRN
OD6_8621_8470,A51083,VRCN
OD6_8660_8621,A51083,VRCN
OD6_8660_8621,A51143,VRCN
OR1_7700_7980,A51011,PCRN
OR1_7700_7980,A51037,PCRN
OR1_8280_8020,A51063,PCRN
OR1_8280_8020,A51121,CPLN
OR1_8280_8020,B51161,CPLN
OR1_8320_8271,A51067,CPLN
OR1_8320_8271,B51067,CPLN
OR2_7610_7780,A51019,BR_N
OR2_7610_7780,A51031,PCRN
OR2_7610_7780,A51515,PCRN
OR2_7610_7780,B51019,PCRN
OR2_7650_8070,A51019,BR_N
OR2_7650_8070,A51023,PCRN
OR2_7650_8070,B51019,PCRN
OR2_7670_7840,A51011,PCRN
OR2_7670_7840,A51031,PCRN
OR2_7780_7890,A51031,PCRN
OR2_7780_7890,B51019,PCRN
OR2_7840_7970,A51011,PCRN
OR2_7840_7970,A51031,PCRN
OR2_7840_7970,A51037,PCRN
OR2_7900_7740,A51161,VRCN
OR2_7900_7740,A51770,VRCN
OR2_7900_7740,A51775,VRCN
OR2_7900_7740,B51161,VRCN
OR2_8020_8130,A51121,VRSN
OR2_8020_8130,A51161,VRCN
OR2_8020_8130,B51161,VRSN
OR2_8070_8120,A51031,PCRN
OR2_8070_8120,B51019,PCRN
OR2_8130_7900,A51121,VRSN
OR2_8130_7900,A51161,VRSN
OR2_8130_7900,B51161,VRSN
OR2_8450_8490,A51117,PCRN
OR2_8460_8271,A51067,CPLN
OR2_8460_8271,A51089,PCRN
OR2_8460_8271,A51143,VRCN
OR2_8460_8271,B51067,CPLN
OR3_7740_8271,A51023,VRSN
OR3_7740_8271,A51161,VRSN
OR3_7740_8271,A51770,VRCN
OR3_7740_8271,B51023,BR_N
OR3_7740_8271,B51161,VRCN
OR4_8120_7890,A51031,VRCN
OR4_8120_7890,A51143,VRCN
OR4_8271_8120,A51019,VRCN
OR4_8271_8120,A51031,VRCN
OR4_8271_8120,A51067,VRCN
OR4_8271_8120,A51143,VRCN
OR4_8271_8120,A51161,VRCN
OR4_8271_8120,A51770,VRCN
OR4_8271_8120,B51019,VRCN
OR4_8271_8120,B51067,VRCN
OR4_8271_8120,B51161,VRCN
OR5_7890_7970,A51031,PCRN
OR5_7890_7970,A51083,PCRN
OR5_7890_7970,A51143,PCRN
OR5_7910_8410,A51037,PCRN
OR5_7910_8410,A51147,PCRN
OR5_7970_8200,A51031,VRCN
OR5_7970_8200,A51037,VRCN
OR5_7970_8200,A51083,VRCN
OR5_7980_8200,A51037,PCRN
OR5_8200_8370,A51037,VRCN
OR5_8200_8370,A51083,VRCN
OR5_8370_8410,A51037,VRCN
OR5_8370_8410,A51083,VRCN
OR5_8410_8470,A51037,VRCN
OR5_8410_8470,A51083,VRCN
OR5_8410_8470,A51117,VRCN
OR7_8470_8490,A37077,PCRN
OR7_8470_8490,A37145,PCRN
OR7_8470_8490,A37181,PCRN
OR7_8470_8490,A37185,PCRN
OR7_8470_8490,A51037,VRCN
OR7_8470_8490,A51083,VRCN
OR7_8470_8490,A51117,VRCN
OR7_8490_0000,A51025,VRCN
OR7_8490_0000,A51117,VRCN
PL0_4510_0001,A11001,CPDN
PL0_4510_0001,A24031,PCRN
PL0_4510_0001,A24033,CPDN
PL0_4961_0000,A24033,CPDN
PL0_5000_0001,A51059,PCRN
PL0_5000_0001,A51510,CPDN
PL0_5000_0001,A51610,PCRN
PL0_5010_5130,A51059,PCRN
PL0_5010_5130,A51600,PCRN
PL0_5070_0001,A24033,CPUN
PL0_5090_0000,A51059,CPDN
PL0_5090_0000,A51510,CPDN
PL0_5131_0000,A51059,PCRN
PL0_5131_0000,A51600,PCRN
PL0_5141_5140,A51061,PCRN
PL0_5141_5140,A51153,ML_N
PL0_5251_0000,A51059,CPLN
PL0_5251_0000,A51153,PCRN
PL0_5252_0000,A51059,CPLN
PL0_5253_0000,A51059,CPLN
PL0_5290_0000,A24017,CPLT
PL0_5290_0000,A24033,CPDT
PL0_5390_0000,A24017,CPLN
PL0_5390_0000,A24031,CPLN
PL0_5390_0000,A24033,CPDN
PL0_5391_0000,A24017,CPLN
PL0_5392_0000,A24017,CPLN
PL0_5440_0000,A24017,CPUN
PL0_5450_0000,A24017,CPUN
PL0_5490_0001,A51153,PCRN
PL0_5491_0000,A51153,CPDN
PL0_5491_0000,A51179,PCRN
PL0_5492_0000,A51153,CPDN
PL0_5493_0000,A51099,CPDN
PL0_5493_0000,A51153,CPDN
PL0_5493_0000,A51179,PCRN
PL0_5494_0000,A51179,PCRN
PL0_5495_0000,A51179,PCRN
PL0_5496_0000,A51153,CPDN
PL0_5510_0001,A24017,CPUN
PL0_5510_0001,A24037,CPUN
PL0_5530_5710,A24017,CPUN
PL0_5540_5490,A51153,PCRN
PL0_5580_0000,A24017,CPLN
PL0_5581_0000,A24017,CPLN
PL0_5582_0000,A24017,CPUN
PL0_5583_0000,A24017,CPUN
PL0_5584_0000,A24017,CPDN
PL0_5585_0000,A24017,CPLN
PL0_5670_0000,A24017,CPLT
PL0_5670_0000,A24037,CPLN
PL0_5671_0000,A24017,CPLN
PL0_5671_0000,A24037,CPDN
PL0_5672_0000,A24037,CPDN
PL0_5710_0001,A24017,CPDN
PL0_5720_0001,A24017,CPUN
PL0_5730_5690,A51061,PCRN
PL0_5730_5690,A51179,PCRN
PL0_5750_0001,A24037,CPUN
PL0_5790_0000,A24017,CPDN
PL0_5791_0000,A24017,CPDN
PL0_5830_0001,A24037,CPUN
PL0_5850_0000,A51179,CPDN
PL0_5851_0000,A51179,CPDN
PL0_5860_0000,A24017,CPLN
PL0_5900_0000,A51099,CPDN
PL0_5900_0000,A51179,CPDN
PL0_5901_0000,A51099,CPDN
PL0_5902_0000,A51099,CPDN
PL0_5903_0000,A51099,CPDN
PL0_5904_0000,A51099,CPDN
PL0_5920_0000,A51099,CPLN
PL0_5921_0000,A51099,CPLN
PL0_5922_0000,A51099,CPLN
PL0_5923_0000,A51099,CPLN
PL0_5930_0000,A24017,CPLN
PL0_5950_0000,A24037,CPLT
PL0_5951_0000,A24037,CPLN
PL0_5952_0000,A24037,CPUN
PL0_5960_0000,A24037,CPLT
PL0_5961_0000,A24037,CPUN
PL0_5962_0000,A24037,CPUN
PL0_5980_0000,A24037,CPLN
PL0_5981_0000,A24037,CPUN
PL0_5982_0000,A24037,CPLT
PL0_5983_0000,A24037,CPLN
PL0_6020_0000,A24037,CPLT
PL0_6060_0000,A24037,CPLT
PL0_6100_0000,A51099,CPLN
PL0_6100_0000,A51193,CPLN
PL0_6101_0000,A51193,CPLN
PL0_6110_0000,A24037,CPLN
PL0_6130_0000,A51193,CPUN
PL0_6131_0000,A51193,CPUN
PL0_6140_0000,A51133,CPUN
PL0_6140_0000,A51193,CPLN
PL0_6141_0000,A51193,CPLN
PL0_6270_0000,A51133,CPLN
PL0_6271_0000,A51133,CPLN
PL0_6272_0000,A51133,CPLN
PL1_4460_4780,A11001,PCRN
PL1_4460_4780,A24031,PCRN
PL1_4540_0001,A24031,PCRN
PL1_4540_0001,A24033,CPDN
PL1_4780_0001,A11001,PCRN
PL1_4780_0001,A24031,PCRN
PL1_5060_0000,A24033,CPUN
PL1_5061_0000,A24033,CPLN
PL1_5130_0001,A51059,PCRN
PL1_5230_0001,A24017,CPUN
PL1_5230_0001,A24033,CPUN
PL1_5370_5470,A51061,ML_N
PL1_5690_0001,A51153,PCRN
PL1_5690_0001,A51179,PCRN
PL1_5910_0001,A24037,CPUN
PL2_4810_0000,A11001,CPDN
PL2_4810_0000,A24033,CPDN
PL2_4811_0000,A11001,CPDN
PL2_4811_0000,A24033,CPDN
PL2_4945_0004,A11001,CPLN
PL2_4970_5250,A51059,ML_N
PL2_4970_5250,A51061,PCRN
PL2_4970_5250,A51107,ML_N
PL2_4970_5250,A51153,ML_N
PL2_4970_5250,A51600,PCRN
PL2_4970_5250,A51683,ML_N
PL2_4970_5250,A51685,ML_N
PL2_5140_5360,A51061,ML_N
PL2_5140_5360,A51153,ML_N
PL2_5140_5360,A51683,ML_N
PL2_5300_5630,A24017,CPUN
PL2_5300_5630,A24033,CPUN
PL2_5470_5360,A51061,ML_N
PL2_5470_5360,A51153,ML_N
PL2_5630_0001,A24017,CPDN
PL2_5800_0000,A24017,CPLN
PL3_5250_0001,A51059,PCRN
PL3_5250_0001,A51153,PCRN
PL3_5360_5250,A51153,PCRN
PL3_5360_5250,A51683,ML_N
PL7_4910_0000,A11001,PCRN
PL7_4910_0000,A51059,PCRN
PL7_4911_0000,A51013,PCRN
PL7_4911_0000,A51059,PCRN
PL7_4940_0000,A11001,CPLN
PL7_4941_0000,A51013,CPDN
PL7_4942_0000,A11001,CPLN
PL7_4960_0000,A11001,CPLN
PL7_4960_0000,A24031,CPLN
PL7_4960_0000,A24033,CPDN
PL7_4960_0000,A51059,CPLN
PL7_4960_0000,A51107,CPLN
PL7_4962_0000,A51013,CPDN
PL7_4962_0000,A51059,PCRN
PL7_4962_0000,A51510,CPDN
PL7_4962_0000,A51610,PCRN
PL7_4963_0000,A51510,CPDN
PL7_4964_0000,A51013,CPDN
PL7_4964_0000,A51510,CPDN
PL7_4965_0000,A51510,CPDN
PL7_4980_0000,A24033,CPLN
PL7_4980_0000,A51059,CPLN
PL7_4980_0000,A51510,CPLN
PL7_4981_0000,A51059,CPLN
PL7_4982_0000,A51059,CPLN
PL7_4983_0000,A51059,CPLN
PL7_4984_0000,A51059,CPLN
PM0_4640_4820,A24031,PCRN
PM1_3120_3400,A24013,PCRN
PM1_3450_3400,A24013,PCRN
PM1_3450_3400,A24021,PCRN
PM1_3510_4000,B24021,BR_N
PM1_3710_4040,A24013,PCRN
PM1_3710_4040,A24021,PCRN
PM1_4000_4290,B24021,PCRN
PM1_4250_4500,A24031,PCRN
PM1_4430_4200,A51107,PCRN
PM1_4500_4580,A24031,ML_N
PM2_2860_3040,A24013,ML_N
PM2_2860_3040,A24021,ML_N
PM2_2860_3040,A42001,ML_N
PM2_2860_3040,B42001,BR_N
PM2_3400_3340,A24013,ML_N
PM2_3400_3340,A24021,ML_N
PM2_4860_4670,A51061,PCRN
PM2_4860_4670,A51107,PCRN
PM2_4860_4670,B51061,BR_N
PM3_3040_3340,A24013,ML_N
PM3_3040_3340,A24021,ML_N
PM3_3040_3340,A42001,ML_N
PM3_3040_3340,A42055,BR_N
PM3_3040_3340,B24021,BR_N
PM3_3040_3340,B42001,BR_N
PM3_4660_4620,A51107,ML_N
PM3_4670_4660,A51061,PCRN
PM3_4670_4660,A51107,PCRN
PM4_3340_3341,A24021,ML_N
PM4_3340_3341,B24021,BR_N
PM4_3341_4040,A24021,PCAN
PM4_3341_4040,B24021,BR_N
PM4_4040_4410,A24021,PCRN
PM4_4040_4410,A24031,PCRN
PM4_4040_4410,B24021,BR_N
PM7_4150_4290,A24043,BR_N
PM7_4150_4290,A51107,PCRN
PM7_4150_4290,B24021,PCRN
PM7_4200_4410,A24021,ML_N
PM7_4200_4410,A51107,ML_N
PM7_4200_4410,B24021,BR_N
PM7_4290_4200,A51107,PCRN
PM7_4290_4200,B24021,PCRN
PM7_4410_4620,A24021,PCRN
PM7_4410_4620,A24031,ML_N
PM7_4410_4620,A51107,ML_N
PM7_4580_4820,A24031,PCRN
PM7_4580_4820,A51059,PCRN
PM7_4580_4820,A51600,PCRN
PM7_4620_4580,A24031,ML_N
PM7_4620_4580,A51059,ML_N
PM7_4620_4580,A51107,ML_N
PM7_4820_0001,A11001,PCRN
PM7_4820_0001,A24031,PCRN
PM7_4820_0001,A51059,PCRN
PS0_6150_6160,A51165,VRSN
PS0_6150_6160,A51660,VRSN
PS0_6160_6161,A51165,VRCN
PS0_6160_6161,A51660,VRSN
PS1_4790_4830,A51069,VRSN
PS1_4790_4830,B51171,VRSN
PS1_4830_5080,A51069,VRCN
PS1_4830_5080,A51171,VRCN
PS1_4830_5080,A51187,VRSN
PS1_4830_5080,B51171,VRSN
PS2_5550_5560,A51165,VRCN
PS2_5550_5560,A54031,VRSN
PS2_5550_5560,B51165,VRSN
PS2_5550_5560,B51171,VRSN
PS2_5560_5100,A51165,VRCN
PS2_5560_5100,A51171,VRCN
PS2_5560_5100,A51660,VRSN
PS2_5560_5100,B51165,VRSN
PS2_5560_5100,B51171,VRSN
PS2_6420_6360,A51015,VRCN
PS2_6420_6360,A51165,VRCN
PS2_6420_6360,B51015,BR_N
PS2_6420_6360,C51165,BR_N
PS2_6490_6420,A51015,VRCN
PS2_6490_6420,A51820,VRCN
PS2_6490_6420,B51015,BR_N
PS2_6490_6420,C51165,BR_N
PS2_6660_6490,A51015,VRCN
PS2_6660_6490,A51820,VRCN
PS2_6660_6490,B51015,BR_N
PS2_6730_6660,A51015,VRCN
PS2_6730_6660,A51820,VRSN
PS2_6730_6660,B51015,BR_N
PS3_5100_5080,A51069,VRCN
PS3_5100_5080,A51171,VRCN
PS3_5100_5080,A51187,VRSN
PS3_5100_5080,B51171,VRSN
PS3_5990_6161,A51015,VRCN
PS3_5990_6161,A51165,VRCN
PS3_5990_6161,B51165,VRSN
PS3_5990_6161,C51015,VRSN
PS3_6161_6280,A51165,VRCN
PS3_6280_6230,A51015,VRSN
PS3_6280_6230,A51165,VRCN
PS3_6460_6230,A51015,VRCN
PS3_6460_6230,A51790,VRCN
PS3_6460_6230,C51015,VRSN
PS4_5080_4380,A51069,VRSN
PS4_5080_4380,A51139,VRSN
PS4_5080_4380,A51171,VRSN
PS4_5080_4380,A51187,VRSN
PS4_5840_5240,A51139,VRSN
PS4_5840_5240,A51165,VRSN
PS4_5840_5240,B51139,BR_N
PS4_5840_5240,C51165,BR_N
PS4_6230_6360,A51165,VRSN
PS4_6360_5840,A51165,VRCN
PS4_6360_5840,C51165,BR_N
PS5_4370_4150,A54037,VRCN
PS5_4380_4370,A51043,VRCN
PS5_4380_4370,A51069,VRSN
PS5_4380_4370,A51187,VRCN
PS5_4380_4370,A54037,VRCN
PS5_4380_4370,B51187,BR_N
PS5_5200_4380,A51187,VRSN
PS5_5200_4380,B51187,BR_N
PS5_5240_5200,A51139,VRCN
PS5_5240_5200,A51187,VRSN
PS5_5240_5200,B51139,BR_N
PS5_5240_5200,B51187,BR_N
PU0_3000_3090,A24043,BR_N
PU0_3000_3090,A42055,VRCN
PU0_3000_3090,B42001,BR_N
PU0_3601_3602,A24043,VRCN
PU0_3601_3602,B42055,VRSN
PU0_3611_3530,A24043,VRSN
PU0_3611_3530,A42057,VRSN
PU0_3751_3752,A24043,VRCN
PU0_3871_3690,A24001,VRSN
PU0_3871_3690,C42009,VRSN
PU0_5620_5380,A54071,VRSN
PU0_5620_5380,B54023,VRSN
PU0_5620_5380,B54071,VRSN
PU0_6080_5620,A51091,VRSN
PU0_6080_5620,A54071,VRSN
PU0_6080_5620,B51091,VRCN
PU0_6080_5620,B54071,VRSN
PU1_3030_3440,A24043,VRSN
PU1_3030_3440,A42057,VRSN
PU1_3100_3690,A24001,VRSN
PU1_3100_3690,A24043,VRSN
PU1_3100_3690,A42057,VRSN
PU1_3100_3690,C42009,VRSN
PU1_3170_3580,A42009,VRSN
PU1_3580_3780,A24001,VRSN
PU1_3580_3780,A42009,VRSN
PU1_3580_3780,B24001,VRCN
PU1_3850_4190,A24023,APSN
PU1_3850_4190,B24001,APSN
PU1_3940_3970,A24023,APSN
PU1_3940_3970,B24001,APSN
PU1_4190_4300,A24023,APSN
PU1_4300_4440,A24023,APSN
PU1_4760_4450,A54023,APSN
PU1_4760_4450,A54057,APSN
PU1_4840_4760,A54023,APSN
PU1_5380_5050,A54023,VRCN
PU1_5380_5050,A54071,VRSN
PU1_5380_5050,B54023,VRSN
PU1_5380_5050,B54071,VRSN
PU1_5520_5210,B54071,VRSN
PU1_5820_5380,A54071,VRSN
PU1_5820_5380,B54071,VRSN
PU2_2790_3290,A42055,VRCN
PU2_2790_3290,B42001,BR_N
PU2_2790_3290,B42041,BR_N
PU2_2790_3290,B42055,VRSN
PU2_2840_3080,A24043,VRSN
PU2_2840_3080,A42057,VRSN
PU2_2840_3080,B42055,VRSN
PU2_3080_3640,A24043,VRSN
PU2_3080_3640,B42055,VRSN
PU2_3090_4050,A24043,VRCN
PU2_3090_4050,A42055,VRCN
PU2_3140_3680,A42009,VRCN
PU2_3140_3680,A42111,APSN
PU2_3140_3680,B24001,VRSN
PU2_3140_3680,B42009,VRSN
PU2_3180_3370,A24001,VRSN
PU2_3180_3370,A42009,VRSN
PU2_3180_3370,C42009,VRSN
PU2_3370_4020,A24001,VRSN
PU2_3370_4020,A42009,VRSN
PU2_3630_3590,A51069,VRSN
PU2_3630_3590,A54003,VRSN
PU2_3630_3590,A54065,VRSN
PU2_3770_3600,A51069,VRSN
PU2_3770_3600,A54003,VRSN
PU2_3770_3600,A54065,VRSN
PU2_3900_3750,A54003,VRCN
PU2_3900_3750,A54037,VRCN
PU2_4050_4180,A24043,BR_N
PU2_4160_3930,A54057,VRCN
PU2_4160_3930,B54057,VRSN
PU2_4220_3900,A51043,VRCN
PU2_4220_3900,A51069,VRCN
PU2_4220_3900,A51840,VRCN
PU2_4220_3900,A54003,VRCN
PU2_4220_3900,A54037,VRCN
PU2_4340_3860,A54027,VRSN
PU2_4340_3860,A54031,VRSN
PU2_4360_4160,A54023,VRSN
PU2_4360_4160,A54057,VRCN
PU2_4360_4160,B54023,VRSN
PU2_4360_4160,B54057,VRSN
PU2_4720_4750,A24023,APSN
PU2_4720_4750,A54023,APSN
PU2_4720_4750,A54077,APSN
PU2_4720_4750,A54093,APSN
PU2_4730_4220,A51043,VRSN
PU2_4730_4220,A51069,VRSN
PU2_4730_4220,A51840,VRCN
PU2_4750_4450,A24023,APSN
PU2_4750_4450,A54023,APSN
PU2_5190_4310,A54031,VRSN
PU2_5190_4310,A54071,VRSN
PU2_5190_4310,B54031,VRSN
PU2_5700_5210,A51091,VRSN
PU2_5700_5210,B54071,VRSN
PU2_6050_5190,A54071,VRSN
PU2_6050_5190,B51091,VRSN
PU3_2510_3290,A24043,VRSN
PU3_2510_3290,A42055,VRCN
PU3_2510_3290,A42099,VRSN
PU3_2510_3290,B42055,VRSN
PU3_3290_3390,A24043,VRSN
PU3_3290_3390,A42055,VRCN
PU3_3390_3730,A24043,VRCN
PU3_3390_3730,A42055,VRCN
PU3_3390_3730,B42055,VRSN
PU3_3680_3890,A42111,APSN
PU3_3680_3890,B24001,APSN
PU3_3860_3610,A54027,VRSN
PU3_3860_3610,A54065,VRSN
PU3_4280_3860,A54027,VRSN
PU3_4280_3860,A54031,VRSN
PU3_4450_4440,A24023,APSN
PU3_4450_4440,A54023,APSN
PU3_4450_4440,A54057,APSN
PU3_5210_5050,A54023,VRSN
PU3_5210_5050,B54023,VRSN
PU3_5210_5050,B54071,VRSN
PU4_3780_3930,A24001,VRSN
PU4_3780_3930,A54057,VRCN
PU4_3780_3930,B54057,VRSN
PU4_3890_3990,A24001,VRSN
PU4_3890_3990,A54057,VRCN
PU4_3890_3990,B24001,VRCN
PU4_3970_3890,A54023,VRSN
PU4_3970_3890,A54057,VRSN
PU4_3970_3890,B24001,VRSN
PU4_3990_3780,A24001,VRSN
PU4_3990_3780,B54057,VRSN
PU4_4210_4170,A54027,VRSN
PU4_4310_4210,A54027,VRSN
PU4_4310_4210,A54031,VRSN
PU4_4310_4210,B54031,VRSN
PU4_4440_3970,A54057,APSN
PU4_4440_3970,B24001,APSN
PU4_5050_4310,A54023,VRSN
PU4_5050_4310,A54071,VRSN
PU4_5050_4310,B54023,VRSN
PU4_5050_4310,B54031,VRSN
PU5_3930_4170,A24001,VRSN
PU5_3930_4170,A54027,VRSN
PU5_3930_4170,B54057,VRSN
PU5_4170_4020,A24001,VRSN
PU5_4170_4020,A54027,VRSN
PU6_3440_3590,A24043,VRSN
PU6_3440_3590,A42057,VRSN
PU6_3440_3590,A54065,VRSN
PU6_3530_3440,A24043,VRSN
PU6_3530_3440,A54065,VRSN
PU6_3590_3640,A24043,VRSN
PU6_3590_3640,A54065,VRSN
PU6_3600_3602,A24043,VRCN
PU6_3600_3602,A54003,VRCN
PU6_3602_3730,A24043,VRCN
PU6_3602_3730,A54003,VRSN
PU6_3610_3530,A24043,VRCN
PU6_3610_3530,A54065,VRSN
PU6_3640_3600,A24043,VRSN
PU6_3640_3600,A54003,VRSN
PU6_3640_3600,A54065,VRSN
PU6_3690_3610,A24043,VRSN
PU6_3690_3610,A54065,VRSN
PU6_3730_3750,A24043,VRCN
PU6_3730_3750,A54003,VRSN
PU6_3750_3752,A24043,VRCN
PU6_3750_3752,A54003,VRCN
PU6_3750_3752,A54037,VRCN
PU6_3752_4080,A24043,VRCN
PU6_3752_4080,A54037,VRCN
PU6_3870_3690,A24001,VRSN
PU6_3870_3690,A54027,VRSN
PU6_3870_3690,A54065,VRSN
PU6_4020_3870,A24001,VRSN
PU6_4020_3870,A54027,VRSN
PU6_4020_3870,A54065,VRSN
PU6_4080_4180,A24043,VRCN
PU6_4080_4180,A54037,VRCN
PU6_4180_4150,A24043,BR_N
PU6_4180_4150,A54037,VRCN
RL0_6450_0000,A51103,CPLN
RL0_6450_0000,A51133,CPLN
RL0_6451_0000,A51103,CPLN
RL0_6500_0000,A51057,CPUN
RL0_6500_0000,A51103,CPLN
RL0_6500_0000,A51119,CPLN
RL0_6500_0000,A51159,CPLN
RL0_6501_0000,A51057,CPUN
RL0_6501_0000,A51133,CPUN
RL0_6501_0000,A51159,CPDN
RL0_6501_0000,A51193,CPUN
RL0_6530_0000,A51103,CPUN
RL0_6530_0000,A51119,CPLN
RL0_6530_0000,A51133,CPUN
RL0_6531_0000,A51103,CPUN
RL0_6531_0000,A51119,CPLN
RL0_6540_0001,A51057,CPDN
RL1_6180_0001,A51159,CPUN
RL1_6180_0001,A51193,CPUN
RL1_6322_0000,A51159,CPUN
RL1_6322_0000,A51193,CPUN
RL5_6070_0000,A51033,CPDN
RL5_6070_0000,A51057,CPUN
RL5_6070_0000,A51099,CPLN
RL5_6070_0000,A51177,CPLN
RL5_6070_0000,A51179,CPUN
RL5_6070_0000,A51193,CPLN
RL5_6070_0000,A51630,PCRN
RL5_6071_0000,A51057,CPUN
RL5_6071_0000,A51159,CPLN
RL5_6071_0000,A51193,CPLN
RL5_6072_0000,A51057,CPUN
RL5_6072_0000,A51159,CPLN
RL5_6320_0000,A51057,CPDN
RL5_6321_0000,A51057,CPDN
RL5_6321_0000,A51159,CPLN
RU2_5220_5640,A51047,PCRN
RU2_5220_5640,A51061,PCRN
RU2_5220_5640,A51157,BR_N
RU2_5220_5640,B51061,BR_N
RU2_5220_5640,B51157,BR_N
RU2_5500_5610,A51047,PCRN
RU2_5500_5610,A51157,BR_N
RU2_5500_5610,B51157,BR_N
RU2_5810_5610,A51047,PCRN
RU2_5810_5610,A51113,BR_N
RU2_5810_5610,A51157,BR_N
RU2_5810_5610,B51113,BR_N
RU2_5810_5610,B51157,BR_N
RU2_5940_6200,A51047,PCRN
RU2_5940_6200,A51113,PCRN
RU2_5940_6200,B51113,BR_N
RU2_6090_6220,A51079,BR_N
RU2_6090_6220,A51113,PCRN
RU2_6090_6220,B51079,BR_N
RU2_6090_6220,B51113,BR_N
RU2_6200_6170,A51047,ML_N
RU2_6200_6170,A51113,PCRN
RU2_6220_6170,A51003,PCRN
RU2_6220_6170,A51079,PCRN
RU2_6220_6170,A51113,PCRN
RU2_6220_6170,A51137,ML_N
RU3_5610_5640,A51047,PCRN
RU3_5610_5640,A51157,PCRN
RU3_6170_6040,A51047,ML_N
RU3_6170_6040,A51137,PCRN
RU4_5640_6030,A51047,PCRN
RU4_5640_6030,A51061,ML_N
RU4_5640_6030,A51179,PCRN
RU4_6040_6030,A51047,ML_N
RU4_6040_6030,A51137,PCRN
RU4_6040_6030,A51177,PCRN
RU5_6030_0001,A51177,PCRN
RU5_6030_0001,A51179,PCRN
RU5_6030_0001,A51630,PCRN
SJ1_2280_2450,A42061,VRSN
SJ1_2280_2450,A42067,VRSN
SJ2_1900_1930,A42027,VRSN
SJ2_1900_1930,A42087,VRSN
SJ2_1900_1930,A42109,VRSN
SJ2_2110_2170,A42067,VRSN
SJ2_2110_2170,A42087,VRSN
SJ2_2150_2130,A42067,VRSN
SJ2_2150_2130,A42099,VRSN
SJ2_2500_2450,A42061,VRSN
SJ2_2530_2820,A42009,VRCN
SJ2_2530_2820,A42013,VRSN
SJ2_2530_2820,A42021,APSN
SJ2_2530_2820,B42009,VRSN
SJ2_2570_2660,A42009,VRCN
SJ2_2570_2660,A42013,VRCN
SJ2_2570_2660,C42009,VRSN
SJ2_2580_2500,A42057,VRSN
SJ2_2580_2500,A42061,VRSN
SJ2_2580_2500,C42009,VRSN
SJ2_2820_2740,A42009,VRCN
SJ2_2900_2740,A42009,VRSN
SJ2_2900_2740,A42111,VRSN
SJ2_2900_2740,B42009,VRSN
SJ3_1980_2060,A42027,VRCN
SJ3_1980_2060,A42061,VRCN
SJ3_2040_1980,A42013,VRSN
SJ3_2040_1980,A42021,APSN
SJ3_2040_1980,A42027,VRSN
SJ3_2040_1980,A42061,VRCN
SJ3_2040_1980,B42027,APSN
SJ3_2160_2170,A42061,VRSN
SJ3_2160_2170,A42067,VRSN
SJ3_2160_2170,A42099,VRSN
SJ3_2160_2170,B42055,VRSN
SJ3_2170_1970,A42067,VRCN
SJ3_2230_2060,A42009,VRSN
SJ3_2230_2060,A42013,VRCN
SJ3_2230_2060,A42061,VRSN
SJ3_2250_2230,A42009,VRCN
SJ3_2250_2230,A42013,VRSN
SJ3_2250_2230,A42021,APSN
SJ3_2250_2230,B42009,VRSN
SJ3_2450_2120,A42061,VRSN
SJ4_2010_2210,A42013,VRSN
SJ4_2010_2210,A42027,VRSN
SJ4_2010_2210,A42061,VRSN
SJ4_2060_2010,A42061,VRSN
SJ4_2340_2210,A42061,VRSN
SJ4_2360_2340,A42009,VRSN
SJ4_2360_2340,A42057,VRSN
SJ4_2360_2340,A42061,VRSN
SJ4_2360_2340,C42009,VRSN
SJ4_2660_2360,A42009,VRSN
SJ4_2660_2360,A42061,VRSN
SJ4_2660_2360,C42009,VRSN
SJ4_2740_2660,A42009,VRCN
SJ4_2740_2660,A42057,VRSN
SJ4_2740_2660,C42009,VRSN
SJ5_2120_1930,A42061,VRSN
SJ5_2120_1930,A42087,VRSN
SJ5_2210_2320,A42061,VRSN
SJ5_2210_2320,A42087,VRSN
SJ5_2320_2120,A42061,VRSN
SJ5_2320_2120,A42087,VRSN
SJ6_1930_1970,A42067,VRSN
SJ6_1930_1970,A42087,VRSN
SJ6_1930_1970,A42109,VRSN
SJ6_1970_2130,A42067,VRSN
SJ6_1970_2130,A42099,VRSN
SJ6_1970_2130,A42109,VRSN
SJ6_2130_2050,A42099,VRSN
SL0_2180_2220,A42075,VRCN
SL0_2220_2140,A42075,VRSN
SL0_2721_2720,A24025,PCRN
SL0_2721_2720,A42133,PCRN
SL0_2831_2830,A24013,PCRN
SL0_2831_2830,A42133,PCRN
SL1_1700_1780,A42097,VRSN
SL1_1730_1700,A42037,VRSN
SL1_1730_1700,A42097,VRSN
SL1_1730_1700,A42107,VRSN
SL1_1790_1840,A42087,VRSN
SL1_1790_1840,A42109,VRSN
SL1_1790_1840,A42119,VRSN
SL1_2000_2090,A42011,VRSN
SL1_2000_2090,A42075,VRSN
SL1_2190_2350,A42011,ML_N
SL1_2190_2350,A42071,ML_N
SL1_2190_2350,A42075,ML_N
SL1_2390_2420,A42071,PCAN
SL1_2670_2370,A42041,VRCN
SL1_2670_2370,A42055,VRCN
SL1_2670_2370,B42041,BR_N
SL1_2760_2730,A42133,PCRN
SL1_2770_2730,A42133,PCRN
SL1_2830_2760,A42133,PCRN
SL2_1670_1880,A42037,VRSN
SL2_1670_1880,A42097,VRSN
SL2_1670_1880,A42107,VRSN
SL2_1810_2030,A42043,VRSN
SL2_1810_2030,A42097,VRSN
SL2_1810_2030,A42107,VRSN
SL2_1850_1990,A42107,VRSN
SL2_1990_2070,A42075,VRSN
SL2_1990_2070,A42107,VRSN
SL2_2070_2090,A42011,VRSN
SL2_2070_2090,A42075,VRSN
SL2_2200_2350,A42011,ML_N
SL2_2200_2350,A42029,PCRN
SL2_2200_2350,A42071,PCAN
SL2_2300_2520,A42071,PCAN
SL2_2300_2520,A42075,ML_N
SL2_2410_2700,A42029,PCRN
SL2_2410_2700,A42071,PCAN
SL2_2480_0001,A24015,PCRN
SL2_2480_0001,A42029,PCRN
SL2_2480_0001,A42071,PCRN
SL2_2540_2370,A42041,VRSN
SL2_2540_2370,A42055,VRSN
SL2_2540_2370,A42099,VRSN
SL2_2540_2370,B42055,VRSN
SL2_2750_2720,A24025,PCRN
SL2_2750_2720,A42133,PCRN
SL2_2910_3060,A24005,PCRN
SL2_2910_3060,A24025,PCRN
SL2_2910_3060,A42133,PCRN
SL2_3060_0001,A24025,PCRN
SL3_1710_1740,A42027,VRSN
SL3_1710_1740,A42061,VRSN
SL3_1710_1740,A42087,VRSN
SL3_1710_1740,A42109,VRSN
SL3_1710_1740,A42119,VRSN
SL3_1710_1740,B42119,VRCN
SL3_1740_1840,A42109,VRSN
SL3_1740_1840,B42119,VRSN
SL3_1840_1880,A42109,VRSN
SL3_1960_2080,A42043,VRSN
SL3_1960_2080,A42107,VRSN
SL3_2260_2050,A42043,VRSN
SL3_2260_2050,A42099,VRSN
SL3_2290_2260,A42099,VRSN
SL3_2290_2260,B42055,VRSN
SL3_2350_2470,A42071,PCAN
SL3_2400_2440,A42041,VRCN
SL3_2400_2440,A42133,ML_N
SL3_2400_2440,B42001,BR_N
SL3_2400_2440,B42041,BR_N
SL3_2420_2700,A42071,PCAN
SL3_2440_2380,A42041,VRSN
SL3_2440_2380,A42133,ML_N
SL3_2460_2430,A24013,PCRN
SL3_2460_2430,A42001,ML_N
SL3_2460_2430,A42133,ML_N
SL3_2460_2430,B42001,BR_N
SL3_2460_2430,B42041,BR_N
SL3_2470_2420,A42071,PCAN
SL3_2550_2490,A42133,PCRN
SL3_2730_2550,A42133,PCAN
SL4_2090_2100,A42075,VRSN
SL4_2100_2140,A42075,VRSN
SL4_2140_2240,A42043,VRSN
SL4_2140_2240,A42075,VRSN
SL4_2140_2240,B42043,VRSN
SL4_2240_2310,A42043,VRSN
SL4_2240_2310,A42075,VRCN
SL4_2240_2310,B42043,VRSN
SL4_2330_2270,A42041,VRCN
SL4_2370_2330,A42041,VRSN
SL4_2370_2330,A42055,VRSN
SL4_2370_2330,B42041,VRSN
SL4_2370_2330,B42055,VRSN
SL8_1760_1780,A42097,VRSN
SL8_1760_1780,A42109,VRSN
SL8_1760_1780,B42119,VRSN
SL8_1780_1880,A42097,VRSN
SL8_1780_1880,A42109,VRCN
SL8_1880_2030,A42043,VRSN
SL8_1880_2030,A42067,VRSN
SL8_1880_2030,A42097,VRSN
SL8_1880_2030,A42099,VRSN
SL8_1880_2030,A42109,VRSN
SL8_2030_2080,A42043,VRSN
SL8_2030_2080,A42067,VRSN
SL8_2030_2080,A42099,VRSN
SL8_2080_2050,A42043,VRSN
SL8_2080_2050,A42099,VRSN
SL9_2050_2270,A42041,VRSN
SL9_2050_2270,A42043,VRSN
SL9_2050_2270,A42075,VRSN
SL9_2050_2270,A42099,VRSN
SL9_2050_2270,B42043,VRSN
SL9_2270_2380,A42041,VRSN
SL9_2270_2380,A42043,VRSN
SL9_2270_2380,B42043,VRSN
SL9_2310_2430,A42071,ML_N
SL9_2310_2430,A42075,ML_N
SL9_2310_2430,A42133,ML_N
SL9_2310_2430,B42043,ML_N
SL9_2380_2310,A42133,ML_N
SL9_2380_2310,B42043,ML_N
SL9_2430_2490,A42071,ML_N
SL9_2430_2490,A42133,ML_N
SL9_2490_2520,A42071,PCAN
SL9_2490_2520,A42133,PCRN
SL9_2520_2700,A42071,PCAN
SL9_2520_2700,A42133,PCRN
SL9_2700_2720,A42071,PCRN
SL9_2700_2720,A42133,PCRN
SL9_2720_0001,A24015,PCRN
SL9_2720_0001,A24025,PCRN
SL9_2720_0001,A42071,PCRN
SL9_2720_0001,A42133,PCRN
SL9_2970_0000,A24015,PCRN
SL9_2970_0000,A24025,PCRN
SL9_2971_0000,A24015,PCRN
SL9_2971_0000,A24025,PCRN
SU1_0050_0090,A36017,APSN
SU1_0050_0090,A36053,APSN
SU1_0050_0090,A36065,APSN
SU1_0060_0190,A36043,APSN
SU1_0060_0190,A36077,APSN
SU1_0080_0210,A36077,APSN
SU1_0200_0270,A36017,APSN
SU1_0330_0560,A36023,APCN
SU1_0330_0560,A36107,APSN
SU1_0330_0560,A36109,APSN
SU1_0380_0400,A36017,APCN
SU1_0380_0400,A36025,APSN
SU1_0390_0560,A36107,APSN
SU1_0390_0560,A36109,APSN
SU1_0410_0480,A36007,APCN
SU1_0410_0480,A36017,APCN
SU1_0660_0710,A42115,APSN
SU1_0820_0740,A36101,APSN
SU1_0820_0740,A42105,APSN
SU1_0820_0740,A42117,APSN
SU1_0840_0831,A42117,APSN
SU1_0940_0900,A42015,APSN
SU1_0940_0900,A42081,APSN
SU1_0940_0900,A42113,APSN
SU1_0940_0900,B42015,APSN
SU1_1480_1500,A42037,VRSN
SU1_1480_1500,A42079,VRSN
SU1_1480_1500,A42107,VRSN
SU1_1630_1610,A42037,VRSN
SU1_1630_1610,A42093,VRSN
SU1_1630_1610,A42097,VRSN
SU2_0020_0140,A36043,APSN
SU2_0020_0140,A36077,APSN
SU2_0030_0140,A36043,APCN
SU2_0030_0140,A36077,APSN
SU2_0040_0180,A36077,APSN
SU2_0070_0090,A36017,APSN
SU2_0070_0090,A36053,APSN
SU2_0100_0230,A36025,APSN
SU2_0100_0230,A36077,APSN
SU2_0110_0240,A36017,APSN
SU2_0110_0240,A36023,APSN
SU2_0110_0240,A36053,APSN
SU2_0120_0260,A36023,APSN
SU2_0120_0260,A36053,APSN
SU2_0120_0260,A36067,APSN
SU2_0130_0250,A36077,APSN
SU2_0150_0220,A36025,APSN
SU2_0150_0220,A36077,APSN
SU2_0150_0220,A36095,APSN
SU2_0160_0260,A36023,APSN
SU2_0160_0260,A36067,APSN
SU2_0160_0260,A36109,APSN
SU2_0210_0300,A36077,APSN
SU2_0280_0430,A36007,APCN
SU2_0280_0430,A36017,APSN
SU2_0280_0430,A36023,APCN
SU2_0290_0291,A36025,APSN
SU2_0290_0291,A36077,APCN
SU2_0291_0320,A36025,APSN
SU2_0320_0340,A36025,APSN
SU2_0360_0460,A36017,APCN
SU2_0440_0550,A36007,APCN
SU2_0440_0550,A36107,APSN
SU2_0450_0720,A36015,APSN
SU2_0450_0720,A36097,APSN
SU2_0450_0720,A36107,APSN
SU2_0450_0720,A36109,APSN
SU2_0450_0720,A42015,APSN
SU2_0470_0590,A36015,APSN
SU2_0470_0590,A36107,APSN
SU2_0470_0590,A36109,APSN
SU2_0510_0570,A36003,APSN
SU2_0510_0570,A36101,APSN
SU2_0560_0590,A36107,APSN
SU2_0570_0580,A36101,APSN
SU2_0620_0580,A36003,APSN
SU2_0620_0580,A36101,APSN
SU2_0640_0630,A36101,APSN
SU2_0670_0810,A42115,APSN
SU2_0670_0810,A42127,APSN
SU2_0680_0610,A36015,APSN
SU2_0680_0610,A36101,APSN
SU2_0680_0610,A42015,APSN
SU2_0680_0610,A42117,APSN
SU2_0700_0860,A42015,APSN
SU2_0700_0860,A42115,APSN
SU2_0740_0741,A36101,APSN
SU2_0740_0741,A42117,APSN
SU2_0741_0690,A36101,APSN
SU2_0741_0690,A42117,APSN
SU2_0760_0960,A42115,APSN
SU2_0760_0960,A42131,APSN
SU2_0780_0710,A42069,APSN
SU2_0780_0710,A42115,APSN
SU2_0800_0850,A42015,APSN
SU2_0800_0850,A42117,APSN
SU2_0830_0831,A42117,APSN
SU2_0890_0900,A42015,APSN
SU2_0890_0900,A42081,APSN
SU2_0890_0900,A42117,APSN
SU2_0890_0900,B42015,APSN
SU2_0900_0870,A42015,APSN
SU2_0920_0830,A42015,APSN
SU2_0920_0830,A42117,APSN
SU2_0990_0950,A42113,APSN
SU2_0990_0950,A42131,APSN
SU2_0990_0950,B42015,APSN
SU2_0990_0950,B42079,APSN
SU2_0990_0950,B42131,APSN
SU2_1020_0980,A42131,APSN
SU2_1020_0980,B42079,APSN
SU2_1020_0980,B42131,APSN
SU2_1200_1310,A42037,VRSN
SU2_1200_1310,A42079,VRSN
SU2_1200_1310,A42113,APSN
SU2_1200_1310,B42079,APSN
SU2_1210_1310,A42037,VRSN
SU2_1210_1310,A42079,VRSN
SU2_1210_1310,A42113,APSN
SU2_1210_1310,B42079,VRSN
SU2_1290_1500,A42079,VRSN
SU2_1550_1620,A42025,VRSN
SU2_1550_1620,A42037,VRSN
SU2_1550_1620,A42079,VRSN
SU2_1550_1620,A42107,VRSN
SU3_0010_0190,A36017,APSN
SU3_0010_0190,A36043,APSN
SU3_0010_0190,A36053,APSN
SU3_0010_0190,A36065,APSN
SU3_0010_0190,A36077,APSN
SU3_0090_0170,A36017,APSN
SU3_0090_0170,A36053,APSN
SU3_0140_0180,A36077,APSN
SU3_0170_0270,A36017,APSN
SU3_0180_0230,A36077,APSN
SU3_0190_0300,A36017,APSN
SU3_0190_0300,A36077,APSN
SU3_0240_0350,A36007,APSN
SU3_0240_0350,A36017,APSN
SU3_0240_0350,A36023,APSN
SU3_0370_0490,A36051,APSN
SU3_0370_0490,A36069,APSN
SU3_0370_0490,A36097,APSN
SU3_0370_0490,A36101,APSN
SU3_0370_0490,A36123,APSN
SU3_0490_0530,A36097,APSN
SU3_0490_0530,A36101,APSN
SU3_0590_0540,A36107,APSN
SU3_0710_0910,A42069,APSN
SU3_0710_0910,A42115,APSN
SU3_0710_0910,A42131,APSN
SU3_0770_0690,A36101,APSN
SU3_0770_0690,A42117,APSN
SU3_0790_0770,A42117,APSN
SU3_0810_0970,A42069,VRSN
SU3_0810_0970,A42115,APSN
SU3_0810_0970,A42127,APSN
SU3_0831_0790,A42015,APSN
SU3_0831_0790,A42117,APSN
SU3_0870_0730,A42015,APSN
SU3_0870_0730,A42113,APSN
SU3_0870_0730,B42015,APSN
SU3_0910_1010,A42131,APSN
SU3_0970_1120,A42069,VRSN
SU3_0970_1120,A42079,VRSN
SU3_0970_1120,A42127,APSN
SU3_1280_1590,A42037,VRSN
SU3_1280_1590,A42093,VRSN
SU3_1280_1590,A42113,APSN
SU3_1280_1590,B42081,VRSN
SU3_1310_1280,A42037,VRSN
SU3_1500_1420,A42037,VRSN
SU3_1500_1420,A42079,VRSN
SU4_0220_0250,A36025,APSN
SU4_0220_0250,A36077,APSN
SU4_0230_0220,A36077,APSN
SU4_0250_0340,A36025,APSN
SU4_0250_0340,A36077,APSN
SU4_0260_0350,A36007,APCN
SU4_0260_0350,A36023,APSN
SU4_0260_0350,A36107,APCN
SU4_0270_0430,A36017,APSN
SU4_0300_0310,A36017,APSN
SU4_0300_0310,A36077,APSN
SU4_0350_0420,A36007,APCN
SU4_0350_0420,A36017,APCN
SU4_0350_0420,A36023,APCN
SU4_0430_0420,A36007,APCN
SU4_0430_0420,A36017,APCN
SU4_0580_0630,A36101,APSN
SU4_0630_0650,A36101,APSN
SU4_0690_0650,A36101,APSN
SU5_0310_0400,A36017,APCN
SU5_0310_0400,A36025,APSN
SU5_0340_0310,A36025,APSN
SU5_0340_0310,A36077,APSN
SU5_0400_0460,A36017,APCN
SU5_0420_0500,A36007,APCN
SU5_0420_0500,A36017,APCN
SU5_0460_0480,A36007,APSN
SU5_0460_0480,A36017,APCN
SU5_0530_0610,A36015,APSN
SU5_0530_0610,A36097,APSN
SU5_0530_0610,A36101,APSN
SU5_0600_0750,A36015,APSN
SU5_0600_0750,A36107,APSN
SU5_0600_0750,A42015,APSN
SU5_0610_0600,A36015,APSN
SU5_0610_0600,A42015,APSN
SU5_0650_0530,A36101,APSN
SU6_0480_0520,A36007,APSN
SU6_0480_0520,A42115,APSN
SU6_0480_0520,A42127,APSN
SU6_0500_0550,A36007,APSN
SU6_0500_0550,A42115,APSN
SU6_0520_0500,A36007,APSN
SU7_0540_0720,A36107,APSN
SU7_0540_0720,A42015,APSN
SU7_0540_0720,A42115,APSN
SU7_0550_0540,A36007,APSN
SU7_0550_0540,A36107,APSN
SU7_0550_0540,A42015,APSN
SU7_0550_0540,A42115,APSN
SU7_0720_0750,A42015,APSN
SU7_0730_0860,A42015,APSN
SU7_0730_0860,B42015,APSN
SU7_0750_0850,A42015,APSN
SU7_0850_0730,A42015,APSN
SU7_0860_0960,A42015,APSN
SU7_0860_0960,A42115,APSN
SU7_0860_0960,A42131,APSN
SU7_0860_0960,B42015,APSN
SU7_0950_1010,A42131,APSN
SU7_0950_1010,B42131,APSN
SU7_0960_0950,A42131,APSN
SU7_0980_1120,A42069,APSN
SU7_0980_1120,A42079,APSN
SU7_0980_1120,A42131,APSN
SU7_0980_1120,B42079,APSN
SU7_1010_0980,A42131,APSN
SU7_1120_1140,A42079,VRSN
SU7_1120_1140,B42079,APSN
SU7_1140_1420,A42037,VRSN
SU7_1140_1420,A42079,VRSN
SU7_1140_1420,B42079,APSN
SU7_1420_1590,A42037,VRSN
SU7_1420_1590,A42079,VRSN
SU8_1530_1760,A42037,VRSN
SU8_1530_1760,A42093,VRSN
SU8_1530_1760,A42097,VRSN
SU8_1590_1620,A42037,VRSN
SU8_1610_1530,A42037,VRSN
SU8_1610_1530,A42093,VRSN
SU8_1610_1530,A42097,VRSN
SU8_1620_1610,A42037,VRSN
SW0_1520_1600,A42035,APSN
SW0_1520_1600,B42027,APSN
SW1_1160_1260,A42081,APSN
SW1_1170_1270,A42023,APSN
SW1_1170_1270,A42083,APSN
SW1_1170_1270,A42105,APSN
SW1_1180_1190,A42113,VRSN
SW1_1450_1510,A42037,VRSN
SW1_1450_1510,A42093,VRSN
SW1_1450_1510,A42097,VRSN
SW1_1450_1510,B42081,VRSN
SW1_1510_1680,A42037,VRSN
SW1_1510_1680,A42093,VRSN
SW1_1510_1680,A42097,VRSN
SW1_1560_1460,A42027,VRSN
SW1_1560_1460,A42119,VRSN
SW1_1560_1460,B42035,VRSN
SW1_1560_1460,B42081,VRSN
SW1_1560_1460,B42119,VRSN
SW1_1570_1640,A42027,VRSN
SW1_1570_1640,A42119,VRSN
SW1_1570_1640,B42119,VRCN
SW1_1830_1690,A42027,VRCN
SW1_1890_1830,A42027,VRCN
SW1_1910_1890,A42027,VRCN
SW2_0880_0930,A42105,APSN
SW2_1000_1110,A42081,APSN
SW2_1000_1110,A42117,APSN
SW2_1030_1060,A42113,APSN
SW2_1030_1060,B42015,APSN
SW2_1050_0930,A42105,APSN
SW2_1070_1060,A42113,APSN
SW2_1070_1060,B42131,APSN
SW2_1100_1130,A42035,APSN
SW2_1100_1130,A42105,APSN
SW2_1100_1130,A42117,APSN
SW2_1190_1410,A42037,VRSN
SW2_1190_1410,A42081,APSN
SW2_1190_1410,A42093,VRSN
SW2_1190_1410,A42113,VRSN
SW2_1190_1410,B42081,VRSN
SW2_1240_1270,A42023,APSN
SW2_1240_1270,A42047,APSN
SW2_1240_1270,A42083,APSN
SW2_1360_1430,A42023,APSN
SW2_1360_1430,A42033,APSN
SW2_1360_1430,A42047,APSN
SW2_1770_1690,A42013,VRCN
SW2_1770_1690,A42027,VRSN
SW2_1770_1690,B42027,APSN
SW2_1950_1940,A42021,APSN
SW2_1950_1940,A42033,APSN
SW2_1950_1940,A42063,APSN
SW2_1950_1940,A42065,APSN
SW2_2020_1940,A42021,APSN
SW2_2020_1940,A42033,APSN
SW3_0930_1110,A42105,APSN
SW3_0930_1110,A42117,APSN
SW3_1040_1220,A42081,APSN
SW3_1040_1220,A42113,APSN
SW3_1040_1220,A42117,APSN
SW3_1060_1260,A42081,APSN
SW3_1060_1260,A42113,APSN
SW3_1060_1260,B42015,APSN
SW3_1080_1350,A42081,APSN
SW3_1080_1350,A42117,APSN
SW3_1090_1091,A42023,APSN
SW3_1090_1091,A42105,APSN
SW3_1091_1380,A42023,APSN
SW3_1091_1380,A42035,APSN
SW3_1091_1380,A42105,APSN
SW3_1130_1390,A42023,APSN
SW3_1130_1390,A42035,APSN
SW3_1130_1390,A42105,APSN
SW3_1220_1320,A42081,APSN
SW3_1220_1320,B42081,VRSN
SW3_1250_1340,A42081,APSN
SW3_1250_1340,B42081,VRSN
SW3_1270_1370,A42023,APSN
SW3_1270_1370,A42047,APSN
SW3_1270_1370,A42105,APSN
SW3_1370_1430,A42023,APSN
SW3_1380_1490,A42023,APSN
SW3_1390_1330,A42035,APSN
SW3_1580_1440,A42027,VRSN
SW3_1580_1440,A42035,APSN
SW3_1580_1440,A42119,VRSN
SW3_1580_1440,B42035,VRSN
SW3_1580_1440,B42081,VRSN
SW3_1600_1580,A42027,VRSN
SW3_1600_1580,A42035,APSN
SW3_1600_1580,B42027,APSN
SW3_1600_1580,B42035,VRSN
SW3_1660_1580,A42027,VRSN
SW3_1660_1580,B42027,APSN
SW3_1660_1580,B42035,VRSN
SW3_1690_1660,A42027,VRSN
SW3_1750_1540,A42033,APSN
SW3_1750_1540,B42027,APSN
SW3_1800_1650,A42033,APSN
SW3_1870_1800,A42013,APSN
SW3_1870_1800,A42021,APSN
SW3_1870_1800,A42033,APSN
SW3_1920_1750,A42013,APSN
SW3_1920_1750,A42033,APSN
SW3_1920_1750,B42027,APSN
SW4_1110_1150,A42081,APSN
SW4_1110_1150,A42117,APSN
SW4_1150_1350,A42081,APSN
SW4_1150_1350,A42105,APSN
SW4_1150_1350,A42117,APSN
SW4_1260_1300,A42081,APSN
SW4_1260_1300,B42081,VRSN
SW4_1430_1490,A42023,APSN
SW4_1490_1400,A42023,APSN
SW4_1490_1400,A42033,APSN
SW4_1490_1400,A42035,APSN
SW4_1720_1650,A42033,APSN
SW4_1860_1720,A42033,APSN
SW4_1940_1860,A42033,APSN
SW5_1350_1470,A42035,APSN
SW5_1350_1470,A42081,APSN
SW5_1350_1470,B42035,VRSN
SW5_1350_1470,B42081,VRSN
SW5_1540_1400,A42023,APSN
SW5_1540_1400,A42033,APSN
SW5_1540_1400,A42035,APSN
SW5_1540_1400,A42047,APSN
SW5_1540_1400,B42027,APSN
SW5_1650_1540,A42033,APSN
SW6_1230_1440,A42035,APSN
SW6_1230_1440,A42081,APSN
SW6_1230_1440,A42105,APSN
SW6_1230_1440,B42035,VRSN
SW6_1330_1230,A42035,APSN
SW6_1400_1330,A42023,APSN
SW6_1400_1330,A42035,APSN
SW6_1440_1470,A42035,APSN
SW6_1440_1470,A42081,APSN
SW6_1440_1470,B42035,VRSN
SW7_1300_1410,B42081,VRSN
SW7_1320_1300,B42081,VRSN
SW7_1340_1320,B42081,VRSN
SW7_1410_1460,A42081,VRSN
SW7_1410_1460,A42097,VRSN
SW7_1410_1460,A42119,VRSN
SW7_1410_1460,B42035,VRSN
SW7_1410_1460,B42081,VRSN
SW7_1410_1460,B42119,VRSN
SW7_1460_1640,A42093,VRCN
SW7_1460_1640,A42097,VRCN
SW7_1460_1640,A42119,VRSN
SW7_1460_1640,B42081,VRSN
SW7_1460_1640,B42119,VRSN
SW7_1470_1340,B42035,VRSN
SW7_1470_1340,B42081,VRSN
SW7_1640_1680,A42097,VRCN
SW7_1640_1680,B42119,VRCN
SW7_1680_1760,A42097,VRSN
SW7_1680_1760,B42119,VRSN
TU0_9160_0000,A51169,PCRN
TU0_9160_0000,A51191,PCRN
TU0_9160_0000,A51520,PCRN
TU0_9300_0000,A51105,PCRN
TU1_8570_8680,A51167,PCRN
TU1_8570_8680,A51185,PCRN
TU1_9010_9290,A51167,PCRN
TU1_9010_9290,A51169,PCRN
TU1_9120_0000,A51105,PCRN
TU1_9120_0000,A51169,PCRN
TU1_9120_0000,A51195,PCRN
TU1_9120_0000,B51169,PCRN
TU1_9120_0000,B51195,PCRN
TU1_9220_9200,A47091,BR_N
TU1_9220_9200,B51191,PCRN
TU2_8790_9070,A51173,PCRN
TU2_8790_9070,A51191,PCRN
TU2_8790_9070,A51197,VRSN
TU2_8860_9000,A51195,PCRN
TU2_8860_9000,A51720,PCRN
TU2_8860_9000,B51169,PCRN
TU2_8860_9000,B51195,PCRN
TU2_8950_9040,A51173,PCRN
TU2_8950_9040,B51077,PCRN
TU2_8950_9040,B51173,PCRN
TU2_8970_9280,A51167,PCRN
TU2_8970_9280,A51169,PCRN
TU2_9070_9090,A51191,PCRN
TU2_9100_9200,A47091,BR_N
TU2_9100_9200,B51077,PCRN
TU2_9100_9200,B51173,PCRN
TU2_9100_9200,B51191,PCRN
TU2_9200_9180,A47163,BR_N
TU2_9200_9180,A51191,PCRN
TU2_9200_9180,B51191,PCRN
TU3_8480_8680,A51167,PCRN
TU3_8480_8680,A51185,PCRN
TU3_8480_8680,B51167,PCRN
TU3_8480_8680,B51185,PCRN
TU3_8650_8800,A51021,PCRN
TU3_8650_8800,A51173,PCRN
TU3_8650_8800,A51185,PCRN
TU3_8880_9230,A51105,PCRN
TU3_8880_9230,A51195,PCRN
TU3_8880_9230,A51720,PCRN
TU3_8880_9230,B51105,PCRN
TU3_8880_9230,B51195,PCRN
TU3_9040_9180,A51173,PCRN
TU3_9040_9180,A51191,PCRN
TU3_9040_9180,B51173,PCRN
TU3_9040_9180,B51191,PCRN
TU3_9060_9230,A51105,PCRN
TU3_9060_9230,B51105,PCRN
TU3_9180_9090,A47163,BR_N
TU3_9180_9090,A51191,PCRN
TU3_9180_9090,B51191,PCRN
TU3_9230_9260,A51105,PCRN
TU4_8680_8810,A51167,PCRN
TU4_8680_8810,B51167,PCRN
TU4_8800_9290,A51167,PCRN
TU4_8800_9290,A51169,PCRN
TU4_8800_9290,A51173,PCRN
TU4_8800_9290,A51185,PCRN
TU4_8800_9290,A51191,PCRN
TU4_8810_9000,A51051,PCRN
TU4_8810_9000,A51167,PCRN
TU4_8810_9000,A51195,PCRN
TU4_8810_9000,B51167,PCRN
TU4_9090_0000,A51191,PCRN
TU4_9260_0000,A51105,PCRN
TU4_9260_0000,B51105,PCRN
TU4_9290_0000,A51169,PCRN
TU5_9000_9280,A51167,PCRN
TU5_9000_9280,A51169,PCRN
TU5_9000_9280,B51169,PCRN
TU5_9000_9280,B51195,PCRN
TU5_9280_0000,A51169,PCRN
WL0_4390_0000,A24003,CPDN
WL0_4391_0000,A24003,CPDN
WL0_4392_0000,A24003,CPDN
WL0_4393_0000,A24003,CPDN
WL0_4394_0000,A24003,CPDN
WL0_4420_0000,A24003,CPUN
WL0_4421_0000,A24003,CPDT
WL0_4422_0000,A24003,CPDN
WL0_4423_0000,A24003,CPDN
WL0_4424_0000,A24003,CPDN
WL0_4425_0000,A24003,CPDN
WL0_4600_0000,A24003,CPDN
WL0_4601_0000,A24003,CPLN
WL0_4602_0000,A24003,CPDN
WL0_4603_0000,A24003,CPDN
WL0_4770_0000,A24003,CPLN
WL0_4771_0000,A24003,CPDN
WL0_4772_0000,A24003,CPLN
WL0_4772_0000,A24009,CPDN
WL0_4920_0000,A24009,CPDN
WL0_4921_0000,A24009,CPDN
WL0_4922_0000,A24009,CPDN
WL0_4923_0000,A24009,CPDN
WL0_4924_0000,A24037,CPLN
WL0_4925_0000,A24009,CPDN
WL0_5880_0000,A24037,CPLN
WL0_5881_0000,A24037,CPLN
WM0_3650_0001,A24005,PCRN
WM0_3650_0001,A24510,PCRN
WM0_3740_0001,A24005,CPDN
WM0_3740_0001,A24510,CPDN
WM0_3741_0000,A24005,CPDN
WM0_3741_0000,A24510,CPDN
WM0_3742_0000,A24003,CPLN
WM0_3742_0000,A24005,CPLN
WM0_3742_0000,A24027,CPLN
WM0_3742_0000,A24510,CPLN
WM0_3743_0000,A24005,CPLN
WM0_3744_0000,A24005,CPLT
WM0_3745_0000,A24005,CPLN
WM0_3881_3880,A24005,PCRN
WM0_3881_3880,A24013,PCRN
WM0_3960_0000,A24510,CPLT
WM0_3961_0000,A24003,CPDN
WM0_3961_0000,A24005,CPDN
WM0_3961_0000,A24027,CPDN
WM0_3961_0000,A24510,CPDN
WM0_3962_0000,A24003,CPDT
WM0_3962_0000,A24510,CPDN
WM0_3963_0000,A24003,CPDT
WM0_3964_0000,A24005,CPLT
WM0_3964_0000,A24510,CPLT
WM0_3964_0000,A24003,CPLT
WM0_3964_0000,A24027,CPLT
WM0_3965_0000,A24005,CPLT
WM0_3966_0000,A24003,CPDT
WM1_3660_3910,A24005,PCRN
WM1_3882_3880,A24013,PCRN
WM1_3882_3880,A24027,PCRN
WM1_3910_0001,A24003,PCRN
WM1_3910_0001,A24005,PCRN
WM1_3910_0001,A24510,PCRN
WM3_3880_4060,A24005,PCRN
WM3_3880_4060,A24013,PCRN
WM3_3880_4060,A24027,PCRN
WM3_4060_0001,A24003,CPDN
WM3_4060_0001,A24005,PCRN
WM3_4060_0001,A24027,CPDN
WM3_4060_0001,A24510,CPDN
WU0_3021_3020,A24005,PCRN
WU0_3021_3020,A24013,PCRN
WU0_3021_3020,A42133,PCRN
WU0_3160_0000,A24025,CPLN
WU0_3161_0000,A24025,PCRN
WU0_3162_0000,A24025,CPLT
WU0_3163_0000,A24025,CPLT
WU0_3164_0000,A24025,CPLN
WU0_3250_0001,A24025,PCRN
WU0_3251_0000,A24025,CPLN
WU0_3252_0000,A24025,CPLN
WU0_3253_0000,A24025,PCRN
WU0_3254_0000,A24025,CPLN
WU0_3255_0000,A24025,CPLN
WU0_3540_0000,A24005,CPLT
WU0_3540_0000,A24025,CPDT
WU0_3541_0000,A24005,CPLT
WU0_3542_0000,A24005,CPLT
WU0_3670_0001,A24005,CPDN
WU0_3671_0000,A24005,CPDT
WU0_3820_0000,A24005,CPLT
WU0_3821_0000,A24005,CPLT
WU1_3240_3331,A24025,PCRN
WU1_3330_0001,A24025,CPDN
WU1_3331_3330,A24025,PCRN
WU1_3350_3490,A24005,PCRN
WU1_3350_3490,A24013,PCRN
WU1_3482_0001,A24005,PCRN
WU1_3482_0001,A24025,PCRN
WU1_3490_3480,A24005,PCRN
WU2_3020_3320,A24005,PCRN
WU2_3020_3320,A24025,PCRN
WU2_3020_3320,A42133,PCRN
WU2_3320_3480,A24005,PCRN
WU3_3480_3481,A24005,PCRN
WU3_3481_0001,A24005,PCRN
XL0_4953_0000,A24037,CPDN
XL0_4954_0000,A24009,CPDT
XL0_4955_0000,A24037,CPLT
XL0_4956_0000,A24037,CPLN
XL0_5320_0001,A24009,CPUN
XL0_5340_0000,A24017,CPDN
XL0_5340_0000,A24033,CPDN
XL0_5340_0000,A24037,CPDN
XL0_5341_0000,A24009,CPLN
XL0_5342_0000,A24009,CPDN
XL0_5343_0000,A24009,CPLT
XL0_5344_0000,A24037,CPDT
XL0_5345_0000,A24009,CPDT
XL0_5346_0000,A24009,CPDT
XL0_5347_0000,A24037,CPDT
XL0_5348_0000,A24009,CPDT
XL0_5349_0000,A24037,CPLN
XL0_5350_0000,A24009,CPDN
XL1_4690_0001,A24033,CPDN
XL1_4691_0000,A24033,CPDN
XL3_4710_0000,A24003,CPDN
XL3_4710_0000,A24033,CPUN
XL3_4711_0000,A24003,CPDN
XL3_4711_0000,A24033,CPDN
XL3_4712_0000,A24003,CPDN
XL3_4712_0000,A24033,CPDN
XL3_4713_0000,A24003,CPDN
XL3_4713_0000,A24009,CPDN
XL3_4713_0000,A24033,CPDT
XL3_4950_0000,A24003,CPDN
XL3_4950_0000,A24009,CPDN
XL3_4950_0000,A24033,CPDN
XL3_4951_0000,A24009,CPDN
XL3_4951_0000,A24033,CPDN
XL3_4952_0000,A24009,CPLN
XL3_4952_0000,A24033,CPDN
XU0_4090_4270,A24027,PCRN
XU0_4091_4270,A24027,PCRN
XU0_4130_4070,A24027,PCRN
XU0_4130_4070,A24031,PCRN
XU2_4070_4330,A24027,PCRN
XU2_4070_4330,A24031,PCRN
XU2_4270_4650,A24003,CPDN
XU2_4270_4650,A24027,CPDN
XU2_4330_4480,A24027,PCRN
XU2_4330_4480,A24031,PCRN
XU2_4330_4480,A24033,PCRN
XU2_4480_4650,A24003,CPLN
XU2_4480_4650,A24027,PCRN
XU2_4480_4650,A24033,CPDN
XU3_4650_0001,A24003,CPUN
XU3_4650_0001,A24033,CPUN
YL0_6581_0000,A51073,CPUN
YL0_6581_0000,A51115,CPLN
YL0_6581_0000,A51119,CPUN
YL0_6870_0000,A51115,CPLN
YL0_6871_0000,A51115,CPLN
YL0_6872_0000,A51073,CPLN
YL0_6872_0000,A51115,CPLN
YL0_6929_0000,A51199,CPLN
YL0_6930_0000,A51073,CPLN
YL0_6930_0000,A51095,CPDN
YL0_6930_0000,A51097,CPLN
YL0_6930_0000,A51127,CPLN
YL0_6930_0000,A51199,CPDN
YL0_6930_0000,A51830,CPUN
YL0_6931_0000,A51199,CPLN
YL0_6932_0000,A51073,CPLN
YL0_7010_0000,A51073,CPUN
YL0_7230_0000,A51073,CPLN
YL0_7370_0000,A51199,CPLN
YL0_7370_0000,A51650,CPLN
YL0_7370_0000,A51700,CPLN
YL0_7370_0000,A51735,CPLN
YL0_7371_0000,A51650,CPLN
YL0_7372_0000,A51650,CPLN
YL2_6580_0001,A51057,CPUN
YL2_6580_0001,A51073,CPLN
YL2_6580_0001,A51097,CPUN
YL2_6580_0001,A51119,CPUN
YM0_6621_0000,A51097,CPLN
YM0_6621_0000,A51101,CPLN
YM0_6622_0000,A51097,CPUN
YM0_6622_0000,A51101,CPLN
YM0_6623_0000,A51097,CPLN
YM0_6623_0000,A51101,CPLN
YM1_6370_6620,A51033,CPUN
YM1_6370_6620,A51097,CPDN
YM2_6120_6430,A51033,CPUN
YM2_6120_6430,A51137,PCRN
YM2_6120_6430,A51177,PCRN
YM3_6430_6620,A51033,CPUN
YM3_6430_6620,A51101,CPLN
YM3_6430_6620,A51177,PCRN
YM4_6620_0001,A51033,CPUN
YM4_6620_0001,A51097,CPUN
YM4_6620_0001,A51101,CPUN
YP0_6781_0000,A51101,CPLN
YP0_6781_0000,A51127,CPLN
YP0_6782_0000,A51101,CPLN
YP0_6782_0000,A51127,CPLN
YP0_6783_0000,A51097,CPLN
YP0_6783_0000,A51101,CPLN
YP0_6783_0000,A51127,CPLN
YP0_6840_0001,A51085,CPLN
YP0_6860_6840,A51085,CPUN
YP1_6570_6680,A51085,PCRN
YP1_6570_6680,A51109,PCRN
YP1_6680_6670,A51085,PCRN
YP2_6390_6330,A51109,PCRN
YP2_6390_6330,A51137,PCRN
YP2_6390_6330,A51177,PCRN
YP3_6330_6700,A51033,PCRN
YP3_6330_6700,A51085,PCRN
YP3_6330_6700,A51109,PCRN
YP3_6330_6700,A51177,PCRN
YP3_6470_6690,A51003,PCRN
YP3_6470_6690,A51065,PCRN
YP3_6470_6690,A51075,PCRN
YP3_6470_6690,A51085,PCRN
YP3_6470_6690,A51109,PCRN
YP3_6470_6690,A51137,PCRN
YP3_6670_6720,A51033,CPDN
YP3_6670_6720,A51085,CPLN
YP3_6690_6720,A51085,PCRN
YP3_6690_6720,A51109,PCRN
YP3_6700_6670,A51033,CPLN
YP3_6700_6670,A51085,CPUN
YP4_6720_6750,A51033,CPLN
YP4_6720_6750,A51085,CPUN
YP4_6720_6750,A51101,CPLN
YP4_6750_0001,A51033,CPUN
YP4_6750_0001,A51085,CPLN
YP4_6750_0001,A51101,CPUN
YP5_6780_0000,A51085,CPDN
YP5_6780_0000,A51101,CPUN
YP5_6780_0000,A51127,CPDN
