TABLE->,PHOS-FLAGS,PHOS-FLAGS,PHOS-FLAGS,PHOS-FLAGS,PHOS-FLAGS,PHOS-FLAGS,PHOS-AD-FLAGS,PHOS-AD-FLAGS,PHOS-AD-FLAGS,PHOS-AD-FLAGS,PHOS-AD-FLAGS,PHOS-AD-FLAGS,PHOS-AD-FLAGS,PHOS-AD-FLAGS,PHOS-FSTGEN,PHOS-FSTGEN,PHOS-FSTGEN,PHOS-FSTGEN,PHOS-FSTGEN,PHOS-FSTPM#1,PHOS-FSTPM#1,PHOS-FSTPM#1,PHOS-FSTPM#1,PHOS-FSTPM#2,PHOS-FSTPM#2,PHOS-FSTPM#2,PHOS-FSTPM#2,PHOS-FSTPM#3,PHOS-FSTPM#3,PHOS-FSTPM#3,PHOS-FSTPM#3,PHOS-FSTPM#4,PHOS-FSTPM#4,PHOS-FSTPM#4,PHOS-FSTPM#4
VARS->,VPUT,FORP,ITMX,BMUM,CNUM,PUPT,PSF,PSC,PUF,PUC,OSF,OSC,OUF,OUC,THPLP,THKDSP,THKADP,THKIMP,THKMP,KDSP,KADP,KIMP,KMP,KDSP,KADP,KIMP,KMP,KDSP,KADP,KIMP,KMP,KDSP,KADP,KIMP,KMP
A10001,1,1,100,1,1,1,0,0,0,0,0,0,0,0,1.07,1.05,1.05,1.07,1.07,0,0,0.000100,1.000000,0,0,0.000100,0.000100,0,0,0.050000,0.010000,0,0,0.050000,0.004900
A10003,1,1,100,1,1,1,0,0,0,0,0,0,0,0,1.07,1.05,1.05,1.07,1.07,0,0,0.000100,1.000000,0,0,0.000100,0.000100,0,0,0.050000,0.010000,0,0,0.050000,0.004900
A10005,1,1,100,1,1,1,0,0,0,0,0,0,0,0,1.07,1.05,1.05,1.07,1.07,0,0,0.000100,1.000000,0,0,0.000100,0.000100,0,0,0.050000,0.010000,0,0,0.050000,0.005000
A11001,1,1,100,1,1,1,0,0,0,0,0,0,0,0,1.07,1.05,1.05,1.07,1.07,0,0,0.000100,1.000000,0,0,0.000100,0.000100,0,0,0.050000,0.010000,0,0,0.050000,0.005000
A24001,1,1,100,1,1,1,0,0,0,0,0,0,0,0,1.07,1.05,1.05,1.07,1.07,0,0,0.000299,1.000000,0,0,0.000299,0.000100,0,0,0.050000,0.010000,0,0,0.050000,0.004020
A24003,1,1,100,1,1,1,0,0,0,0,0,0,0,0,1.07,1.05,1.05,1.07,1.07,0,0,0.000134,1.000000,0,0,0.000134,0.000100,0,0,0.050000,0.010000,0,0,0.050000,0.005000
A24005,1,1,100,1,1,1,0,0,0,0,0,0,0,0,1.07,1.05,1.05,1.07,1.07,0,0,0.000332,1.000000,0,0,0.000332,0.000100,0,0,0.050000,0.010000,0,0,0.050000,0.005000
A24009,1,1,100,1,1,1,0,0,0,0,0,0,0,0,1.07,1.05,1.05,1.07,1.07,0,0,0.000480,1.000000,0,0,0.000480,0.000100,0,0,0.050000,0.010000,0,0,0.050000,0.004284
A24011,1,1,100,1,1,1,0,0,0,0,0,0,0,0,1.07,1.05,1.05,1.07,1.07,0,0,0.000123,1.000000,0,0,0.000123,0.000100,0,0,0.050000,0.010000,0,0,0.050000,0.005000
A24013,1,1,100,1,1,1,0,0,0,0,0,0,0,0,1.07,1.05,1.05,1.07,1.07,0,0,0.000227,1.000000,0,0,0.000227,0.000100,0,0,0.050000,0.010000,0,0,0.050000,0.005000
A24015,1,1,100,1,1,1,0,0,0,0,0,0,0,0,1.07,1.05,1.05,1.07,1.07,0,0,0.000122,1.000000,0,0,0.000122,0.000100,0,0,0.050000,0.010000,0,0,0.050000,0.005000
A24017,1,1,100,1,1,1,0,0,0,0,0,0,0,0,1.07,1.05,1.05,1.07,1.07,0,0,0.001127,0.443721,0,0,0.001127,0.000225,0,0,0.050000,0.010000,0,0,0.050000,0.003922
A24019,1,1,100,1,1,1,0,0,0,0,0,0,0,0,1.07,1.05,1.05,1.07,1.07,0,0,0.000197,1.000000,0,0,0.000197,0.000100,0,0,0.050000,0.010000,0,0,0.050000,0.005000
A24021,1,1,100,1,1,1,0,0,0,0,0,0,0,0,1.07,1.05,1.05,1.07,1.07,0,0,0.000294,1.000000,0,0,0.000294,0.000100,0,0,0.050000,0.010000,0,0,0.050000,0.005000
A24023,1,1,100,1,1,1,0,0,0,0,0,0,0,0,1.07,1.05,1.05,1.07,1.07,0,0,0.000100,1.000000,0,0,0.000100,0.000100,0,0,0.050000,0.010000,0,0,0.050000,0.005000
A24025,1,1,100,1,1,1,0,0,0,0,0,0,0,0,1.07,1.05,1.05,1.07,1.07,0,0,0.000111,1.000000,0,0,0.000111,0.000100,0,0,0.050000,0.010000,0,0,0.050000,0.005000
A24027,1,1,100,1,1,1,0,0,0,0,0,0,0,0,1.07,1.05,1.05,1.07,1.07,0,0,0.000183,1.000000,0,0,0.000183,0.000100,0,0,0.050000,0.010000,0,0,0.050000,0.005000
A24029,1,1,100,1,1,1,0,0,0,0,0,0,0,0,1.07,1.05,1.05,1.07,1.07,0,0,0.000100,1.000000,0,0,0.000100,0.000100,0,0,0.050000,0.010000,0,0,0.050000,0.004936
A24031,1,1,100,1,1,1,0,0,0,0,0,0,0,0,1.07,1.05,1.05,1.07,1.07,0,0,0.000519,0.963301,0,0,0.000519,0.000104,0,0,0.050000,0.010000,0,0,0.050000,0.005000
A24033,1,1,100,1,1,1,0,0,0,0,0,0,0,0,1.07,1.05,1.05,1.07,1.07,0,0,0.000356,1.000000,0,0,0.000356,0.000100,0,0,0.050000,0.010000,0,0,0.050000,0.004918
A24035,1,1,100,1,1,1,0,0,0,0,0,0,0,0,1.07,1.05,1.05,1.07,1.07,0,0,0.000100,1.000000,0,0,0.000100,0.000100,0,0,0.050000,0.010000,0,0,0.050000,0.004961
A24037,1,1,100,1,1,1,0,0,0,0,0,0,0,0,1.07,1.05,1.05,1.07,1.07,0,0,0.000223,1.000000,0,0,0.000223,0.000100,0,0,0.050000,0.010000,0,0,0.050000,0.004286
A24039,1,1,100,1,1,1,0,0,0,0,0,0,0,0,1.07,1.05,1.05,1.07,1.07,0,0,0.000730,0.684524,0,0,0.000730,0.000146,0,0,0.050000,0.010000,0,0,0.050000,0.005000
A24041,1,1,100,1,1,1,0,0,0,0,0,0,0,0,1.07,1.05,1.05,1.07,1.07,0,0,0.000100,1.000000,0,0,0.000100,0.000100,0,0,0.050000,0.010000,0,0,0.050000,0.005000
A24043,1,1,100,1,1,1,0,0,0,0,0,0,0,0,1.07,1.05,1.05,1.07,1.07,0,0,0.000198,1.000000,0,0,0.000198,0.000100,0,0,0.050000,0.010000,0,0,0.050000,0.005000
A24045,1,1,100,1,1,1,0,0,0,0,0,0,0,0,1.07,1.05,1.05,1.07,1.07,0,0,0.000138,1.000000,0,0,0.000138,0.000100,0,0,0.050000,0.010000,0,0,0.050000,0.005000
A24047,1,1,100,1,1,1,0,0,0,0,0,0,0,0,1.07,1.05,1.05,1.07,1.07,0,0,0.000189,1.000000,0,0,0.000189,0.000100,0,0,0.050000,0.010000,0,0,0.050000,0.005000
A24510,1,1,100,1,1,1,0,0,0,0,0,0,0,0,1.07,1.05,1.05,1.07,1.07,0,0,0.000100,1.000000,0,0,0.000100,0.000100,0,0,0.050000,0.010000,0,0,0.050000,0.005000
A36003,1,1,100,1,1,1,0,0,0,0,0,0,0,0,1.07,1.05,1.05,1.07,1.07,0,0,0.000127,1.000000,0,0,0.000127,0.000100,0,0,0.050000,0.010000,0,0,0.050000,0.004440
A36007,1,1,100,1,1,1,0,0,0,0,0,0,0,0,1.07,1.05,1.05,1.07,1.07,0,0,0.000169,1.000000,0,0,0.000169,0.000100,0,0,0.050000,0.010000,0,0,0.050000,0.005000
A36015,1,1,100,1,1,1,0,0,0,0,0,0,0,0,1.07,1.05,1.05,1.07,1.07,0,0,0.000224,1.000000,0,0,0.000224,0.000100,0,0,0.050000,0.010000,0,0,0.050000,0.005000
A36017,1,1,100,1,1,1,0,0,0,0,0,0,0,0,1.07,1.05,1.05,1.07,1.07,0,0,0.000127,1.000000,0,0,0.000127,0.000100,0,0,0.050000,0.010000,0,0,0.050000,0.005000
A36023,1,1,100,1,1,1,0,0,0,0,0,0,0,0,1.07,1.05,1.05,1.07,1.07,0,0,0.000100,1.000000,0,0,0.000100,0.000100,0,0,0.050000,0.010000,0,0,0.050000,0.005000
A36025,1,1,100,1,1,1,0,0,0,0,0,0,0,0,1.07,1.05,1.05,1.07,1.07,0,0,0.000151,1.000000,0,0,0.000151,0.000100,0,0,0.050000,0.010000,0,0,0.050000,0.005000
A36043,1,1,100,1,1,1,0,0,0,0,0,0,0,0,1.07,1.05,1.05,1.07,1.07,0,0,0.000100,1.000000,0,0,0.000100,0.000100,0,0,0.050000,0.010000,0,0,0.050000,0.005000
A36051,1,1,100,1,1,1,0,0,0,0,0,0,0,0,1.07,1.05,1.05,1.07,1.07,0,0,0.000140,1.000000,0,0,0.000140,0.000100,0,0,0.050000,0.010000,0,0,0.050000,0.005000
A36053,1,1,100,1,1,1,0,0,0,0,0,0,0,0,1.07,1.05,1.05,1.07,1.07,0,0,0.000100,1.000000,0,0,0.000100,0.000100,0,0,0.050000,0.010000,0,0,0.050000,0.005000
A36065,1,1,100,1,1,1,0,0,0,0,0,0,0,0,1.07,1.05,1.05,1.07,1.07,0,0,0.000100,1.000000,0,0,0.000100,0.000100,0,0,0.050000,0.010000,0,0,0.050000,0.005000
A36067,1,1,100,1,1,1,0,0,0,0,0,0,0,0,1.07,1.05,1.05,1.07,1.07,0,0,0.000100,1.000000,0,0,0.000100,0.000100,0,0,0.050000,0.010000,0,0,0.050000,0.005000
A36069,1,1,100,1,1,1,0,0,0,0,0,0,0,0,1.07,1.05,1.05,1.07,1.07,0,0,0.000141,1.000000,0,0,0.000141,0.000100,0,0,0.050000,0.010000,0,0,0.050000,0.005000
A36077,1,1,100,1,1,1,0,0,0,0,0,0,0,0,1.07,1.05,1.05,1.07,1.07,0,0,0.000105,1.000000,0,0,0.000105,0.000100,0,0,0.050000,0.010000,0,0,0.050000,0.005000
A36095,1,1,100,1,1,1,0,0,0,0,0,0,0,0,1.07,1.05,1.05,1.07,1.07,0,0,0.000147,1.000000,0,0,0.000147,0.000100,0,0,0.050000,0.010000,0,0,0.050000,0.005000
A36097,1,1,100,1,1,1,0,0,0,0,0,0,0,0,1.07,1.05,1.05,1.07,1.07,0,0,0.000100,1.000000,0,0,0.000100,0.000100,0,0,0.050000,0.010000,0,0,0.050000,0.005000
A36101,1,1,100,1,1,1,0,0,0,0,0,0,0,0,1.07,1.05,1.05,1.07,1.07,0,0,0.000100,1.000000,0,0,0.000100,0.000100,0,0,0.050000,0.010000,0,0,0.050000,0.005000
A36107,1,1,100,1,1,1,0,0,0,0,0,0,0,0,1.07,1.05,1.05,1.07,1.07,0,0,0.000114,1.000000,0,0,0.000114,0.000100,0,0,0.050000,0.010000,0,0,0.050000,0.005000
A36109,1,1,100,1,1,1,0,0,0,0,0,0,0,0,1.07,1.05,1.05,1.07,1.07,0,0,0.000357,1.000000,0,0,0.000357,0.000100,0,0,0.050000,0.010000,0,0,0.050000,0.005000
A36123,1,1,100,1,1,1,0,0,0,0,0,0,0,0,1.07,1.05,1.05,1.07,1.07,0,0,0.000167,1.000000,0,0,0.000167,0.000100,0,0,0.050000,0.010000,0,0,0.050000,0.005000
A37001,1,1,100,1,1,1,0,0,0,0,0,0,0,0,1.07,1.05,1.05,1.07,1.07,0,0,0.05,0.01,0,0,0.05,0.01,0,0,0.05,0.01,0,0,0.05,0.01
A37005,1,1,100,1,1,1,0,0,0,0,0,0,0,0,1.07,1.05,1.05,1.07,1.07,0,0,0.05,0.01,0,0,0.05,0.01,0,0,0.05,0.01,0,0,0.05,0.01
A37009,1,1,100,1,1,1,0,0,0,0,0,0,0,0,1.07,1.05,1.05,1.07,1.07,0,0,0.05,0.01,0,0,0.05,0.01,0,0,0.05,0.01,0,0,0.05,0.01
A37033,1,1,100,1,1,1,0,0,0,0,0,0,0,0,1.07,1.05,1.05,1.07,1.07,0,0,0.05,0.01,0,0,0.05,0.01,0,0,0.05,0.01,0,0,0.05,0.01
A37067,1,1,100,1,1,1,0,0,0,0,0,0,0,0,1.07,1.05,1.05,1.07,1.07,0,0,0.05,0.01,0,0,0.05,0.01,0,0,0.05,0.01,0,0,0.05,0.01
A37077,1,1,100,1,1,1,0,0,0,0,0,0,0,0,1.07,1.05,1.05,1.07,1.07,0,0,0.05,0.01,0,0,0.05,0.01,0,0,0.05,0.01,0,0,0.05,0.01
A37081,1,1,100,1,1,1,0,0,0,0,0,0,0,0,1.07,1.05,1.05,1.07,1.07,0,0,0.05,0.01,0,0,0.05,0.01,0,0,0.05,0.01,0,0,0.05,0.01
A37131,1,1,100,1,1,1,0,0,0,0,0,0,0,0,1.07,1.05,1.05,1.07,1.07,0,0,0.05,0.01,0,0,0.05,0.01,0,0,0.05,0.01,0,0,0.05,0.01
A37135,1,1,100,1,1,1,0,0,0,0,0,0,0,0,1.07,1.05,1.05,1.07,1.07,0,0,0.05,0.01,0,0,0.05,0.01,0,0,0.05,0.01,0,0,0.05,0.01
A37145,1,1,100,1,1,1,0,0,0,0,0,0,0,0,1.07,1.05,1.05,1.07,1.07,0,0,0.05,0.01,0,0,0.05,0.01,0,0,0.05,0.01,0,0,0.05,0.01
A37157,1,1,100,1,1,1,0,0,0,0,0,0,0,0,1.07,1.05,1.05,1.07,1.07,0,0,0.05,0.01,0,0,0.05,0.01,0,0,0.05,0.01,0,0,0.05,0.01
A37169,1,1,100,1,1,1,0,0,0,0,0,0,0,0,1.07,1.05,1.05,1.07,1.07,0,0,0.05,0.01,0,0,0.05,0.01,0,0,0.05,0.01,0,0,0.05,0.01
A37171,1,1,100,1,1,1,0,0,0,0,0,0,0,0,1.07,1.05,1.05,1.07,1.07,0,0,0.05,0.01,0,0,0.05,0.01,0,0,0.05,0.01,0,0,0.05,0.01
A37181,1,1,100,1,1,1,0,0,0,0,0,0,0,0,1.07,1.05,1.05,1.07,1.07,0,0,0.05,0.01,0,0,0.05,0.01,0,0,0.05,0.01,0,0,0.05,0.01
A37185,1,1,100,1,1,1,0,0,0,0,0,0,0,0,1.07,1.05,1.05,1.07,1.07,0,0,0.05,0.01,0,0,0.05,0.01,0,0,0.05,0.01,0,0,0.05,0.01
A37189,1,1,100,1,1,1,0,0,0,0,0,0,0,0,1.07,1.05,1.05,1.07,1.07,0,0,0.05,0.01,0,0,0.05,0.01,0,0,0.05,0.01,0,0,0.05,0.01
A42001,1,1,100,1,1,1,0,0,0,0,0,0,0,0,1.07,1.05,1.05,1.07,1.07,0,0,0.000370,1.000000,0,0,0.000370,0.000100,0,0,0.050000,0.010000,0,0,0.050000,0.004284
A42009,1,1,100,1,1,1,0,0,0,0,0,0,0,0,1.07,1.05,1.05,1.07,1.07,0,0,0.001064,0.469777,0,0,0.001064,0.000213,0,0,0.050000,0.010000,0,0,0.050000,0.005000
A42011,1,1,100,1,1,1,0,0,0,0,0,0,0,0,1.07,1.05,1.05,1.07,1.07,0,0,0.000247,1.000000,0,0,0.000247,0.000100,0,0,0.050000,0.010000,0,0,0.050000,0.005000
A42013,1,1,100,1,1,1,0,0,0,0,0,0,0,0,1.07,1.05,1.05,1.07,1.07,0,0,0.000118,1.000000,0,0,0.000118,0.000100,0,0,0.050000,0.010000,0,0,0.050000,0.005000
A42015,1,1,100,1,1,1,0,0,0,0,0,0,0,0,1.07,1.05,1.05,1.07,1.07,0,0,0.000167,1.000000,0,0,0.000167,0.000100,0,0,0.050000,0.010000,0,0,0.050000,0.005000
A42021,1,1,100,1,1,1,0,0,0,0,0,0,0,0,1.07,1.05,1.05,1.07,1.07,0,0,0.000104,1.000000,0,0,0.000104,0.000100,0,0,0.050000,0.010000,0,0,0.050000,0.004943
A42023,1,1,100,1,1,1,0,0,0,0,0,0,0,0,1.07,1.05,1.05,1.07,1.07,0,0,0.000100,1.000000,0,0,0.000100,0.000100,0,0,0.050000,0.010000,0,0,0.050000,0.004284
A42025,1,1,100,1,1,1,0,0,0,0,0,0,0,0,1.07,1.05,1.05,1.07,1.07,0,0,0.000169,1.000000,0,0,0.000169,0.000100,0,0,0.050000,0.010000,0,0,0.050000,0.005000
A42027,1,1,100,1,1,1,0,0,0,0,0,0,0,0,1.07,1.05,1.05,1.07,1.07,0,0,0.000100,1.000000,0,0,0.000100,0.000100,0,0,0.050000,0.010000,0,0,0.050000,0.005000
A42029,1,1,100,1,1,1,0,0,0,0,0,0,0,0,1.07,1.05,1.05,1.07,1.07,0,0,0.000139,1.000000,0,0,0.000139,0.000100,0,0,0.050000,0.010000,0,0,0.050000,0.005000
A42033,1,1,100,1,1,1,0,0,0,0,0,0,0,0,1.07,1.05,1.05,1.07,1.07,0,0,0.000100,1.000000,0,0,0.000100,0.000100,0,0,0.050000,0.010000,0,0,0.050000,0.005000
A42035,1,1,100,1,1,1,0,0,0,0,0,0,0,0,1.07,1.05,1.05,1.07,1.07,0,0,0.000100,1.000000,0,0,0.000100,0.000100,0,0,0.050000,0.010000,0,0,0.050000,0.004602
A42037,1,1,100,1,1,1,0,0,0,0,0,0,0,0,1.07,1.05,1.05,1.07,1.07,0,0,0.000100,1.000000,0,0,0.000100,0.000100,0,0,0.050000,0.010000,0,0,0.050000,0.005000
A42041,1,1,100,1,1,1,0,0,0,0,0,0,0,0,1.07,1.05,1.05,1.07,1.07,0,0,0.000155,1.000000,0,0,0.000155,0.000100,0,0,0.050000,0.010000,0,0,0.050000,0.005000
A42043,1,1,100,1,1,1,0,0,0,0,0,0,0,0,1.07,1.05,1.05,1.07,1.07,0,0,0.000196,1.000000,0,0,0.000196,0.000100,0,0,0.050000,0.010000,0,0,0.050000,0.003934
A42047,1,1,100,1,1,1,0,0,0,0,0,0,0,0,1.07,1.05,1.05,1.07,1.07,0,0,0.000100,1.000000,0,0,0.000100,0.000100,0,0,0.050000,0.010000,0,0,0.050000,0.004284
A42055,1,1,100,1,1,1,0,0,0,0,0,0,0,0,1.07,1.05,1.05,1.07,1.07,0,0,0.000292,1.000000,0,0,0.000292,0.000100,0,0,0.050000,0.010000,0,0,0.050000,0.005000
A42057,1,1,100,1,1,1,0,0,0,0,0,0,0,0,1.07,1.05,1.05,1.07,1.07,0,0,0.000181,1.000000,0,0,0.000181,0.000100,0,0,0.050000,0.010000,0,0,0.050000,0.004284
A42061,1,1,100,1,1,1,0,0,0,0,0,0,0,0,1.07,1.05,1.05,1.07,1.07,0,0,0.000157,1.000000,0,0,0.000157,0.000100,0,0,0.050000,0.010000,0,0,0.050000,0.004288
A42063,1,1,100,1,1,1,0,0,0,0,0,0,0,0,1.07,1.05,1.05,1.07,1.07,0,0,0.000100,1.000000,0,0,0.000100,0.000100,0,0,0.050000,0.010000,0,0,0.050000,0.004846
A42065,1,1,100,1,1,1,0,0,0,0,0,0,0,0,1.07,1.05,1.05,1.07,1.07,0,0,0.000149,1.000000,0,0,0.000149,0.000100,0,0,0.050000,0.010000,0,0,0.050000,0.004846
A42067,1,1,100,1,1,1,0,0,0,0,0,0,0,0,1.07,1.05,1.05,1.07,1.07,0,0,0.000241,1.000000,0,0,0.000241,0.000100,0,0,0.050000,0.010000,0,0,0.050000,0.005000
A42069,1,1,100,1,1,1,0,0,0,0,0,0,0,0,1.07,1.05,1.05,1.07,1.07,0,0,0.000100,1.000000,0,0,0.000100,0.000100,0,0,0.050000,0.010000,0,0,0.050000,0.005000
A42071,1,1,100,1,1,1,0,0,0,0,0,0,0,0,1.07,1.05,1.05,1.07,1.07,0,0,0.000100,1.000000,0,0,0.000100,0.000100,0,0,0.050000,0.010000,0,0,0.050000,0.005000
A42075,1,1,100,1,1,1,0,0,0,0,0,0,0,0,1.07,1.05,1.05,1.07,1.07,0,0,0.000100,1.000000,0,0,0.000100,0.000100,0,0,0.050000,0.010000,0,0,0.050000,0.005000
A42079,1,1,100,1,1,1,0,0,0,0,0,0,0,0,1.07,1.05,1.05,1.07,1.07,0,0,0.000100,1.000000,0,0,0.000100,0.000100,0,0,0.050000,0.010000,0,0,0.050000,0.005000
A42081,1,1,100,1,1,1,0,0,0,0,0,0,0,0,1.07,1.05,1.05,1.07,1.07,0,0,0.000116,1.000000,0,0,0.000116,0.000100,0,0,0.050000,0.010000,0,0,0.050000,0.005000
A42083,1,1,100,1,1,1,0,0,0,0,0,0,0,0,1.07,1.05,1.05,1.07,1.07,0,0,0.000100,1.000000,0,0,0.000100,0.000100,0,0,0.050000,0.010000,0,0,0.050000,0.004284
A42087,1,1,100,1,1,1,0,0,0,0,0,0,0,0,1.07,1.05,1.05,1.07,1.07,0,0,0.000152,1.000000,0,0,0.000152,0.000100,0,0,0.050000,0.010000,0,0,0.050000,0.005000
A42093,1,1,100,1,1,1,0,0,0,0,0,0,0,0,1.07,1.05,1.05,1.07,1.07,0,0,0.000315,1.000000,0,0,0.000315,0.000100,0,0,0.050000,0.010000,0,0,0.050000,0.004928
A42097,1,1,100,1,1,1,0,0,0,0,0,0,0,0,1.07,1.05,1.05,1.07,1.07,0,0,0.000100,1.000000,0,0,0.000100,0.000100,0,0,0.050000,0.010000,0,0,0.050000,0.005000
A42099,1,1,100,1,1,1,0,0,0,0,0,0,0,0,1.07,1.05,1.05,1.07,1.07,0,0,0.000130,1.000000,0,0,0.000130,0.000100,0,0,0.050000,0.010000,0,0,0.050000,0.005000
A42105,1,1,100,1,1,1,0,0,0,0,0,0,0,0,1.07,1.05,1.05,1.07,1.07,0,0,0.000106,1.000000,0,0,0.000106,0.000100,0,0,0.050000,0.010000,0,0,0.050000,0.004453
A42107,1,1,100,1,1,1,0,0,0,0,0,0,0,0,1.07,1.05,1.05,1.07,1.07,0,0,0.000100,1.000000,0,0,0.000100,0.000100,0,0,0.050000,0.010000,0,0,0.050000,0.004318
A42109,1,1,100,1,1,1,0,0,0,0,0,0,0,0,1.07,1.05,1.05,1.07,1.07,0,0,0.000148,1.000000,0,0,0.000148,0.000100,0,0,0.050000,0.010000,0,0,0.050000,0.005000
A42111,1,1,100,1,1,1,0,0,0,0,0,0,0,0,1.07,1.05,1.05,1.07,1.07,0,0,0.000178,1.000000,0,0,0.000178,0.000100,0,0,0.050000,0.010000,0,0,0.050000,0.005000
A42113,1,1,100,1,1,1,0,0,0,0,0,0,0,0,1.07,1.05,1.05,1.07,1.07,0,0,0.000100,1.000000,0,0,0.000100,0.000100,0,0,0.050000,0.010000,0,0,0.050000,0.004284
A42115,1,1,100,1,1,1,0,0,0,0,0,0,0,0,1.07,1.05,1.05,1.07,1.07,0,0,0.000100,1.000000,0,0,0.000100,0.000100,0,0,0.050000,0.010000,0,0,0.050000,0.005000
A42117,1,1,100,1,1,1,0,0,0,0,0,0,0,0,1.07,1.05,1.05,1.07,1.07,0,0,0.000107,1.000000,0,0,0.000107,0.000100,0,0,0.050000,0.010000,0,0,0.050000,0.005000
A42119,1,1,100,1,1,1,0,0,0,0,0,0,0,0,1.07,1.05,1.05,1.07,1.07,0,0,0.000106,1.000000,0,0,0.000106,0.000100,0,0,0.050000,0.010000,0,0,0.050000,0.005000
A42127,1,1,100,1,1,1,0,0,0,0,0,0,0,0,1.07,1.05,1.05,1.07,1.07,0,0,0.000100,1.000000,0,0,0.000100,0.000100,0,0,0.050000,0.010000,0,0,0.050000,0.004961
A42131,1,1,100,1,1,1,0,0,0,0,0,0,0,0,1.07,1.05,1.05,1.07,1.07,0,0,0.000131,1.000000,0,0,0.000131,0.000100,0,0,0.050000,0.010000,0,0,0.050000,0.005000
A42133,1,1,100,1,1,1,0,0,0,0,0,0,0,0,1.07,1.05,1.05,1.07,1.07,0,0,0.000119,1.000000,0,0,0.000119,0.000100,0,0,0.050000,0.010000,0,0,0.050000,0.004824
A47091,1,1,100,1,1,1,0,0,0,0,0,0,0,0,1.07,1.05,1.05,1.07,1.07,0,0,0.05,0.01,0,0,0.05,0.01,0,0,0.05,0.01,0,0,0.05,0.01
A47163,1,1,100,1,1,1,0,0,0,0,0,0,0,0,1.07,1.05,1.05,1.07,1.07,0,0,0.05,0.01,0,0,0.05,0.01,0,0,0.05,0.01,0,0,0.05,0.01
A51001,1,1,100,1,1,1,0,0,0,0,0,0,0,0,1.07,1.05,1.05,1.07,1.07,0,0,0.000365,1.000000,0,0,0.000365,0.000100,0,0,0.050000,0.010000,0,0,0.050000,0.005000
A51003,1,1,100,1,1,1,0,0,0,0,0,0,0,0,1.07,1.05,1.05,1.07,1.07,0,0,0.000100,1.000000,0,0,0.000100,0.000100,0,0,0.050000,0.010000,0,0,0.050000,0.005000
A51005,1,1,100,1,1,1,0,0,0,0,0,0,0,0,1.07,1.05,1.05,1.07,1.07,0,0,0.000100,1.000000,0,0,0.000100,0.000100,0,0,0.050000,0.010000,0,0,0.050000,0.005000
A51007,1,1,100,1,1,1,0,0,0,0,0,0,0,0,1.07,1.05,1.05,1.07,1.07,0,0,0.002353,0.212499,0,0,0.002353,0.000471,0,0,0.050000,0.010000,0,0,0.050000,0.004284
A51009,1,1,100,1,1,1,0,0,0,0,0,0,0,0,1.07,1.05,1.05,1.07,1.07,0,0,0.001362,0.367205,0,0,0.001362,0.000272,0,0,0.050000,0.010000,0,0,0.050000,0.005000
A51011,1,1,100,1,1,1,0,0,0,0,0,0,0,0,1.07,1.05,1.05,1.07,1.07,0,0,0.002482,0.201464,0,0,0.002482,0.000496,0,0,0.050000,0.010000,0,0,0.050000,0.005000
A51013,1,1,100,1,1,1,0,0,0,0,0,0,0,0,1.07,1.05,1.05,1.07,1.07,0,0,0.000198,1.000000,0,0,0.000198,0.000100,0,0,0.050000,0.010000,0,0,0.050000,0.004305
A51015,1,1,100,1,1,1,0,0,0,0,0,0,0,0,1.07,1.05,1.05,1.07,1.07,0,0,0.001413,0.353884,0,0,0.001413,0.000283,0,0,0.050000,0.010000,0,0,0.050000,0.005000
A51017,1,1,100,1,1,1,0,0,0,0,0,0,0,0,1.07,1.05,1.05,1.07,1.07,0,0,0.000100,1.000000,0,0,0.000100,0.000100,0,0,0.050000,0.010000,0,0,0.050000,0.005000
A51019,1,1,100,1,1,1,0,0,0,0,0,0,0,0,1.07,1.05,1.05,1.07,1.07,0,0,0.000494,1.000000,0,0,0.000494,0.000100,0,0,0.050000,0.010000,0,0,0.050000,0.005000
A51021,1,1,100,1,1,1,0,0,0,0,0,0,0,0,1.07,1.05,1.05,1.07,1.07,0,0,0.05,0.01,0,0,0.05,0.01,0,0,0.05,0.01,0,0,0.05,0.01
A51023,1,1,100,1,1,1,0,0,0,0,0,0,0,0,1.07,1.05,1.05,1.07,1.07,0,0,0.000234,1.000000,0,0,0.000234,0.000100,0,0,0.050000,0.010000,0,0,0.050000,0.005000
A51025,1,1,100,1,1,1,0,0,0,0,0,0,0,0,1.07,1.05,1.05,1.07,1.07,0,0,0.05,0.01,0,0,0.05,0.01,0,0,0.05,0.01,0,0,0.05,0.01
A51027,1,1,100,1,1,1,0,0,0,0,0,0,0,0,1.07,1.05,1.05,1.07,1.07,0,0,0.05,0.01,0,0,0.05,0.01,0,0,0.05,0.01,0,0,0.05,0.01
A51029,1,1,100,1,1,1,0,0,0,0,0,0,0,0,1.07,1.05,1.05,1.07,1.07,0,0,0.001842,0.271401,0,0,0.001842,0.000368,0,0,0.050000,0.010000,0,0,0.050000,0.005000
A51031,1,1,100,1,1,1,0,0,0,0,0,0,0,0,1.07,1.05,1.05,1.07,1.07,0,0,0.000769,0.650128,0,0,0.000769,0.000154,0,0,0.050000,0.010000,0,0,0.050000,0.005000
A51033,1,1,100,1,1,1,0,0,0,0,0,0,0,0,1.07,1.05,1.05,1.07,1.07,0,0,0.000100,1.000000,0,0,0.000100,0.000100,0,0,0.050000,0.010000,0,0,0.050000,0.005000
A51035,1,1,100,1,1,1,0,0,0,0,0,0,0,0,1.07,1.05,1.05,1.07,1.07,0,0,0.05,0.01,0,0,0.05,0.01,0,0,0.05,0.01,0,0,0.05,0.01
A51036,1,1,100,1,1,1,0,0,0,0,0,0,0,0,1.07,1.05,1.05,1.07,1.07,0,0,0.000163,1.000000,0,0,0.000163,0.000100,0,0,0.050000,0.010000,0,0,0.050000,0.004358
A51037,1,1,100,1,1,1,0,0,0,0,0,0,0,0,1.07,1.05,1.05,1.07,1.07,0,0,0.05,0.01,0,0,0.05,0.01,0,0,0.05,0.01,0,0,0.05,0.01
A51041,1,1,100,1,1,1,0,0,0,0,0,0,0,0,1.07,1.05,1.05,1.07,1.07,0,0,0.000621,0.805637,0,0,0.000621,0.000124,0,0,0.050000,0.010000,0,0,0.050000,0.005000
A51043,1,1,100,1,1,1,0,0,0,0,0,0,0,0,1.07,1.05,1.05,1.07,1.07,0,0,0.001443,0.346492,0,0,0.001443,0.000289,0,0,0.050000,0.010000,0,0,0.050000,0.005000
A51045,1,1,100,1,1,1,0,0,0,0,0,0,0,0,1.07,1.05,1.05,1.07,1.07,0,0,0.000100,1.000000,0,0,0.000100,0.000100,0,0,0.050000,0.010000,0,0,0.050000,0.005000
A51047,1,1,100,1,1,1,0,0,0,0,0,0,0,0,1.07,1.05,1.05,1.07,1.07,0,0,0.000124,1.000000,0,0,0.000124,0.000100,0,0,0.050000,0.010000,0,0,0.050000,0.005000
A51049,1,1,100,1,1,1,0,0,0,0,0,0,0,0,1.07,1.05,1.05,1.07,1.07,0,0,0.000409,1.000000,0,0,0.000409,0.000100,0,0,0.050000,0.010000,0,0,0.050000,0.005000
A51051,1,1,100,1,1,1,0,0,0,0,0,0,0,0,1.07,1.05,1.05,1.07,1.07,0,0,0.05,0.01,0,0,0.05,0.01,0,0,0.05,0.01,0,0,0.05,0.01
A51053,1,1,100,1,1,1,0,0,0,0,0,0,0,0,1.07,1.05,1.05,1.07,1.07,0,0,0.001153,0.433658,0,0,0.001153,0.000231,0,0,0.050000,0.010000,0,0,0.050000,0.004476
A51057,1,1,100,1,1,1,0,0,0,0,0,0,0,0,1.07,1.05,1.05,1.07,1.07,0,0,0.000100,1.000000,0,0,0.000100,0.000100,0,0,0.050000,0.010000,0,0,0.050000,0.004372
A51059,1,1,100,1,1,1,0,0,0,0,0,0,0,0,1.07,1.05,1.05,1.07,1.07,0,0,0.000115,1.000000,0,0,0.000115,0.000100,0,0,0.050000,0.010000,0,0,0.050000,0.004307
A51061,1,1,100,1,1,1,0,0,0,0,0,0,0,0,1.07,1.05,1.05,1.07,1.07,0,0,0.000814,0.614039,0,0,0.000814,0.000163,0,0,0.050000,0.010000,0,0,0.050000,0.004653
A51063,1,1,100,1,1,1,0,0,0,0,0,0,0,0,1.07,1.05,1.05,1.07,1.07,0,0,0.05,0.01,0,0,0.05,0.01,0,0,0.05,0.01,0,0,0.05,0.01
A51065,1,1,100,1,1,1,0,0,0,0,0,0,0,0,1.07,1.05,1.05,1.07,1.07,0,0,0.000100,1.000000,0,0,0.000100,0.000100,0,0,0.050000,0.010000,0,0,0.050000,0.005000
A51067,1,1,100,1,1,1,0,0,0,0,0,0,0,0,1.07,1.05,1.05,1.07,1.07,0,0,0.05,0.01,0,0,0.05,0.01,0,0,0.05,0.01,0,0,0.05,0.01
A51069,1,1,100,1,1,1,0,0,0,0,0,0,0,0,1.07,1.05,1.05,1.07,1.07,0,0,0.001045,0.478558,0,0,0.001045,0.000209,0,0,0.050000,0.010000,0,0,0.050000,0.005000
A51071,1,1,100,1,1,1,0,0,0,0,0,0,0,0,1.07,1.05,1.05,1.07,1.07,0,0,0.000100,1.000000,0,0,0.000100,0.000100,0,0,0.050000,0.010000,0,0,0.050000,0.005000
A51073,1,1,100,1,1,1,0,0,0,0,0,0,0,0,1.07,1.05,1.05,1.07,1.07,0,0,0.000100,1.000000,0,0,0.000100,0.000100,0,0,0.050000,0.010000,0,0,0.050000,0.004374
A51075,1,1,100,1,1,1,0,0,0,0,0,0,0,0,1.07,1.05,1.05,1.07,1.07,0,0,0.000100,1.000000,0,0,0.000100,0.000100,0,0,0.050000,0.010000,0,0,0.050000,0.005000
A51077,1,1,100,1,1,1,0,0,0,0,0,0,0,0,1.07,1.05,1.05,1.07,1.07,0,0,0.05,0.01,0,0,0.05,0.01,0,0,0.05,0.01,0,0,0.05,0.01
A51079,1,1,100,1,1,1,0,0,0,0,0,0,0,0,1.07,1.05,1.05,1.07,1.07,0,0,0.000100,1.000000,0,0,0.000100,0.000100,0,0,0.050000,0.010000,0,0,0.050000,0.005000
A51081,1,1,100,1,1,1,0,0,0,0,0,0,0,0,1.07,1.05,1.05,1.07,1.07,0,0,0.05,0.01,0,0,0.05,0.01,0,0,0.05,0.01,0,0,0.05,0.01
A51083,1,1,100,1,1,1,0,0,0,0,0,0,0,0,1.07,1.05,1.05,1.07,1.07,0,0,0.05,0.01,0,0,0.05,0.01,0,0,0.05,0.01,0,0,0.05,0.01
A51085,1,1,100,1,1,1,0,0,0,0,0,0,0,0,1.07,1.05,1.05,1.07,1.07,0,0,0.000123,1.000000,0,0,0.000123,0.000100,0,0,0.050000,0.010000,0,0,0.050000,0.004928
A51087,1,1,100,1,1,1,0,0,0,0,0,0,0,0,1.07,1.05,1.05,1.07,1.07,0,0,0.000304,1.000000,0,0,0.000304,0.000100,0,0,0.050000,0.010000,0,0,0.050000,0.004370
A51089,1,1,100,1,1,1,0,0,0,0,0,0,0,0,1.07,1.05,1.05,1.07,1.07,0,0,0.05,0.01,0,0,0.05,0.01,0,0,0.05,0.01,0,0,0.05,0.01
A51091,1,1,100,1,1,1,0,0,0,0,0,0,0,0,1.07,1.05,1.05,1.07,1.07,0,0,0.000148,1.000000,0,0,0.000148,0.000100,0,0,0.050000,0.010000,0,0,0.050000,0.004340
A51093,1,1,100,1,1,1,0,0,0,0,0,0,0,0,1.07,1.05,1.05,1.07,1.07,0,0,0.000187,1.000000,0,0,0.000187,0.000100,0,0,0.050000,0.010000,0,0,0.050000,0.004042
A51095,1,1,100,1,1,1,0,0,0,0,0,0,0,0,1.07,1.05,1.05,1.07,1.07,0,0,0.000119,1.000000,0,0,0.000119,0.000100,0,0,0.050000,0.010000,0,0,0.050000,0.004255
A51097,1,1,100,1,1,1,0,0,0,0,0,0,0,0,1.07,1.05,1.05,1.07,1.07,0,0,0.000100,1.000000,0,0,0.000100,0.000100,0,0,0.050000,0.010000,0,0,0.050000,0.005000
A51099,1,1,100,1,1,1,0,0,0,0,0,0,0,0,1.07,1.05,1.05,1.07,1.07,0,0,0.000100,1.000000,0,0,0.000100,0.000100,0,0,0.050000,0.010000,0,0,0.050000,0.004374
A51101,1,1,100,1,1,1,0,0,0,0,0,0,0,0,1.07,1.05,1.05,1.07,1.07,0,0,0.000100,1.000000,0,0,0.000100,0.000100,0,0,0.050000,0.010000,0,0,0.050000,0.005000
A51103,1,1,100,1,1,1,0,0,0,0,0,0,0,0,1.07,1.05,1.05,1.07,1.07,0,0,0.000100,1.000000,0,0,0.000100,0.000100,0,0,0.050000,0.010000,0,0,0.050000,0.004286
A51105,1,1,100,1,1,1,0,0,0,0,0,0,0,0,1.07,1.05,1.05,1.07,1.07,0,0,0.05,0.01,0,0,0.05,0.01,0,0,0.05,0.01,0,0,0.05,0.01
A51107,1,1,100,1,1,1,0,0,0,0,0,0,0,0,1.07,1.05,1.05,1.07,1.07,0,0,0.000617,0.810499,0,0,0.000617,0.000123,0,0,0.050000,0.010000,0,0,0.050000,0.005000
A51109,1,1,100,1,1,1,0,0,0,0,0,0,0,0,1.07,1.05,1.05,1.07,1.07,0,0,0.000144,1.000000,0,0,0.000144,0.000100,0,0,0.050000,0.010000,0,0,0.050000,0.005000
A51111,1,1,100,1,1,1,0,0,0,0,0,0,0,0,1.07,1.05,1.05,1.07,1.07,0,0,0.05,0.01,0,0,0.05,0.01,0,0,0.05,0.01,0,0,0.05,0.01
A51113,1,1,100,1,1,1,0,0,0,0,0,0,0,0,1.07,1.05,1.05,1.07,1.07,0,0,0.000164,1.000000,0,0,0.000164,0.000100,0,0,0.050000,0.010000,0,0,0.050000,0.005000
A51115,1,1,100,1,1,1,0,0,0,0,0,0,0,0,1.07,1.05,1.05,1.07,1.07,0,0,0.000100,1.000000,0,0,0.000100,0.000100,0,0,0.050000,0.010000,0,0,0.050000,0.004372
A51117,1,1,100,1,1,1,0,0,0,0,0,0,0,0,1.07,1.05,1.05,1.07,1.07,0,0,0.05,0.01,0,0,0.05,0.01,0,0,0.05,0.01,0,0,0.05,0.01
A51119,1,1,100,1,1,1,0,0,0,0,0,0,0,0,1.07,1.05,1.05,1.07,1.07,0,0,0.000100,1.000000,0,0,0.000100,0.000100,0,0,0.050000,0.010000,0,0,0.050000,0.004374
A51121,1,1,100,1,1,1,0,0,0,0,0,0,0,0,1.07,1.05,1.05,1.07,1.07,0,0,0.000832,0.601123,0,0,0.000832,0.000166,0,0,0.050000,0.010000,0,0,0.050000,0.005000
A51125,1,1,100,1,1,1,0,0,0,0,0,0,0,0,1.07,1.05,1.05,1.07,1.07,0,0,0.000159,1.000000,0,0,0.000159,0.000100,0,0,0.050000,0.010000,0,0,0.050000,0.005000
A51127,1,1,100,1,1,1,0,0,0,0,0,0,0,0,1.07,1.05,1.05,1.07,1.07,0,0,0.000166,1.000000,0,0,0.000166,0.000100,0,0,0.050000,0.010000,0,0,0.050000,0.004350
A51131,1,1,100,1,1,1,0,0,0,0,0,0,0,0,1.07,1.05,1.05,1.07,1.07,0,0,0.000198,1.000000,0,0,0.000198,0.000100,0,0,0.050000,0.010000,0,0,0.050000,0.005000
A51133,1,1,100,1,1,1,0,0,0,0,0,0,0,0,1.07,1.05,1.05,1.07,1.07,0,0,0.000100,1.000000,0,0,0.000100,0.000100,0,0,0.050000,0.010000,0,0,0.050000,0.004286
A51135,1,1,100,1,1,1,0,0,0,0,0,0,0,0,1.07,1.05,1.05,1.07,1.07,0,0,0.000819,0.610640,0,0,0.000819,0.000164,0,0,0.050000,0.010000,0,0,0.050000,0.005000
A51137,1,1,100,1,1,1,0,0,0,0,0,0,0,0,1.07,1.05,1.05,1.07,1.07,0,0,0.000183,1.000000,0,0,0.000183,0.000100,0,0,0.050000,0.010000,0,0,0.050000,0.005000
A51139,1,1,100,1,1,1,0,0,0,0,0,0,0,0,1.07,1.05,1.05,1.07,1.07,0,0,0.001517,0.329645,0,0,0.001517,0.000303,0,0,0.050000,0.010000,0,0,0.050000,0.005000
A51141,1,1,100,1,1,1,0,0,0,0,0,0,0,0,1.07,1.05,1.05,1.07,1.07,0,0,0.05,0.01,0,0,0.05,0.01,0,0,0.05,0.01,0,0,0.05,0.01
A51143,1,1,100,1,1,1,0,0,0,0,0,0,0,0,1.07,1.05,1.05,1.07,1.07,0,0,0.05,0.01,0,0,0.05,0.01,0,0,0.05,0.01,0,0,0.05,0.01
A51145,1,1,100,1,1,1,0,0,0,0,0,0,0,0,1.07,1.05,1.05,1.07,1.07,0,0,0.001905,0.262502,0,0,0.001905,0.000381,0,0,0.050000,0.010000,0,0,0.050000,0.005000
A51147,1,1,100,1,1,1,0,0,0,0,0,0,0,0,1.07,1.05,1.05,1.07,1.07,0,0,0.002177,0.229672,0,0,0.002177,0.000436,0,0,0.050000,0.010000,0,0,0.050000,0.005000
A51149,1,1,100,1,1,1,0,0,0,0,0,0,0,0,1.07,1.05,1.05,1.07,1.07,0,0,0.000197,1.000000,0,0,0.000197,0.000100,0,0,0.050000,0.010000,0,0,0.050000,0.004078
A51153,1,1,100,1,1,1,0,0,0,0,0,0,0,0,1.07,1.05,1.05,1.07,1.07,0,0,0.000265,1.000000,0,0,0.000265,0.000100,0,0,0.050000,0.010000,0,0,0.050000,0.003808
A51155,1,1,100,1,1,1,0,0,0,0,0,0,0,0,1.07,1.05,1.05,1.07,1.07,0,0,0.05,0.01,0,0,0.05,0.01,0,0,0.05,0.01,0,0,0.05,0.01
A51157,1,1,100,1,1,1,0,0,0,0,0,0,0,0,1.07,1.05,1.05,1.07,1.07,0,0,0.000193,1.000000,0,0,0.000193,0.000100,0,0,0.050000,0.010000,0,0,0.050000,0.005000
A51159,1,1,100,1,1,1,0,0,0,0,0,0,0,0,1.07,1.05,1.05,1.07,1.07,0,0,0.000100,1.000000,0,0,0.000100,0.000100,0,0,0.050000,0.010000,0,0,0.050000,0.004284
A51161,1,1,100,1,1,1,0,0,0,0,0,0,0,0,1.07,1.05,1.05,1.07,1.07,0,0,0.000186,1.000000,0,0,0.000186,0.000100,0,0,0.050000,0.010000,0,0,0.050000,0.005000
A51163,1,1,100,1,1,1,0,0,0,0,0,0,0,0,1.07,1.05,1.05,1.07,1.07,0,0,0.001600,0.312539,0,0,0.001600,0.000320,0,0,0.050000,0.010000,0,0,0.050000,0.005000
A51165,1,1,100,1,1,1,0,0,0,0,0,0,0,0,1.07,1.05,1.05,1.07,1.07,0,0,0.002557,0.195501,0,0,0.002557,0.000511,0,0,0.050000,0.010000,0,0,0.050000,0.005000
A51167,1,1,100,1,1,1,0,0,0,0,0,0,0,0,1.07,1.05,1.05,1.07,1.07,0,0,0.05,0.01,0,0,0.05,0.01,0,0,0.05,0.01,0,0,0.05,0.01
A51169,1,1,100,1,1,1,0,0,0,0,0,0,0,0,1.07,1.05,1.05,1.07,1.07,0,0,0.05,0.01,0,0,0.05,0.01,0,0,0.05,0.01,0,0,0.05,0.01
A51171,1,1,100,1,1,1,0,0,0,0,0,0,0,0,1.07,1.05,1.05,1.07,1.07,0,0,0.001888,0.264788,0,0,0.001888,0.000378,0,0,0.050000,0.010000,0,0,0.050000,0.005000
A51173,1,1,100,1,1,1,0,0,0,0,0,0,0,0,1.07,1.05,1.05,1.07,1.07,0,0,0.05,0.01,0,0,0.05,0.01,0,0,0.05,0.01,0,0,0.05,0.01
A51175,1,1,100,1,1,1,0,0,0,0,0,0,0,0,1.07,1.05,1.05,1.07,1.07,0,0,0.05,0.01,0,0,0.05,0.01,0,0,0.05,0.01,0,0,0.05,0.01
A51177,1,1,100,1,1,1,0,0,0,0,0,0,0,0,1.07,1.05,1.05,1.07,1.07,0,0,0.000257,1.000000,0,0,0.000257,0.000100,0,0,0.050000,0.010000,0,0,0.050000,0.005000
A51179,1,1,100,1,1,1,0,0,0,0,0,0,0,0,1.07,1.05,1.05,1.07,1.07,0,0,0.000256,1.000000,0,0,0.000256,0.000100,0,0,0.050000,0.010000,0,0,0.050000,0.004284
A51181,1,1,100,1,1,1,0,0,0,0,0,0,0,0,1.07,1.05,1.05,1.07,1.07,0,0,0.000219,1.000000,0,0,0.000219,0.000100,0,0,0.050000,0.010000,0,0,0.050000,0.004059
A51183,1,1,100,1,1,1,0,0,0,0,0,0,0,0,1.07,1.05,1.05,1.07,1.07,0,0,0.05,0.01,0,0,0.05,0.01,0,0,0.05,0.01,0,0,0.05,0.01
A51185,1,1,100,1,1,1,0,0,0,0,0,0,0,0,1.07,1.05,1.05,1.07,1.07,0,0,0.05,0.01,0,0,0.05,0.01,0,0,0.05,0.01,0,0,0.05,0.01
A51187,1,1,100,1,1,1,0,0,0,0,0,0,0,0,1.07,1.05,1.05,1.07,1.07,0,0,0.000905,0.552650,0,0,0.000905,0.000181,0,0,0.050000,0.010000,0,0,0.050000,0.005000
A51191,1,1,100,1,1,1,0,0,0,0,0,0,0,0,1.07,1.05,1.05,1.07,1.07,0,0,0.05,0.01,0,0,0.05,0.01,0,0,0.05,0.01,0,0,0.05,0.01
A51193,1,1,100,1,1,1,0,0,0,0,0,0,0,0,1.07,1.05,1.05,1.07,1.07,0,0,0.000100,1.000000,0,0,0.000100,0.000100,0,0,0.050000,0.010000,0,0,0.050000,0.004284
A51195,1,1,100,1,1,1,0,0,0,0,0,0,0,0,1.07,1.05,1.05,1.07,1.07,0,0,0.05,0.01,0,0,0.05,0.01,0,0,0.05,0.01,0,0,0.05,0.01
A51197,1,1,100,1,1,1,0,0,0,0,0,0,0,0,1.07,1.05,1.05,1.07,1.07,0,0,0.05,0.01,0,0,0.05,0.01,0,0,0.05,0.01,0,0,0.05,0.01
A51199,1,1,100,1,1,1,0,0,0,0,0,0,0,0,1.07,1.05,1.05,1.07,1.07,0,0,0.000119,1.000000,0,0,0.000119,0.000100,0,0,0.050000,0.010000,0,0,0.050000,0.004280
A51510,1,1,100,1,1,1,0,0,0,0,0,0,0,0,1.07,1.05,1.05,1.07,1.07,0,0,0.000100,1.000000,0,0,0.000100,0.000100,0,0,0.050000,0.010000,0,0,0.050000,0.005000
A51515,1,1,100,1,1,1,0,0,0,0,0,0,0,0,1.07,1.05,1.05,1.07,1.07,0,0,0.05,0.01,0,0,0.05,0.01,0,0,0.05,0.01,0,0,0.05,0.01
A51520,1,1,100,1,1,1,0,0,0,0,0,0,0,0,1.07,1.05,1.05,1.07,1.07,0,0,0.05,0.01,0,0,0.05,0.01,0,0,0.05,0.01,0,0,0.05,0.01
A51530,1,1,100,1,1,1,0,0,0,0,0,0,0,0,1.07,1.05,1.05,1.07,1.07,0,0,0.000103,1.000000,0,0,0.000103,0.000100,0,0,0.050000,0.010000,0,0,0.050000,0.005000
A51540,1,1,100,1,1,1,0,0,0,0,0,0,0,0,1.07,1.05,1.05,1.07,1.07,0,0,0.000125,1.000000,0,0,0.000125,0.000100,0,0,0.050000,0.010000,0,0,0.050000,0.005000
A51550,1,1,100,1,1,1,0,0,0,0,0,0,0,0,1.07,1.05,1.05,1.07,1.07,0,0,0.000100,1.000000,0,0,0.000100,0.000100,0,0,0.050000,0.010000,0,0,0.050000,0.004274
A51570,1,1,100,1,1,1,0,0,0,0,0,0,0,0,1.07,1.05,1.05,1.07,1.07,0,0,0.000100,1.000000,0,0,0.000100,0.000100,0,0,0.050000,0.010000,0,0,0.050000,0.004235
A51580,1,1,100,1,1,1,0,0,0,0,0,0,0,0,1.07,1.05,1.05,1.07,1.07,0,0,0.000100,1.000000,0,0,0.000100,0.000100,0,0,0.050000,0.010000,0,0,0.050000,0.005000
A51590,1,1,100,1,1,1,0,0,0,0,0,0,0,0,1.07,1.05,1.05,1.07,1.07,0,0,0.05,0.01,0,0,0.05,0.01,0,0,0.05,0.01,0,0,0.05,0.01
A51595,1,1,100,1,1,1,0,0,0,0,0,0,0,0,1.07,1.05,1.05,1.07,1.07,0,0,0.05,0.01,0,0,0.05,0.01,0,0,0.05,0.01,0,0,0.05,0.01
A51600,1,1,100,1,1,1,0,0,0,0,0,0,0,0,1.07,1.05,1.05,1.07,1.07,0,0,0.000130,1.000000,0,0,0.000130,0.000100,0,0,0.050000,0.010000,0,0,0.050000,0.004284
A51610,1,1,100,1,1,1,0,0,0,0,0,0,0,0,1.07,1.05,1.05,1.07,1.07,0,0,0.000100,1.000000,0,0,0.000100,0.000100,0,0,0.050000,0.010000,0,0,0.050000,0.005000
A51620,1,1,100,1,1,1,0,0,0,0,0,0,0,0,1.07,1.05,1.05,1.07,1.07,0,0,0.05,0.01,0,0,0.05,0.01,0,0,0.05,0.01,0,0,0.05,0.01
A51630,1,1,100,1,1,1,0,0,0,0,0,0,0,0,1.07,1.05,1.05,1.07,1.07,0,0,0.000100,1.000000,0,0,0.000100,0.000100,0,0,0.050000,0.010000,0,0,0.050000,0.005000
A51640,1,1,100,1,1,1,0,0,0,0,0,0,0,0,1.07,1.05,1.05,1.07,1.07,0,0,0.05,0.01,0,0,0.05,0.01,0,0,0.05,0.01,0,0,0.05,0.01
A51650,1,1,100,1,1,1,0,0,0,0,0,0,0,0,1.07,1.05,1.05,1.07,1.07,0,0,0.000100,1.000000,0,0,0.000100,0.000100,0,0,0.050000,0.010000,0,0,0.050000,0.004220
A51660,1,1,100,1,1,1,0,0,0,0,0,0,0,0,1.07,1.05,1.05,1.07,1.07,0,0,0.000122,1.000000,0,0,0.000122,0.000100,0,0,0.050000,0.010000,0,0,0.050000,0.005000
A51670,1,1,100,1,1,1,0,0,0,0,0,0,0,0,1.07,1.05,1.05,1.07,1.07,0,0,0.000100,1.000000,0,0,0.000100,0.000100,0,0,0.050000,0.010000,0,0,0.050000,0.004250
A51678,1,1,100,1,1,1,0,0,0,0,0,0,0,0,1.07,1.05,1.05,1.07,1.07,0,0,0.004977,0.100460,0,0,0.004977,0.000995,0,0,0.050000,0.010000,0,0,0.050000,0.005000
A51680,1,1,100,1,1,1,0,0,0,0,0,0,0,0,1.07,1.05,1.05,1.07,1.07,0,0,0.000100,1.000000,0,0,0.000100,0.000100,0,0,0.050000,0.010000,0,0,0.050000,0.005000
A51683,1,1,100,1,1,1,0,0,0,0,0,0,0,0,1.07,1.05,1.05,1.07,1.07,0,0,0.000134,1.000000,0,0,0.000134,0.000100,0,0,0.050000,0.010000,0,0,0.050000,0.004305
A51685,1,1,100,1,1,1,0,0,0,0,0,0,0,0,1.07,1.05,1.05,1.07,1.07,0,0,0.000115,1.000000,0,0,0.000115,0.000100,0,0,0.050000,0.010000,0,0,0.050000,0.004305
A51690,1,1,100,1,1,1,0,0,0,0,0,0,0,0,1.07,1.05,1.05,1.07,1.07,0,0,0.05,0.01,0,0,0.05,0.01,0,0,0.05,0.01,0,0,0.05,0.01
A51700,1,1,100,1,1,1,0,0,0,0,0,0,0,0,1.07,1.05,1.05,1.07,1.07,0,0,0.000106,1.000000,0,0,0.000106,0.000100,0,0,0.050000,0.010000,0,0,0.050000,0.004272
A51710,1,1,100,1,1,1,0,0,0,0,0,0,0,0,1.07,1.05,1.05,1.07,1.07,0,0,0.000695,0.719142,0,0,0.000695,0.000139,0,0,0.050000,0.010000,0,0,0.050000,0.004235
A51720,1,1,100,1,1,1,0,0,0,0,0,0,0,0,1.07,1.05,1.05,1.07,1.07,0,0,0.05,0.01,0,0,0.05,0.01,0,0,0.05,0.01,0,0,0.05,0.01
A51730,1,1,100,1,1,1,0,0,0,0,0,0,0,0,1.07,1.05,1.05,1.07,1.07,0,0,0.000100,1.000000,0,0,0.000100,0.000100,0,0,0.050000,0.010000,0,0,0.050000,0.004020
A51735,1,1,100,1,1,1,0,0,0,0,0,0,0,0,1.07,1.05,1.05,1.07,1.07,0,0,0.000100,1.000000,0,0,0.000100,0.000100,0,0,0.050000,0.010000,0,0,0.050000,0.004252
A51740,1,1,100,1,1,1,0,0,0,0,0,0,0,0,1.07,1.05,1.05,1.07,1.07,0,0,0.000100,1.000000,0,0,0.000100,0.000100,0,0,0.050000,0.010000,0,0,0.050000,0.004231
A51750,1,1,100,1,1,1,0,0,0,0,0,0,0,0,1.07,1.05,1.05,1.07,1.07,0,0,0.05,0.01,0,0,0.05,0.01,0,0,0.05,0.01,0,0,0.05,0.01
A51760,1,1,100,1,1,1,0,0,0,0,0,0,0,0,1.07,1.05,1.05,1.07,1.07,0,0,0.000100,1.000000,0,0,0.000100,0.000100,0,0,0.050000,0.010000,0,0,0.050000,0.004522
A51770,1,1,100,1,1,1,0,0,0,0,0,0,0,0,1.07,1.05,1.05,1.07,1.07,0,0,0.05,0.01,0,0,0.05,0.01,0,0,0.05,0.01,0,0,0.05,0.01
A51775,1,1,100,1,1,1,0,0,0,0,0,0,0,0,1.07,1.05,1.05,1.07,1.07,0,0,0.05,0.01,0,0,0.05,0.01,0,0,0.05,0.01,0,0,0.05,0.01
A51790,1,1,100,1,1,1,0,0,0,0,0,0,0,0,1.07,1.05,1.05,1.07,1.07,0,0,0.000777,0.643394,0,0,0.000777,0.000155,0,0,0.050000,0.010000,0,0,0.050000,0.005000
A51800,1,1,100,1,1,1,0,0,0,0,0,0,0,0,1.07,1.05,1.05,1.07,1.07,0,0,0.000243,1.000000,0,0,0.000243,0.000100,0,0,0.050000,0.010000,0,0,0.050000,0.003918
A51810,1,1,100,1,1,1,0,0,0,0,0,0,0,0,1.07,1.05,1.05,1.07,1.07,0,0,0.000100,1.000000,0,0,0.000100,0.000100,0,0,0.050000,0.010000,0,0,0.050000,0.004212
A51820,1,1,100,1,1,1,0,0,0,0,0,0,0,0,1.07,1.05,1.05,1.07,1.07,0,0,0.000100,1.000000,0,0,0.000100,0.000100,0,0,0.050000,0.010000,0,0,0.050000,0.005000
A51830,1,1,100,1,1,1,0,0,0,0,0,0,0,0,1.07,1.05,1.05,1.07,1.07,0,0,0.000100,1.000000,0,0,0.000100,0.000100,0,0,0.050000,0.010000,0,0,0.050000,0.004196
A51840,1,1,100,1,1,1,0,0,0,0,0,0,0,0,1.07,1.05,1.05,1.07,1.07,0,0,0.000923,0.541661,0,0,0.000923,0.000185,0,0,0.050000,0.010000,0,0,0.050000,0.005000
A54003,1,1,100,1,1,1,0,0,0,0,0,0,0,0,1.07,1.05,1.05,1.07,1.07,0,0,0.001018,0.491116,0,0,0.001018,0.000204,0,0,0.050000,0.010000,0,0,0.050000,0.005000
A54023,1,1,100,1,1,1,0,0,0,0,0,0,0,0,1.07,1.05,1.05,1.07,1.07,0,0,0.000100,1.000000,0,0,0.000100,0.000100,0,0,0.050000,0.010000,0,0,0.050000,0.004286
A54027,1,1,100,1,1,1,0,0,0,0,0,0,0,0,1.07,1.05,1.05,1.07,1.07,0,0,0.001126,0.443984,0,0,0.001126,0.000225,0,0,0.050000,0.010000,0,0,0.050000,0.005000
A54031,1,1,100,1,1,1,0,0,0,0,0,0,0,0,1.07,1.05,1.05,1.07,1.07,0,0,0.000361,1.000000,0,0,0.000361,0.000100,0,0,0.050000,0.010000,0,0,0.050000,0.005000
A54037,1,1,100,1,1,1,0,0,0,0,0,0,0,0,1.07,1.05,1.05,1.07,1.07,0,0,0.001189,0.420494,0,0,0.001189,0.000238,0,0,0.050000,0.010000,0,0,0.050000,0.005000
A54057,1,1,100,1,1,1,0,0,0,0,0,0,0,0,1.07,1.05,1.05,1.07,1.07,0,0,0.000100,1.000000,0,0,0.000100,0.000100,0,0,0.050000,0.010000,0,0,0.050000,0.005000
A54063,1,1,100,1,1,1,0,0,0,0,0,0,0,0,1.07,1.05,1.05,1.07,1.07,0,0,0.000264,1.000000,0,0,0.000264,0.000100,0,0,0.050000,0.010000,0,0,0.050000,0.005000
A54065,1,1,100,1,1,1,0,0,0,0,0,0,0,0,1.07,1.05,1.05,1.07,1.07,0,0,0.000449,1.000000,0,0,0.000449,0.000100,0,0,0.050000,0.010000,0,0,0.050000,0.005000
A54071,1,1,100,1,1,1,0,0,0,0,0,0,0,0,1.07,1.05,1.05,1.07,1.07,0,0,0.000767,0.651860,0,0,0.000767,0.000153,0,0,0.050000,0.010000,0,0,0.050000,0.005000
A54077,1,1,100,1,1,1,0,0,0,0,0,0,0,0,1.07,1.05,1.05,1.07,1.07,0,0,0.000246,1.000000,0,0,0.000246,0.000100,0,0,0.050000,0.010000,0,0,0.050000,0.005000
A54093,1,1,100,1,1,1,0,0,0,0,0,0,0,0,1.07,1.05,1.05,1.07,1.07,0,0,0.001936,0.258240,0,0,0.001936,0.000387,0,0,0.050000,0.010000,0,0,0.050000,0.004286
B24001,1,1,100,1,1,1,0,0,0,0,0,0,0,0,1.07,1.05,1.05,1.07,1.07,0,0,0.000137,1.000000,0,0,0.000137,0.000100,0,0,0.050000,0.010000,0,0,0.050000,0.005000
B24021,1,1,100,1,1,1,0,0,0,0,0,0,0,0,1.07,1.05,1.05,1.07,1.07,0,0,0.000272,1.000000,0,0,0.000272,0.000100,0,0,0.050000,0.010000,0,0,0.050000,0.005000
B37005,1,1,100,1,1,1,0,0,0,0,0,0,0,0,1.07,1.05,1.05,1.07,1.07,0,0,0.05,0.01,0,0,0.05,0.01,0,0,0.05,0.01,0,0,0.05,0.01
B37009,1,1,100,1,1,1,0,0,0,0,0,0,0,0,1.07,1.05,1.05,1.07,1.07,0,0,0.05,0.01,0,0,0.05,0.01,0,0,0.05,0.01,0,0,0.05,0.01
B42001,1,1,100,1,1,1,0,0,0,0,0,0,0,0,1.07,1.05,1.05,1.07,1.07,0,0,0.000209,1.000000,0,0,0.000209,0.000100,0,0,0.050000,0.010000,0,0,0.050000,0.004338
B42009,1,1,100,1,1,1,0,0,0,0,0,0,0,0,1.07,1.05,1.05,1.07,1.07,0,0,0.000210,1.000000,0,0,0.000210,0.000100,0,0,0.050000,0.010000,0,0,0.050000,0.005000
B42015,1,1,100,1,1,1,0,0,0,0,0,0,0,0,1.07,1.05,1.05,1.07,1.07,0,0,0.000196,1.000000,0,0,0.000196,0.000100,0,0,0.050000,0.010000,0,0,0.050000,0.004284
B42027,1,1,100,1,1,1,0,0,0,0,0,0,0,0,1.07,1.05,1.05,1.07,1.07,0,0,0.000100,1.000000,0,0,0.000100,0.000100,0,0,0.050000,0.010000,0,0,0.050000,0.005000
B42035,1,1,100,1,1,1,0,0,0,0,0,0,0,0,1.07,1.05,1.05,1.07,1.07,0,0,0.000100,1.000000,0,0,0.000100,0.000100,0,0,0.050000,0.010000,0,0,0.050000,0.005000
B42041,1,1,100,1,1,1,0,0,0,0,0,0,0,0,1.07,1.05,1.05,1.07,1.07,0,0,0.000642,0.778378,0,0,0.000642,0.000129,0,0,0.050000,0.010000,0,0,0.050000,0.005000
B42043,1,1,100,1,1,1,0,0,0,0,0,0,0,0,1.07,1.05,1.05,1.07,1.07,0,0,0.000292,1.000000,0,0,0.000292,0.000100,0,0,0.050000,0.010000,0,0,0.050000,0.005000
B42055,1,1,100,1,1,1,0,0,0,0,0,0,0,0,1.07,1.05,1.05,1.07,1.07,0,0,0.000197,1.000000,0,0,0.000197,0.000100,0,0,0.050000,0.010000,0,0,0.050000,0.005000
B42079,1,1,100,1,1,1,0,0,0,0,0,0,0,0,1.07,1.05,1.05,1.07,1.07,0,0,0.000120,1.000000,0,0,0.000120,0.000100,0,0,0.050000,0.010000,0,0,0.050000,0.005000
B42081,1,1,100,1,1,1,0,0,0,0,0,0,0,0,1.07,1.05,1.05,1.07,1.07,0,0,0.000237,1.000000,0,0,0.000237,0.000100,0,0,0.050000,0.010000,0,0,0.050000,0.005000
B42119,1,1,100,1,1,1,0,0,0,0,0,0,0,0,1.07,1.05,1.05,1.07,1.07,0,0,0.000100,1.000000,0,0,0.000100,0.000100,0,0,0.050000,0.010000,0,0,0.050000,0.005000
B42131,1,1,100,1,1,1,0,0,0,0,0,0,0,0,1.07,1.05,1.05,1.07,1.07,0,0,0.000204,1.000000,0,0,0.000204,0.000100,0,0,0.050000,0.010000,0,0,0.050000,0.005000
B51003,1,1,100,1,1,1,0,0,0,0,0,0,0,0,1.07,1.05,1.05,1.07,1.07,0,0,0.000100,1.000000,0,0,0.000100,0.000100,0,0,0.050000,0.010000,0,0,0.050000,0.005000
B51009,1,1,100,1,1,1,0,0,0,0,0,0,0,0,1.07,1.05,1.05,1.07,1.07,0,0,0.000100,1.000000,0,0,0.000100,0.000100,0,0,0.050000,0.010000,0,0,0.050000,0.005000
B51015,1,1,100,1,1,1,0,0,0,0,0,0,0,0,1.07,1.05,1.05,1.07,1.07,0,0,0.000246,1.000000,0,0,0.000246,0.000100,0,0,0.050000,0.010000,0,0,0.050000,0.005000
B51017,1,1,100,1,1,1,0,0,0,0,0,0,0,0,1.07,1.05,1.05,1.07,1.07,0,0,0.000176,1.000000,0,0,0.000176,0.000100,0,0,0.050000,0.010000,0,0,0.050000,0.005000
B51019,1,1,100,1,1,1,0,0,0,0,0,0,0,0,1.07,1.05,1.05,1.07,1.07,0,0,0.001005,0.497763,0,0,0.001005,0.000201,0,0,0.050000,0.010000,0,0,0.050000,0.005000
B51023,1,1,100,1,1,1,0,0,0,0,0,0,0,0,1.07,1.05,1.05,1.07,1.07,0,0,0.000246,1.000000,0,0,0.000246,0.000100,0,0,0.050000,0.010000,0,0,0.050000,0.005000
B51035,1,1,100,1,1,1,0,0,0,0,0,0,0,0,1.07,1.05,1.05,1.07,1.07,0,0,0.05,0.01,0,0,0.05,0.01,0,0,0.05,0.01,0,0,0.05,0.01
B51061,1,1,100,1,1,1,0,0,0,0,0,0,0,0,1.07,1.05,1.05,1.07,1.07,0,0,0.000100,1.000000,0,0,0.000100,0.000100,0,0,0.050000,0.010000,0,0,0.050000,0.005000
B51067,1,1,100,1,1,1,0,0,0,0,0,0,0,0,1.07,1.05,1.05,1.07,1.07,0,0,0.05,0.01,0,0,0.05,0.01,0,0,0.05,0.01,0,0,0.05,0.01
B51071,1,1,100,1,1,1,0,0,0,0,0,0,0,0,1.07,1.05,1.05,1.07,1.07,0,0,0.05,0.01,0,0,0.05,0.01,0,0,0.05,0.01,0,0,0.05,0.01
B51077,1,1,100,1,1,1,0,0,0,0,0,0,0,0,1.07,1.05,1.05,1.07,1.07,0,0,0.05,0.01,0,0,0.05,0.01,0,0,0.05,0.01,0,0,0.05,0.01
B51079,1,1,100,1,1,1,0,0,0,0,0,0,0,0,1.07,1.05,1.05,1.07,1.07,0,0,0.000133,1.000000,0,0,0.000133,0.000100,0,0,0.050000,0.010000,0,0,0.050000,0.005000
B51091,1,1,100,1,1,1,0,0,0,0,0,0,0,0,1.07,1.05,1.05,1.07,1.07,0,0,0.000100,1.000000,0,0,0.000100,0.000100,0,0,0.050000,0.010000,0,0,0.050000,0.005000
B51105,1,1,100,1,1,1,0,0,0,0,0,0,0,0,1.07,1.05,1.05,1.07,1.07,0,0,0.05,0.01,0,0,0.05,0.01,0,0,0.05,0.01,0,0,0.05,0.01
B51113,1,1,100,1,1,1,0,0,0,0,0,0,0,0,1.07,1.05,1.05,1.07,1.07,0,0,0.000165,1.000000,0,0,0.000165,0.000100,0,0,0.050000,0.010000,0,0,0.050000,0.005000
B51125,1,1,100,1,1,1,0,0,0,0,0,0,0,0,1.07,1.05,1.05,1.07,1.07,0,0,0.000116,1.000000,0,0,0.000116,0.000100,0,0,0.050000,0.010000,0,0,0.050000,0.005000
B51139,1,1,100,1,1,1,0,0,0,0,0,0,0,0,1.07,1.05,1.05,1.07,1.07,0,0,0.001054,0.474376,0,0,0.001054,0.000211,0,0,0.050000,0.010000,0,0,0.050000,0.005000
B51141,1,1,100,1,1,1,0,0,0,0,0,0,0,0,1.07,1.05,1.05,1.07,1.07,0,0,0.05,0.01,0,0,0.05,0.01,0,0,0.05,0.01,0,0,0.05,0.01
B51157,1,1,100,1,1,1,0,0,0,0,0,0,0,0,1.07,1.05,1.05,1.07,1.07,0,0,0.000246,1.000000,0,0,0.000246,0.000100,0,0,0.050000,0.010000,0,0,0.050000,0.005000
B51161,1,1,100,1,1,1,0,0,0,0,0,0,0,0,1.07,1.05,1.05,1.07,1.07,0,0,0.05,0.01,0,0,0.05,0.01,0,0,0.05,0.01,0,0,0.05,0.01
B51163,1,1,100,1,1,1,0,0,0,0,0,0,0,0,1.07,1.05,1.05,1.07,1.07,0,0,0.000772,0.647391,0,0,0.000772,0.000154,0,0,0.050000,0.010000,0,0,0.050000,0.005000
B51165,1,1,100,1,1,1,0,0,0,0,0,0,0,0,1.07,1.05,1.05,1.07,1.07,0,0,0.000593,0.843323,0,0,0.000593,0.000119,0,0,0.050000,0.010000,0,0,0.050000,0.004541
B51167,1,1,100,1,1,1,0,0,0,0,0,0,0,0,1.07,1.05,1.05,1.07,1.07,0,0,0.05,0.01,0,0,0.05,0.01,0,0,0.05,0.01,0,0,0.05,0.01
B51169,1,1,100,1,1,1,0,0,0,0,0,0,0,0,1.07,1.05,1.05,1.07,1.07,0,0,0.05,0.01,0,0,0.05,0.01,0,0,0.05,0.01,0,0,0.05,0.01
B51171,1,1,100,1,1,1,0,0,0,0,0,0,0,0,1.07,1.05,1.05,1.07,1.07,0,0,0.000252,1.000000,0,0,0.000252,0.000100,0,0,0.050000,0.010000,0,0,0.050000,0.005000
B51173,1,1,100,1,1,1,0,0,0,0,0,0,0,0,1.07,1.05,1.05,1.07,1.07,0,0,0.05,0.01,0,0,0.05,0.01,0,0,0.05,0.01,0,0,0.05,0.01
B51185,1,1,100,1,1,1,0,0,0,0,0,0,0,0,1.07,1.05,1.05,1.07,1.07,0,0,0.05,0.01,0,0,0.05,0.01,0,0,0.05,0.01,0,0,0.05,0.01
B51187,1,1,100,1,1,1,0,0,0,0,0,0,0,0,1.07,1.05,1.05,1.07,1.07,0,0,0.000732,0.683475,0,0,0.000732,0.000146,0,0,0.050000,0.010000,0,0,0.050000,0.005000
B51191,1,1,100,1,1,1,0,0,0,0,0,0,0,0,1.07,1.05,1.05,1.07,1.07,0,0,0.05,0.01,0,0,0.05,0.01,0,0,0.05,0.01,0,0,0.05,0.01
B51195,1,1,100,1,1,1,0,0,0,0,0,0,0,0,1.07,1.05,1.05,1.07,1.07,0,0,0.05,0.01,0,0,0.05,0.01,0,0,0.05,0.01,0,0,0.05,0.01
B51197,1,1,100,1,1,1,0,0,0,0,0,0,0,0,1.07,1.05,1.05,1.07,1.07,0,0,0.05,0.01,0,0,0.05,0.01,0,0,0.05,0.01,0,0,0.05,0.01
B54023,1,1,100,1,1,1,0,0,0,0,0,0,0,0,1.07,1.05,1.05,1.07,1.07,0,0,0.000235,1.000000,0,0,0.000235,0.000100,0,0,0.050000,0.010000,0,0,0.050000,0.004154
B54031,1,1,100,1,1,1,0,0,0,0,0,0,0,0,1.07,1.05,1.05,1.07,1.07,0,0,0.000436,1.000000,0,0,0.000436,0.000100,0,0,0.050000,0.010000,0,0,0.050000,0.005000
B54057,1,1,100,1,1,1,0,0,0,0,0,0,0,0,1.07,1.05,1.05,1.07,1.07,0,0,0.000587,0.852363,0,0,0.000587,0.000117,0,0,0.050000,0.010000,0,0,0.050000,0.003862
B54071,1,1,100,1,1,1,0,0,0,0,0,0,0,0,1.07,1.05,1.05,1.07,1.07,0,0,0.000377,1.000000,0,0,0.000377,0.000100,0,0,0.050000,0.010000,0,0,0.050000,0.005000
C42009,1,1,100,1,1,1,0,0,0,0,0,0,0,0,1.07,1.05,1.05,1.07,1.07,0,0,0.000234,1.000000,0,0,0.000234,0.000100,0,0,0.050000,0.010000,0,0,0.050000,0.004284
C51015,1,1,100,1,1,1,0,0,0,0,0,0,0,0,1.07,1.05,1.05,1.07,1.07,0,0,0.000676,0.739565,0,0,0.000676,0.000135,0,0,0.050000,0.010000,0,0,0.050000,0.005000
C51071,1,1,100,1,1,1,0,0,0,0,0,0,0,0,1.07,1.05,1.05,1.07,1.07,0,0,0.05,0.01,0,0,0.05,0.01,0,0,0.05,0.01,0,0,0.05,0.01
C51165,1,1,100,1,1,1,0,0,0,0,0,0,0,0,1.07,1.05,1.05,1.07,1.07,0,0,0.000527,0.948905,0,0,0.000527,0.000105,0,0,0.050000,0.010000,0,0,0.050000,0.005000
F10005,1,1,100,1,1,1,0,0,0,0,0,0,0,0,1.07,1.05,1.05,1.07,1.07,0,0,0.000100,1.000000,0,0,0.000100,0.000100,0,0,0.050000,0.010000,0,0,0.050000,0.005000
F11001,1,1,100,1,1,1,0,0,0,0,0,0,0,0,1.07,1.05,1.05,1.07,1.07,0,0,0.000100,1.000000,0,0,0.000100,0.000100,0,0,0.050000,0.010000,0,0,0.050000,0.005000
F24001,1,1,100,1,1,1,0,0,0,0,0,0,0,0,1.07,1.05,1.05,1.07,1.07,0,0,0.000645,0.774731,0,0,0.000645,0.000129,0,0,0.050000,0.010000,0,0,0.050000,0.004552
F24003,1,1,100,1,1,1,0,0,0,0,0,0,0,0,1.07,1.05,1.05,1.07,1.07,0,0,0.000138,1.000000,0,0,0.000138,0.000100,0,0,0.050000,0.010000,0,0,0.050000,0.005000
F24005,1,1,100,1,1,1,0,0,0,0,0,0,0,0,1.07,1.05,1.05,1.07,1.07,0,0,0.000276,1.000000,0,0,0.000276,0.000100,0,0,0.050000,0.010000,0,0,0.050000,0.005000
F24009,1,1,100,1,1,1,0,0,0,0,0,0,0,0,1.07,1.05,1.05,1.07,1.07,0,0,0.000463,1.000000,0,0,0.000463,0.000100,0,0,0.050000,0.010000,0,0,0.050000,0.004284
F24013,1,1,100,1,1,1,0,0,0,0,0,0,0,0,1.07,1.05,1.05,1.07,1.07,0,0,0.000654,0.764485,0,0,0.000654,0.000131,0,0,0.050000,0.010000,0,0,0.050000,0.005000
F24015,1,1,100,1,1,1,0,0,0,0,0,0,0,0,1.07,1.05,1.05,1.07,1.07,0,0,0.000157,1.000000,0,0,0.000157,0.000100,0,0,0.050000,0.010000,0,0,0.050000,0.005000
F24017,1,1,100,1,1,1,0,0,0,0,0,0,0,0,1.07,1.05,1.05,1.07,1.07,0,0,0.000367,1.000000,0,0,0.000367,0.000100,0,0,0.050000,0.010000,0,0,0.050000,0.004244
F24019,1,1,100,1,1,1,0,0,0,0,0,0,0,0,1.07,1.05,1.05,1.07,1.07,0,0,0.000132,1.000000,0,0,0.000132,0.000100,0,0,0.050000,0.010000,0,0,0.050000,0.005000
F24021,1,1,100,1,1,1,0,0,0,0,0,0,0,0,1.07,1.05,1.05,1.07,1.07,0,0,0.000316,1.000000,0,0,0.000316,0.000100,0,0,0.050000,0.010000,0,0,0.050000,0.005000
F24023,1,1,100,1,1,1,0,0,0,0,0,0,0,0,1.07,1.05,1.05,1.07,1.07,0,0,0.000143,1.000000,0,0,0.000143,0.000100,0,0,0.050000,0.010000,0,0,0.050000,0.005000
F24025,1,1,100,1,1,1,0,0,0,0,0,0,0,0,1.07,1.05,1.05,1.07,1.07,0,0,0.000106,1.000000,0,0,0.000106,0.000100,0,0,0.050000,0.010000,0,0,0.050000,0.005000
F24027,1,1,100,1,1,1,0,0,0,0,0,0,0,0,1.07,1.05,1.05,1.07,1.07,0,0,0.000328,1.000000,0,0,0.000328,0.000100,0,0,0.050000,0.010000,0,0,0.050000,0.005000
F24029,1,1,100,1,1,1,0,0,0,0,0,0,0,0,1.07,1.05,1.05,1.07,1.07,0,0,0.000100,1.000000,0,0,0.000100,0.000100,0,0,0.050000,0.010000,0,0,0.050000,0.004936
F24031,1,1,100,1,1,1,0,0,0,0,0,0,0,0,1.07,1.05,1.05,1.07,1.07,0,0,0.000447,1.000000,0,0,0.000447,0.000100,0,0,0.050000,0.010000,0,0,0.050000,0.005000
F24033,1,1,100,1,1,1,0,0,0,0,0,0,0,0,1.07,1.05,1.05,1.07,1.07,0,0,0.000338,1.000000,0,0,0.000338,0.000100,0,0,0.050000,0.010000,0,0,0.050000,0.004846
F24035,1,1,100,1,1,1,0,0,0,0,0,0,0,0,1.07,1.05,1.05,1.07,1.07,0,0,0.000100,1.000000,0,0,0.000100,0.000100,0,0,0.050000,0.010000,0,0,0.050000,0.004923
F24037,1,1,100,1,1,1,0,0,0,0,0,0,0,0,1.07,1.05,1.05,1.07,1.07,0,0,0.000311,1.000000,0,0,0.000311,0.000100,0,0,0.050000,0.010000,0,0,0.050000,0.004286
F24039,1,1,100,1,1,1,0,0,0,0,0,0,0,0,1.07,1.05,1.05,1.07,1.07,0,0,0.000524,0.954231,0,0,0.000524,0.000105,0,0,0.050000,0.010000,0,0,0.050000,0.005000
F24041,1,1,100,1,1,1,0,0,0,0,0,0,0,0,1.07,1.05,1.05,1.07,1.07,0,0,0.000100,1.000000,0,0,0.000100,0.000100,0,0,0.050000,0.010000,0,0,0.050000,0.005000
F24043,1,1,100,1,1,1,0,0,0,0,0,0,0,0,1.07,1.05,1.05,1.07,1.07,0,0,0.000407,1.000000,0,0,0.000407,0.000100,0,0,0.050000,0.010000,0,0,0.050000,0.005000
F24045,1,1,100,1,1,1,0,0,0,0,0,0,0,0,1.07,1.05,1.05,1.07,1.07,0,0,0.000153,1.000000,0,0,0.000153,0.000100,0,0,0.050000,0.010000,0,0,0.050000,0.005000
F24510,1,1,100,1,1,1,0,0,0,0,0,0,0,0,1.07,1.05,1.05,1.07,1.07,0,0,0.000100,1.000000,0,0,0.000100,0.000100,0,0,0.050000,0.010000,0,0,0.050000,0.005000
F36003,1,1,100,1,1,1,0,0,0,0,0,0,0,0,1.07,1.05,1.05,1.07,1.07,0,0,0.000123,1.000000,0,0,0.000123,0.000100,0,0,0.050000,0.010000,0,0,0.050000,0.004440
F36007,1,1,100,1,1,1,0,0,0,0,0,0,0,0,1.07,1.05,1.05,1.07,1.07,0,0,0.000399,1.000000,0,0,0.000399,0.000100,0,0,0.050000,0.010000,0,0,0.050000,0.005000
F36015,1,1,100,1,1,1,0,0,0,0,0,0,0,0,1.07,1.05,1.05,1.07,1.07,0,0,0.000197,1.000000,0,0,0.000197,0.000100,0,0,0.050000,0.010000,0,0,0.050000,0.005000
F36025,1,1,100,1,1,1,0,0,0,0,0,0,0,0,1.07,1.05,1.05,1.07,1.07,0,0,0.000127,1.000000,0,0,0.000127,0.000100,0,0,0.050000,0.010000,0,0,0.050000,0.005000
F36101,1,1,100,1,1,1,0,0,0,0,0,0,0,0,1.07,1.05,1.05,1.07,1.07,0,0,0.000100,1.000000,0,0,0.000100,0.000100,0,0,0.050000,0.010000,0,0,0.050000,0.004412
F42001,1,1,100,1,1,1,0,0,0,0,0,0,0,0,1.07,1.05,1.05,1.07,1.07,0,0,0.000224,1.000000,0,0,0.000224,0.000100,0,0,0.050000,0.010000,0,0,0.050000,0.004286
F42009,1,1,100,1,1,1,0,0,0,0,0,0,0,0,1.07,1.05,1.05,1.07,1.07,0,0,0.000161,1.000000,0,0,0.000161,0.000100,0,0,0.050000,0.010000,0,0,0.050000,0.005000
F42011,1,1,100,1,1,1,0,0,0,0,0,0,0,0,1.07,1.05,1.05,1.07,1.07,0,0,0.000352,1.000000,0,0,0.000352,0.000100,0,0,0.050000,0.010000,0,0,0.050000,0.004261
F42013,1,1,100,1,1,1,0,0,0,0,0,0,0,0,1.07,1.05,1.05,1.07,1.07,0,0,0.000216,1.000000,0,0,0.000216,0.000100,0,0,0.050000,0.010000,0,0,0.050000,0.005000
F42021,1,1,100,1,1,1,0,0,0,0,0,0,0,0,1.07,1.05,1.05,1.07,1.07,0,0,0.000145,1.000000,0,0,0.000145,0.000100,0,0,0.050000,0.010000,0,0,0.050000,0.005000
F42027,1,1,100,1,1,1,0,0,0,0,0,0,0,0,1.07,1.05,1.05,1.07,1.07,0,0,0.000131,1.000000,0,0,0.000131,0.000100,0,0,0.050000,0.010000,0,0,0.050000,0.005000
F42033,1,1,100,1,1,1,0,0,0,0,0,0,0,0,1.07,1.05,1.05,1.07,1.07,0,0,0.000100,1.000000,0,0,0.000100,0.000100,0,0,0.050000,0.010000,0,0,0.050000,0.004665
F42035,1,1,100,1,1,1,0,0,0,0,0,0,0,0,1.07,1.05,1.05,1.07,1.07,0,0,0.000100,1.000000,0,0,0.000100,0.000100,0,0,0.050000,0.010000,0,0,0.050000,0.004604
F42041,1,1,100,1,1,1,0,0,0,0,0,0,0,0,1.07,1.05,1.05,1.07,1.07,0,0,0.000526,0.949788,0,0,0.000526,0.000105,0,0,0.050000,0.010000,0,0,0.050000,0.005000
F42043,1,1,100,1,1,1,0,0,0,0,0,0,0,0,1.07,1.05,1.05,1.07,1.07,0,0,0.000146,1.000000,0,0,0.000146,0.000100,0,0,0.050000,0.010000,0,0,0.050000,0.005000
F42055,1,1,100,1,1,1,0,0,0,0,0,0,0,0,1.07,1.05,1.05,1.07,1.07,0,0,0.000153,1.000000,0,0,0.000153,0.000100,0,0,0.050000,0.010000,0,0,0.050000,0.005000
F42061,1,1,100,1,1,1,0,0,0,0,0,0,0,0,1.07,1.05,1.05,1.07,1.07,0,0,0.000531,0.941064,0,0,0.000531,0.000106,0,0,0.050000,0.010000,0,0,0.050000,0.005000
F42069,1,1,100,1,1,1,0,0,0,0,0,0,0,0,1.07,1.05,1.05,1.07,1.07,0,0,0.000100,1.000000,0,0,0.000100,0.000100,0,0,0.050000,0.010000,0,0,0.050000,0.004667
F42071,1,1,100,1,1,1,0,0,0,0,0,0,0,0,1.07,1.05,1.05,1.07,1.07,0,0,0.000189,1.000000,0,0,0.000189,0.000100,0,0,0.050000,0.010000,0,0,0.050000,0.005000
F42075,1,1,100,1,1,1,0,0,0,0,0,0,0,0,1.07,1.05,1.05,1.07,1.07,0,0,0.000241,1.000000,0,0,0.000241,0.000100,0,0,0.050000,0.010000,0,0,0.050000,0.004541
F42079,1,1,100,1,1,1,0,0,0,0,0,0,0,0,1.07,1.05,1.05,1.07,1.07,0,0,0.000167,1.000000,0,0,0.000167,0.000100,0,0,0.050000,0.010000,0,0,0.050000,0.005000
F42081,1,1,100,1,1,1,0,0,0,0,0,0,0,0,1.07,1.05,1.05,1.07,1.07,0,0,0.000106,1.000000,0,0,0.000106,0.000100,0,0,0.050000,0.010000,0,0,0.050000,0.005000
F42087,1,1,100,1,1,1,0,0,0,0,0,0,0,0,1.07,1.05,1.05,1.07,1.07,0,0,0.000208,1.000000,0,0,0.000208,0.000100,0,0,0.050000,0.010000,0,0,0.050000,0.005000
F42097,1,1,100,1,1,1,0,0,0,0,0,0,0,0,1.07,1.05,1.05,1.07,1.07,0,0,0.000124,1.000000,0,0,0.000124,0.000100,0,0,0.050000,0.010000,0,0,0.050000,0.005000
F42107,1,1,100,1,1,1,0,0,0,0,0,0,0,0,1.07,1.05,1.05,1.07,1.07,0,0,0.000106,1.000000,0,0,0.000106,0.000100,0,0,0.050000,0.010000,0,0,0.050000,0.005000
F42115,1,1,100,1,1,1,0,0,0,0,0,0,0,0,1.07,1.05,1.05,1.07,1.07,0,0,0.000126,1.000000,0,0,0.000126,0.000100,0,0,0.050000,0.010000,0,0,0.050000,0.005000
F42117,1,1,100,1,1,1,0,0,0,0,0,0,0,0,1.07,1.05,1.05,1.07,1.07,0,0,0.000190,1.000000,0,0,0.000190,0.000100,0,0,0.050000,0.010000,0,0,0.050000,0.005000
F42119,1,1,100,1,1,1,0,0,0,0,0,0,0,0,1.07,1.05,1.05,1.07,1.07,0,0,0.000127,1.000000,0,0,0.000127,0.000100,0,0,0.050000,0.010000,0,0,0.050000,0.005000
F42133,1,1,100,1,1,1,0,0,0,0,0,0,0,0,1.07,1.05,1.05,1.07,1.07,0,0,0.000296,1.000000,0,0,0.000296,0.000100,0,0,0.050000,0.010000,0,0,0.050000,0.005000
F51001,1,1,100,1,1,1,0,0,0,0,0,0,0,0,1.07,1.05,1.05,1.07,1.07,0,0,0.000359,1.000000,0,0,0.000359,0.000100,0,0,0.050000,0.010000,0,0,0.050000,0.005000
F51003,1,1,100,1,1,1,0,0,0,0,0,0,0,0,1.07,1.05,1.05,1.07,1.07,0,0,0.000100,1.000000,0,0,0.000100,0.000100,0,0,0.050000,0.010000,0,0,0.050000,0.005000
F51005,1,1,100,1,1,1,0,0,0,0,0,0,0,0,1.07,1.05,1.05,1.07,1.07,0,0,0.000100,1.000000,0,0,0.000100,0.000100,0,0,0.050000,0.010000,0,0,0.050000,0.005000
F51009,1,1,100,1,1,1,0,0,0,0,0,0,0,0,1.07,1.05,1.05,1.07,1.07,0,0,0.000100,1.000000,0,0,0.000100,0.000100,0,0,0.050000,0.010000,0,0,0.050000,0.005000
F51011,1,1,100,1,1,1,0,0,0,0,0,0,0,0,1.07,1.05,1.05,1.07,1.07,0,0,0.002989,0.167272,0,0,0.002989,0.000598,0,0,0.050000,0.010000,0,0,0.050000,0.005000
F51013,1,1,100,1,1,1,0,0,0,0,0,0,0,0,1.07,1.05,1.05,1.07,1.07,0,0,0.000208,1.000000,0,0,0.000208,0.000100,0,0,0.050000,0.010000,0,0,0.050000,0.004305
F51015,1,1,100,1,1,1,0,0,0,0,0,0,0,0,1.07,1.05,1.05,1.07,1.07,0,0,0.000332,1.000000,0,0,0.000332,0.000100,0,0,0.050000,0.010000,0,0,0.050000,0.005000
F51017,1,1,100,1,1,1,0,0,0,0,0,0,0,0,1.07,1.05,1.05,1.07,1.07,0,0,0.000191,1.000000,0,0,0.000191,0.000100,0,0,0.050000,0.010000,0,0,0.050000,0.004724
F51019,1,1,100,1,1,1,0,0,0,0,0,0,0,0,1.07,1.05,1.05,1.07,1.07,0,0,0.000522,0.958840,0,0,0.000522,0.000104,0,0,0.050000,0.010000,0,0,0.050000,0.005000
F51023,1,1,100,1,1,1,0,0,0,0,0,0,0,0,1.07,1.05,1.05,1.07,1.07,0,0,0.000265,1.000000,0,0,0.000265,0.000100,0,0,0.050000,0.010000,0,0,0.050000,0.005000
F51033,1,1,100,1,1,1,0,0,0,0,0,0,0,0,1.07,1.05,1.05,1.07,1.07,0,0,0.000100,1.000000,0,0,0.000100,0.000100,0,0,0.050000,0.010000,0,0,0.050000,0.005000
F51041,1,1,100,1,1,1,0,0,0,0,0,0,0,0,1.07,1.05,1.05,1.07,1.07,0,0,0.000238,1.000000,0,0,0.000238,0.000100,0,0,0.050000,0.010000,0,0,0.050000,0.005000
F51043,1,1,100,1,1,1,0,0,0,0,0,0,0,0,1.07,1.05,1.05,1.07,1.07,0,0,0.000829,0.603328,0,0,0.000829,0.000166,0,0,0.050000,0.010000,0,0,0.050000,0.005000
F51045,1,1,100,1,1,1,0,0,0,0,0,0,0,0,1.07,1.05,1.05,1.07,1.07,0,0,0.000102,1.000000,0,0,0.000102,0.000100,0,0,0.050000,0.010000,0,0,0.050000,0.005000
F51053,1,1,100,1,1,1,0,0,0,0,0,0,0,0,1.07,1.05,1.05,1.07,1.07,0,0,0.002615,0.191209,0,0,0.002615,0.000523,0,0,0.050000,0.010000,0,0,0.050000,0.004476
F51057,1,1,100,1,1,1,0,0,0,0,0,0,0,0,1.07,1.05,1.05,1.07,1.07,0,0,0.000100,1.000000,0,0,0.000100,0.000100,0,0,0.050000,0.010000,0,0,0.050000,0.004374
F51059,1,1,100,1,1,1,0,0,0,0,0,0,0,0,1.07,1.05,1.05,1.07,1.07,0,0,0.000246,1.000000,0,0,0.000246,0.000100,0,0,0.050000,0.010000,0,0,0.050000,0.005000
F51061,1,1,100,1,1,1,0,0,0,0,0,0,0,0,1.07,1.05,1.05,1.07,1.07,0,0,0.000100,1.000000,0,0,0.000100,0.000100,0,0,0.050000,0.010000,0,0,0.050000,0.004398
F51069,1,1,100,1,1,1,0,0,0,0,0,0,0,0,1.07,1.05,1.05,1.07,1.07,0,0,0.000127,1.000000,0,0,0.000127,0.000100,0,0,0.050000,0.010000,0,0,0.050000,0.005000
F51071,1,1,100,1,1,1,0,0,0,0,0,0,0,0,1.07,1.05,1.05,1.07,1.07,0,0,0.000100,1.000000,0,0,0.000100,0.000100,0,0,0.050000,0.010000,0,0,0.050000,0.005000
F51079,1,1,100,1,1,1,0,0,0,0,0,0,0,0,1.07,1.05,1.05,1.07,1.07,0,0,0.000147,1.000000,0,0,0.000147,0.000100,0,0,0.050000,0.010000,0,0,0.050000,0.005000
F51085,1,1,100,1,1,1,0,0,0,0,0,0,0,0,1.07,1.05,1.05,1.07,1.07,0,0,0.000795,0.629252,0,0,0.000795,0.000159,0,0,0.050000,0.010000,0,0,0.050000,0.004476
F51087,1,1,100,1,1,1,0,0,0,0,0,0,0,0,1.07,1.05,1.05,1.07,1.07,0,0,0.000304,1.000000,0,0,0.000304,0.000100,0,0,0.050000,0.010000,0,0,0.050000,0.004444
F51091,1,1,100,1,1,1,0,0,0,0,0,0,0,0,1.07,1.05,1.05,1.07,1.07,0,0,0.000379,1.000000,0,0,0.000379,0.000100,0,0,0.050000,0.010000,0,0,0.050000,0.004223
F51095,1,1,100,1,1,1,0,0,0,0,0,0,0,0,1.07,1.05,1.05,1.07,1.07,0,0,0.000121,1.000000,0,0,0.000121,0.000100,0,0,0.050000,0.010000,0,0,0.050000,0.004255
F51099,1,1,100,1,1,1,0,0,0,0,0,0,0,0,1.07,1.05,1.05,1.07,1.07,0,0,0.000100,1.000000,0,0,0.000100,0.000100,0,0,0.050000,0.010000,0,0,0.050000,0.004374
F51101,1,1,100,1,1,1,0,0,0,0,0,0,0,0,1.07,1.05,1.05,1.07,1.07,0,0,0.000124,1.000000,0,0,0.000124,0.000100,0,0,0.050000,0.010000,0,0,0.050000,0.005000
F51107,1,1,100,1,1,1,0,0,0,0,0,0,0,0,1.07,1.05,1.05,1.07,1.07,0,0,0.001938,0.258046,0,0,0.001938,0.000388,0,0,0.050000,0.010000,0,0,0.050000,0.005000
F51113,1,1,100,1,1,1,0,0,0,0,0,0,0,0,1.07,1.05,1.05,1.07,1.07,0,0,0.000205,1.000000,0,0,0.000205,0.000100,0,0,0.050000,0.010000,0,0,0.050000,0.005000
F51121,1,1,100,1,1,1,0,0,0,0,0,0,0,0,1.07,1.05,1.05,1.07,1.07,0,0,0.000300,1.000000,0,0,0.000300,0.000100,0,0,0.050000,0.010000,0,0,0.050000,0.005000
F51125,1,1,100,1,1,1,0,0,0,0,0,0,0,0,1.07,1.05,1.05,1.07,1.07,0,0,0.000212,1.000000,0,0,0.000212,0.000100,0,0,0.050000,0.010000,0,0,0.050000,0.005000
F51131,1,1,100,1,1,1,0,0,0,0,0,0,0,0,1.07,1.05,1.05,1.07,1.07,0,0,0.000226,1.000000,0,0,0.000226,0.000100,0,0,0.050000,0.010000,0,0,0.050000,0.005000
F51137,1,1,100,1,1,1,0,0,0,0,0,0,0,0,1.07,1.05,1.05,1.07,1.07,0,0,0.000172,1.000000,0,0,0.000172,0.000100,0,0,0.050000,0.010000,0,0,0.050000,0.005000
F51139,1,1,100,1,1,1,0,0,0,0,0,0,0,0,1.07,1.05,1.05,1.07,1.07,0,0,0.001390,0.359657,0,0,0.001390,0.000278,0,0,0.050000,0.010000,0,0,0.050000,0.005000
F51145,1,1,100,1,1,1,0,0,0,0,0,0,0,0,1.07,1.05,1.05,1.07,1.07,0,0,0.002896,0.172621,0,0,0.002896,0.000579,0,0,0.050000,0.010000,0,0,0.050000,0.005000
F51147,1,1,100,1,1,1,0,0,0,0,0,0,0,0,1.07,1.05,1.05,1.07,1.07,0,0,0.004938,0.101267,0,0,0.004938,0.000987,0,0,0.050000,0.010000,0,0,0.050000,0.005000
F51149,1,1,100,1,1,1,0,0,0,0,0,0,0,0,1.07,1.05,1.05,1.07,1.07,0,0,0.000156,1.000000,0,0,0.000156,0.000100,0,0,0.050000,0.010000,0,0,0.050000,0.004246
F51153,1,1,100,1,1,1,0,0,0,0,0,0,0,0,1.07,1.05,1.05,1.07,1.07,0,0,0.000258,1.000000,0,0,0.000258,0.000100,0,0,0.050000,0.010000,0,0,0.050000,0.003820
F51157,1,1,100,1,1,1,0,0,0,0,0,0,0,0,1.07,1.05,1.05,1.07,1.07,0,0,0.000234,1.000000,0,0,0.000234,0.000100,0,0,0.050000,0.010000,0,0,0.050000,0.005000
F51159,1,1,100,1,1,1,0,0,0,0,0,0,0,0,1.07,1.05,1.05,1.07,1.07,0,0,0.000100,1.000000,0,0,0.000100,0.000100,0,0,0.050000,0.010000,0,0,0.050000,0.004286
F51161,1,1,100,1,1,1,0,0,0,0,0,0,0,0,1.07,1.05,1.05,1.07,1.07,0,0,0.000351,1.000000,0,0,0.000351,0.000100,0,0,0.050000,0.010000,0,0,0.050000,0.004032
F51163,1,1,100,1,1,1,0,0,0,0,0,0,0,0,1.07,1.05,1.05,1.07,1.07,0,0,0.000757,0.660347,0,0,0.000757,0.000151,0,0,0.050000,0.010000,0,0,0.050000,0.005000
F51165,1,1,100,1,1,1,0,0,0,0,0,0,0,0,1.07,1.05,1.05,1.07,1.07,0,0,0.000431,1.000000,0,0,0.000431,0.000100,0,0,0.050000,0.010000,0,0,0.050000,0.005000
F51171,1,1,100,1,1,1,0,0,0,0,0,0,0,0,1.07,1.05,1.05,1.07,1.07,0,0,0.000576,0.868723,0,0,0.000576,0.000115,0,0,0.050000,0.010000,0,0,0.050000,0.005000
F51177,1,1,100,1,1,1,0,0,0,0,0,0,0,0,1.07,1.05,1.05,1.07,1.07,0,0,0.000263,1.000000,0,0,0.000263,0.000100,0,0,0.050000,0.010000,0,0,0.050000,0.005000
F51179,1,1,100,1,1,1,0,0,0,0,0,0,0,0,1.07,1.05,1.05,1.07,1.07,0,0,0.000256,1.000000,0,0,0.000256,0.000100,0,0,0.050000,0.010000,0,0,0.050000,0.004284
F51181,1,1,100,1,1,1,0,0,0,0,0,0,0,0,1.07,1.05,1.05,1.07,1.07,0,0,0.000142,1.000000,0,0,0.000142,0.000100,0,0,0.050000,0.010000,0,0,0.050000,0.004282
F51187,1,1,100,1,1,1,0,0,0,0,0,0,0,0,1.07,1.05,1.05,1.07,1.07,0,0,0.000846,0.590825,0,0,0.000846,0.000169,0,0,0.050000,0.010000,0,0,0.050000,0.005000
F51193,1,1,100,1,1,1,0,0,0,0,0,0,0,0,1.07,1.05,1.05,1.07,1.07,0,0,0.000100,1.000000,0,0,0.000100,0.000100,0,0,0.050000,0.010000,0,0,0.050000,0.004286
F51199,1,1,100,1,1,1,0,0,0,0,0,0,0,0,1.07,1.05,1.05,1.07,1.07,0,0,0.000119,1.000000,0,0,0.000119,0.000100,0,0,0.050000,0.010000,0,0,0.050000,0.004280
F51510,1,1,100,1,1,1,0,0,0,0,0,0,0,0,1.07,1.05,1.05,1.07,1.07,0,0,0.000100,1.000000,0,0,0.000100,0.000100,0,0,0.050000,0.010000,0,0,0.050000,0.005000
F51530,1,1,100,1,1,1,0,0,0,0,0,0,0,0,1.07,1.05,1.05,1.07,1.07,0,0,0.000119,1.000000,0,0,0.000119,0.000100,0,0,0.050000,0.010000,0,0,0.050000,0.005000
F51540,1,1,100,1,1,1,0,0,0,0,0,0,0,0,1.07,1.05,1.05,1.07,1.07,0,0,0.000261,1.000000,0,0,0.000261,0.000100,0,0,0.050000,0.010000,0,0,0.050000,0.005000
F51550,1,1,100,1,1,1,0,0,0,0,0,0,0,0,1.07,1.05,1.05,1.07,1.07,0,0,0.000100,1.000000,0,0,0.000100,0.000100,0,0,0.050000,0.010000,0,0,0.050000,0.004276
F51580,1,1,100,1,1,1,0,0,0,0,0,0,0,0,1.07,1.05,1.05,1.07,1.07,0,0,0.000188,1.000000,0,0,0.000188,0.000100,0,0,0.050000,0.010000,0,0,0.050000,0.005000
F51630,1,1,100,1,1,1,0,0,0,0,0,0,0,0,1.07,1.05,1.05,1.07,1.07,0,0,0.000157,1.000000,0,0,0.000157,0.000100,0,0,0.050000,0.010000,0,0,0.050000,0.005000
F51650,1,1,100,1,1,1,0,0,0,0,0,0,0,0,1.07,1.05,1.05,1.07,1.07,0,0,0.000100,1.000000,0,0,0.000100,0.000100,0,0,0.050000,0.010000,0,0,0.050000,0.004220
F51660,1,1,100,1,1,1,0,0,0,0,0,0,0,0,1.07,1.05,1.05,1.07,1.07,0,0,0.000100,1.000000,0,0,0.000100,0.000100,0,0,0.050000,0.010000,0,0,0.050000,0.005000
F51670,1,1,100,1,1,1,0,0,0,0,0,0,0,0,1.07,1.05,1.05,1.07,1.07,0,0,0.000100,1.000000,0,0,0.000100,0.000100,0,0,0.050000,0.010000,0,0,0.050000,0.004246
F51700,1,1,100,1,1,1,0,0,0,0,0,0,0,0,1.07,1.05,1.05,1.07,1.07,0,0,0.000106,1.000000,0,0,0.000106,0.000100,0,0,0.050000,0.010000,0,0,0.050000,0.004272
F51710,1,1,100,1,1,1,0,0,0,0,0,0,0,0,1.07,1.05,1.05,1.07,1.07,0,0,0.000698,0.716539,0,0,0.000698,0.000140,0,0,0.050000,0.010000,0,0,0.050000,0.004269
F51730,1,1,100,1,1,1,0,0,0,0,0,0,0,0,1.07,1.05,1.05,1.07,1.07,0,0,0.000100,1.000000,0,0,0.000100,0.000100,0,0,0.050000,0.010000,0,0,0.050000,0.004170
F51735,1,1,100,1,1,1,0,0,0,0,0,0,0,0,1.07,1.05,1.05,1.07,1.07,0,0,0.000100,1.000000,0,0,0.000100,0.000100,0,0,0.050000,0.010000,0,0,0.050000,0.004252
F51740,1,1,100,1,1,1,0,0,0,0,0,0,0,0,1.07,1.05,1.05,1.07,1.07,0,0,0.000100,1.000000,0,0,0.000100,0.000100,0,0,0.050000,0.010000,0,0,0.050000,0.004231
F51760,1,1,100,1,1,1,0,0,0,0,0,0,0,0,1.07,1.05,1.05,1.07,1.07,0,0,0.000109,1.000000,0,0,0.000109,0.000100,0,0,0.050000,0.010000,0,0,0.050000,0.004699
F51790,1,1,100,1,1,1,0,0,0,0,0,0,0,0,1.07,1.05,1.05,1.07,1.07,0,0,0.000110,1.000000,0,0,0.000110,0.000100,0,0,0.050000,0.010000,0,0,0.050000,0.005000
F51800,1,1,100,1,1,1,0,0,0,0,0,0,0,0,1.07,1.05,1.05,1.07,1.07,0,0,0.000462,1.000000,0,0,0.000462,0.000100,0,0,0.050000,0.010000,0,0,0.050000,0.004242
F51810,1,1,100,1,1,1,0,0,0,0,0,0,0,0,1.07,1.05,1.05,1.07,1.07,0,0,0.000100,1.000000,0,0,0.000100,0.000100,0,0,0.050000,0.010000,0,0,0.050000,0.004244
F51820,1,1,100,1,1,1,0,0,0,0,0,0,0,0,1.07,1.05,1.05,1.07,1.07,0,0,0.000100,1.000000,0,0,0.000100,0.000100,0,0,0.050000,0.010000,0,0,0.050000,0.005000
F51830,1,1,100,1,1,1,0,0,0,0,0,0,0,0,1.07,1.05,1.05,1.07,1.07,0,0,0.000100,1.000000,0,0,0.000100,0.000100,0,0,0.050000,0.010000,0,0,0.050000,0.004196
F54003,1,1,100,1,1,1,0,0,0,0,0,0,0,0,1.07,1.05,1.05,1.07,1.07,0,0,0.000100,1.000000,0,0,0.000100,0.000100,0,0,0.050000,0.010000,0,0,0.050000,0.005000
F54023,1,1,100,1,1,1,0,0,0,0,0,0,0,0,1.07,1.05,1.05,1.07,1.07,0,0,0.000100,1.000000,0,0,0.000100,0.000100,0,0,0.050000,0.010000,0,0,0.050000,0.005000
F54027,1,1,100,1,1,1,0,0,0,0,0,0,0,0,1.07,1.05,1.05,1.07,1.07,0,0,0.001217,0.410706,0,0,0.001217,0.000244,0,0,0.050000,0.010000,0,0,0.050000,0.005000
F54031,1,1,100,1,1,1,0,0,0,0,0,0,0,0,1.07,1.05,1.05,1.07,1.07,0,0,0.000944,0.529528,0,0,0.000944,0.000189,0,0,0.050000,0.010000,0,0,0.050000,0.005000
F54037,1,1,100,1,1,1,0,0,0,0,0,0,0,0,1.07,1.05,1.05,1.07,1.07,0,0,0.000365,1.000000,0,0,0.000365,0.000100,0,0,0.050000,0.010000,0,0,0.050000,0.005000
F54057,1,1,100,1,1,1,0,0,0,0,0,0,0,0,1.07,1.05,1.05,1.07,1.07,0,0,0.000127,1.000000,0,0,0.000127,0.000100,0,0,0.050000,0.010000,0,0,0.050000,0.005000
F54063,1,1,100,1,1,1,0,0,0,0,0,0,0,0,1.07,1.05,1.05,1.07,1.07,0,0,0.000204,1.000000,0,0,0.000204,0.000100,0,0,0.050000,0.010000,0,0,0.050000,0.005000
F54065,1,1,100,1,1,1,0,0,0,0,0,0,0,0,1.07,1.05,1.05,1.07,1.07,0,0,0.000336,1.000000,0,0,0.000336,0.000100,0,0,0.050000,0.010000,0,0,0.050000,0.005000
F54071,1,1,100,1,1,1,0,0,0,0,0,0,0,0,1.07,1.05,1.05,1.07,1.07,0,0,0.000382,1.000000,0,0,0.000382,0.000100,0,0,0.050000,0.010000,0,0,0.050000,0.005000
end,,,,,,,,,,,,,,,,,,,,,,,,,,,,,,,,,,,
